"","p_val","avg_logFC","pct.1","pct.2","p_val_adj","cluster","gene"
"CD14",0,0.590396421440284,0.649,0.541,0,"1","CD14"
"SMIM4",0,0.258592792708186,0.956,0.93,0,"1","SMIM4"
"CD63",0,0.207533950385261,1,1,0,"1","CD63"
"TREM2",0,0.201287734487239,0.952,0.825,0,"1","TREM2"
"SQLE",0,-0.209416792923968,0.378,0.572,0,"1","SQLE"
"MT-CYB",0,-0.212819219096507,1,1,0,"1","MT-CYB"
"FDFT1",0,-0.215363574217434,0.582,0.715,0,"1","FDFT1"
"ASPM",0,-0.226211984418813,0.012,0.104,0,"1","ASPM"
"FADS1",0,-0.227845241499004,0.555,0.688,0,"1","FADS1"
"CKS1B",0,-0.228617348039213,0.39,0.486,0,"1","CKS1B"
"CKB",0,-0.264976572519242,0.564,0.692,0,"1","CKB"
"CDK1",0,-0.268448523615351,0.048,0.15,0,"1","CDK1"
"FDPS",0,-0.272475492027981,0.74,0.814,0,"1","FDPS"
"SCD",0,-0.277237921836567,0.721,0.833,0,"1","SCD"
"UBE2C",0,-0.281012289992377,0.019,0.109,0,"1","UBE2C"
"TPX2",0,-0.282153061481542,0.081,0.188,0,"1","TPX2"
"ACAT2",0,-0.292438810398797,0.489,0.642,0,"1","ACAT2"
"TYMS",0,-0.324701771284898,0.054,0.163,0,"1","TYMS"
"CD1E",0,-0.418635635005431,0.289,0.457,0,"1","CD1E"
"CD207",0,-0.427375882208553,0.071,0.216,0,"1","CD207"
"CD1C",0,-0.431826427999136,0.517,0.658,0,"1","CD1C"
"TUBA1B",0,-0.434510051153348,0.995,0.996,0,"1","TUBA1B"
"MKI67",0,-0.43662474499203,0.029,0.132,0,"1","MKI67"
"TOP2A",0,-0.511758150920561,0.177,0.29,0,"1","TOP2A"
"HMGB2",1.5669113817521e-304,-0.384254587981415,0.488,0.538,3.76011724279051e-300,"1","HMGB2"
"MMP9",6.16658472033098e-304,0.416073245743306,0.399,0.326,1.47979533533782e-299,"1","MMP9"
"CENPF",2.6299830223252e-293,-0.450815896988184,0.127,0.219,6.31117025867377e-289,"1","CENPF"
"NT5DC2",2.52199813485195e-288,0.261395071825455,0.947,0.919,6.05203892420423e-284,"1","NT5DC2"
"PCLAF",4.37736666092253e-287,-0.346483403062795,0.122,0.219,1.05043667762158e-282,"1","PCLAF"
"RAB42",5.08470198971943e-260,0.241749479421403,0.628,0.523,1.22017593647297e-255,"1","RAB42"
"NUSAP1",1.67515677402939e-254,-0.257833489917332,0.178,0.256,4.01987371063832e-250,"1","NUSAP1"
"FCER1A",4.35302011899626e-253,-0.451601390745781,0.368,0.458,1.04459423795553e-248,"1","FCER1A"
"DUT",3.1051628052549e-251,-0.221350431763354,0.739,0.782,7.45145918377019e-247,"1","DUT"
"TUBB",7.86793338472399e-247,-0.350371939629149,0.955,0.962,1.88806797433222e-242,"1","TUBB"
"SELENOP",8.1673180769664e-211,-0.248789877397574,0.307,0.371,1.95991131892963e-206,"1","SELENOP"
"HIST1H4C",7.06447344599764e-207,-0.497430632958402,0.669,0.708,1.69526169283605e-202,"1","HIST1H4C"
"H2AFZ",3.10831388712698e-205,-0.303356061186343,0.991,0.993,7.45902083493862e-201,"1","H2AFZ"
"HLA-DQB1",3.3213672610538e-174,-0.250551801956885,0.617,0.609,7.97028501635081e-170,"1","HLA-DQB1"
"HMGB1",7.64084745943365e-158,-0.203847355488106,0.997,0.997,1.83357416484029e-153,"1","HMGB1"
"KPNA2",2.47181021099736e-154,-0.206913601710005,0.745,0.776,5.93160296333037e-150,"1","KPNA2"
"CD52",4.46843946928145e-152,0.264335698916656,0.375,0.334,1.07229141944347e-147,"1","CD52"
"HMGN2",2.13297544564967e-149,-0.251745173438702,0.954,0.959,5.11850117692552e-145,"1","HMGN2"
"LTB",9.0383307663725e-140,-0.222298113938977,0.486,0.556,2.16892823400641e-135,"1","LTB"
"STMN1",1.5331968437245e-137,-0.294236775492054,0.939,0.934,3.67921246588569e-133,"1","STMN1"
"GPNMB",7.10458859962083e-95,-0.37699766483462,0.221,0.223,1.70488812625101e-90,"1","GPNMB"
"HLA-DQA1",1.09671000372878e-92,-0.210753323984376,0.531,0.531,2.63177499594796e-88,"1","HLA-DQA1"
"HLA-DPB1",3.18323181033486e-85,-0.272377625378753,0.95,0.921,7.63880137526057e-81,"1","HLA-DPB1"
"ACY3",2.63794703139359e-79,-0.451548162615718,0.272,0.322,6.33028149123521e-75,"1","ACY3"
"HLA-DPA1",1.05506052188333e-40,-0.235541543970897,0.987,0.976,2.53182873436342e-36,"1","HLA-DPA1"
"GPNMB.1",0,1.23829856516825,0.553,0.161,0,"2","GPNMB"
"FUCA1",0,1.08873553490218,0.998,0.909,0,"2","FUCA1"
"CTSL",0,1.00713347744844,0.986,0.651,0,"2","CTSL"
"CTSB",0,0.948191758061025,0.999,0.974,0,"2","CTSB"
"SELENOP.1",0,0.923837063224717,0.771,0.273,0,"2","SELENOP"
"CTSD",0,0.91786200523471,1,0.988,0,"2","CTSD"
"ASAH1",0,0.915007814747374,0.999,0.949,0,"2","ASAH1"
"APOE",0,0.912719353930354,0.833,0.569,0,"2","APOE"
"MS4A7",0,0.912460154559388,0.995,0.856,0,"2","MS4A7"
"ABCA1",0,0.911719241665365,0.851,0.237,0,"2","ABCA1"
"LIPA",0,0.894112043895258,0.999,0.947,0,"2","LIPA"
"MTRNR2L1",0,0.793570261619841,0.992,0.949,0,"2","MTRNR2L1"
"GM2A",0,0.744817038708159,0.998,0.935,0,"2","GM2A"
"ADAMDEC1",0,0.720070894080576,0.771,0.31,0,"2","ADAMDEC1"
"VSIG4",0,0.702416667514631,0.853,0.391,0,"2","VSIG4"
"APOC1",0,0.69225140659899,0.806,0.677,0,"2","APOC1"
"NPL",0,0.678549836127853,0.946,0.579,0,"2","NPL"
"CD163",0,0.659966361245165,0.92,0.497,0,"2","CD163"
"STAB1",0,0.649004931304247,0.964,0.849,0,"2","STAB1"
"ARL4C",0,0.642204994906492,0.896,0.573,0,"2","ARL4C"
"CREG1",0,0.642184739276296,0.995,0.859,0,"2","CREG1"
"IGF1",0,0.633360476681556,0.857,0.53,0,"2","IGF1"
"CTSA",0,0.631492951451093,0.991,0.829,0,"2","CTSA"
"HMOX1",0,0.627072560334781,0.979,0.877,0,"2","HMOX1"
"PLA2G7",0,0.625259532395195,0.947,0.628,0,"2","PLA2G7"
"CD36",0,0.623989575296312,0.99,0.868,0,"2","CD36"
"GAPLINC",0,0.620242095937054,0.879,0.339,0,"2","GAPLINC"
"TREM2.1",0,0.616270818839239,0.996,0.841,0,"2","TREM2"
"CD68",0,0.60146338174448,0.996,0.911,0,"2","CD68"
"MTRNR2L8",0,0.600836491112126,0.997,0.987,0,"2","MTRNR2L8"
"PSAP",0,0.600131955987036,1,1,0,"2","PSAP"
"MAFB",0,0.599278572228979,0.985,0.794,0,"2","MAFB"
"DNASE2",0,0.581238924024067,0.979,0.836,0,"2","DNASE2"
"NRP1",0,0.575949652618889,0.949,0.601,0,"2","NRP1"
"NEAT1",0,0.575128514129943,0.994,0.991,0,"2","NEAT1"
"MRC1",0,0.574520730367113,0.801,0.255,0,"2","MRC1"
"DAB2",0,0.570813345446727,0.995,0.922,0,"2","DAB2"
"CTSS",0,0.570241940420652,1,0.997,0,"2","CTSS"
"LY96",0,0.568195008030906,0.963,0.703,0,"2","LY96"
"A2M",0,0.56418428065571,0.999,0.99,0,"2","A2M"
"ATP1B1",0,0.556821639191491,0.942,0.623,0,"2","ATP1B1"
"PLD3",0,0.554552476619708,0.999,0.944,0,"2","PLD3"
"TIMP2",0,0.552827638041787,0.997,0.948,0,"2","TIMP2"
"TGFBI",0,0.544105607191403,0.994,0.967,0,"2","TGFBI"
"MSR1",0,0.524671130372218,0.603,0.32,0,"2","MSR1"
"LGMN",0,0.522495044417971,0.81,0.507,0,"2","LGMN"
"FTL",0,0.522465738546535,1,1,0,"2","FTL"
"FCGR3A",0,0.518843054806418,0.652,0.204,0,"2","FCGR3A"
"RAP2B",0,0.51648760895921,0.905,0.596,0,"2","RAP2B"
"SLCO2B1",0,0.511329621695666,0.98,0.813,0,"2","SLCO2B1"
"MAF",0,0.491627170328004,0.996,0.949,0,"2","MAF"
"PMP22",0,0.489681208272797,0.879,0.479,0,"2","PMP22"
"PYGL",0,0.487293473100543,0.874,0.456,0,"2","PYGL"
"AP1B1",0,0.487189352155693,0.993,0.918,0,"2","AP1B1"
"SGPL1",0,0.487026099232268,0.86,0.466,0,"2","SGPL1"
"SLC11A1",0,0.481654734112177,0.844,0.406,0,"2","SLC11A1"
"TTYH3",0,0.481456376646465,0.973,0.836,0,"2","TTYH3"
"GYPC",0,0.480857892754149,0.476,0.132,0,"2","GYPC"
"CTSZ",0,0.479906159139945,0.999,0.997,0,"2","CTSZ"
"SCARB2",0,0.463558722490397,0.928,0.645,0,"2","SCARB2"
"MTRNR2L12",0,0.463303098372818,0.998,0.997,0,"2","MTRNR2L12"
"LAMP1",0,0.46266479052109,0.958,0.767,0,"2","LAMP1"
"GLMP",0,0.462662814843751,0.887,0.543,0,"2","GLMP"
"CD84",0,0.456326771982001,0.971,0.823,0,"2","CD84"
"MPP1",0,0.451768566124166,0.894,0.569,0,"2","MPP1"
"CPVL",0,0.44863776581336,0.955,0.718,0,"2","CPVL"
"SAT1",0,0.446949016782731,1,0.999,0,"2","SAT1"
"BMP2K",0,0.43816414426984,0.954,0.791,0,"2","BMP2K"
"GNB4",0,0.437359477321376,0.924,0.724,0,"2","GNB4"
"TGFBR1",0,0.434901697736971,0.984,0.922,0,"2","TGFBR1"
"GPR34",0,0.428548390488903,0.99,0.898,0,"2","GPR34"
"ABCC5",0,0.427789170311941,0.764,0.333,0,"2","ABCC5"
"FTH1",0,0.427051860171208,1,1,0,"2","FTH1"
"BRI3",0,0.425430288778733,1,0.999,0,"2","BRI3"
"GRN",0,0.425002670226116,1,0.999,0,"2","GRN"
"IGFBP4",0,0.422393169998605,0.691,0.317,0,"2","IGFBP4"
"SLC7A8",0,0.417445109644768,0.777,0.353,0,"2","SLC7A8"
"SDCBP",0,0.416591577939926,0.997,0.978,0,"2","SDCBP"
"PLXND1",0,0.413467697320402,0.734,0.247,0,"2","PLXND1"
"GNS",0,0.412846414198296,0.907,0.654,0,"2","GNS"
"PLIN2",0,0.402938798724699,0.729,0.421,0,"2","PLIN2"
"ATOX1",0,0.398774237895515,0.996,0.988,0,"2","ATOX1"
"ADAM9",0,0.396903126056599,0.932,0.718,0,"2","ADAM9"
"HTRA1",0,0.391927300599307,0.916,0.78,0,"2","HTRA1"
"RNASE6",0,0.390354168850977,0.999,0.996,0,"2","RNASE6"
"LAMP2",0,0.386472794139566,0.98,0.878,0,"2","LAMP2"
"RAB42.1",0,0.386297195543804,0.802,0.511,0,"2","RAB42"
"CTNNB1",0,0.382706763740444,0.973,0.874,0,"2","CTNNB1"
"SRGN",0,0.377589336705395,0.997,0.996,0,"2","SRGN"
"GALC",0,0.376701632815636,0.829,0.488,0,"2","GALC"
"MBD4",0,0.375696366933242,0.956,0.835,0,"2","MBD4"
"USP53",0,0.375591609158122,0.879,0.641,0,"2","USP53"
"GNPDA1",0,0.375561978248002,0.939,0.754,0,"2","GNPDA1"
"ATP6AP1",0,0.372296680703764,0.981,0.899,0,"2","ATP6AP1"
"UBA6",0,0.371310394836366,0.874,0.64,0,"2","UBA6"
"MMP14",0,0.369180145419279,0.975,0.89,0,"2","MMP14"
"RNF13",0,0.368735709666432,0.948,0.814,0,"2","RNF13"
"GCLC",0,0.367526018725034,0.926,0.754,0,"2","GCLC"
"GLUL",0,0.363033844681586,0.821,0.604,0,"2","GLUL"
"M6PR",0,0.362772743134974,0.995,0.979,0,"2","M6PR"
"SLC15A3",0,0.361461941140429,0.904,0.668,0,"2","SLC15A3"
"ABCG1",0,0.360431798498343,0.601,0.153,0,"2","ABCG1"
"RNASE1",0,0.358813702716434,0.167,0.044,0,"2","RNASE1"
"SERPINF1",0,0.358008879549935,0.985,0.928,0,"2","SERPINF1"
"LACC1",0,0.356329265119547,0.997,0.966,0,"2","LACC1"
"SNX6",0,0.355936799577286,0.984,0.922,0,"2","SNX6"
"PLXDC2",0,0.355605121477104,0.998,0.989,0,"2","PLXDC2"
"MFSD1",0,0.355330136862709,0.993,0.956,0,"2","MFSD1"
"ENG",0,0.353648331318118,0.996,0.985,0,"2","ENG"
"ANXA6",0,0.352653613427122,0.882,0.628,0,"2","ANXA6"
"CCR1",0,0.350857188642146,0.921,0.725,0,"2","CCR1"
"SDC2",0,0.349568670031985,0.585,0.213,0,"2","SDC2"
"FCGR2A",0,0.347248616273241,0.936,0.787,0,"2","FCGR2A"
"HEXA",0,0.346060662966758,0.992,0.953,0,"2","HEXA"
"PDE4DIP",0,0.345814559414564,0.706,0.342,0,"2","PDE4DIP"
"PRKAR1A",0,0.343733774006901,0.98,0.923,0,"2","PRKAR1A"
"CMKLR1",0,0.343582235862084,0.949,0.806,0,"2","CMKLR1"
"MARCKS",0,0.343530721416478,1,0.99,0,"2","MARCKS"
"SMYD3",0,0.343017751096669,0.805,0.617,0,"2","SMYD3"
"MMD",0,0.340866275373363,0.868,0.585,0,"2","MMD"
"BEX3",0,0.340788491990188,0.432,0.215,0,"2","BEX3"
"ATP6V1F",0,0.340566428080447,1,0.999,0,"2","ATP6V1F"
"ATP6V0D2",0,0.3401704561197,0.52,0.106,0,"2","ATP6V0D2"
"TNFRSF14",0,0.338808274207141,0.877,0.656,0,"2","TNFRSF14"
"ADA2",0,0.337986727386057,0.899,0.708,0,"2","ADA2"
"HIF1A",0,0.336469821274987,0.949,0.834,0,"2","HIF1A"
"SMPDL3A",0,0.335283685037933,0.547,0.137,0,"2","SMPDL3A"
"SQSTM1",0,0.335133252680771,0.955,0.845,0,"2","SQSTM1"
"NCOA4",0,0.334427096052642,0.986,0.93,0,"2","NCOA4"
"PILRA",0,0.331590099957965,0.975,0.862,0,"2","PILRA"
"SH3PXD2A",0,0.331569169996679,0.789,0.439,0,"2","SH3PXD2A"
"TMEM144",0,0.330731154440355,0.823,0.545,0,"2","TMEM144"
"ZEB2",0,0.330115245785359,0.944,0.821,0,"2","ZEB2"
"TGFBR2",0,0.32940312807423,0.931,0.761,0,"2","TGFBR2"
"DOCK4",0,0.329199947029017,0.965,0.862,0,"2","DOCK4"
"PRNP",0,0.328734827136984,0.849,0.585,0,"2","PRNP"
"SERINC1",0,0.328685290385652,0.951,0.826,0,"2","SERINC1"
"NPC2",0,0.327838691004833,1,1,0,"2","NPC2"
"MERTK",0,0.327240309059793,0.725,0.346,0,"2","MERTK"
"LRP1",0,0.324208750663222,0.902,0.687,0,"2","LRP1"
"PABPC4",0,0.322534783147763,0.963,0.891,0,"2","PABPC4"
"BLVRB",0,0.319854336463037,0.975,0.901,0,"2","BLVRB"
"QKI",0,0.319210096514887,0.996,0.981,0,"2","QKI"
"TMEM251",0,0.318870289298187,0.852,0.627,0,"2","TMEM251"
"GAS7",0,0.318543770382999,0.853,0.587,0,"2","GAS7"
"MGAT1",0,0.316611517260444,0.932,0.79,0,"2","MGAT1"
"ARL6IP1",0,0.315669731178992,0.974,0.876,0,"2","ARL6IP1"
"CREBRF",0,0.313229692378227,0.777,0.541,0,"2","CREBRF"
"C4orf48",0,0.312156217967164,0.993,0.966,0,"2","C4orf48"
"FAM20C",0,0.311820788116581,0.87,0.7,0,"2","FAM20C"
"APLP2",0,0.311077872398474,0.975,0.893,0,"2","APLP2"
"PDK4",0,0.31045743450583,0.575,0.233,0,"2","PDK4"
"ZMAT3",0,0.309978724240778,0.896,0.763,0,"2","ZMAT3"
"ZSCAN16-AS1",0,0.308208560053753,0.824,0.608,0,"2","ZSCAN16-AS1"
"LINC01094",0,0.308105241866993,0.616,0.231,0,"2","LINC01094"
"HSD17B14",0,0.308077503478243,0.851,0.569,0,"2","HSD17B14"
"FOLR2",0,0.306950967849597,0.44,0.143,0,"2","FOLR2"
"HSD17B4",0,0.303658984355335,0.927,0.809,0,"2","HSD17B4"
"AKR1B1",0,0.303469531380946,0.994,0.972,0,"2","AKR1B1"
"RGS1",0,0.303303921243996,0.435,0.192,0,"2","RGS1"
"RAB31",0,0.301598835217116,0.994,0.975,0,"2","RAB31"
"C5AR1",0,0.300999505217659,0.724,0.488,0,"2","C5AR1"
"C1QA",0,0.300066226749597,1,0.999,0,"2","C1QA"
"TLR4",0,0.299194039287319,0.846,0.594,0,"2","TLR4"
"TMEM123",0,0.297099846998455,0.982,0.932,0,"2","TMEM123"
"IQGAP2",0,0.297021500390502,0.891,0.74,0,"2","IQGAP2"
"C6orf62",0,0.295575226031373,0.975,0.926,0,"2","C6orf62"
"IDH1",0,0.295492679511463,0.931,0.784,0,"2","IDH1"
"WWP1",0,0.294646393079626,0.796,0.526,0,"2","WWP1"
"EEPD1",0,0.292517372335577,0.674,0.289,0,"2","EEPD1"
"FCGR1A",0,0.292292278410723,0.918,0.691,0,"2","FCGR1A"
"ATP6AP2",0,0.28840335588823,0.998,0.997,0,"2","ATP6AP2"
"OTOA",0,0.288108819396402,0.413,0.097,0,"2","OTOA"
"SEZ6L2",0,0.287568028431661,0.652,0.305,0,"2","SEZ6L2"
"AKAP6",0,0.287245693992207,0.594,0.189,0,"2","AKAP6"
"GPX4",0,0.286046704063363,1,0.999,0,"2","GPX4"
"SLC40A1",0,0.283916711657242,0.703,0.479,0,"2","SLC40A1"
"KCTD12",0,0.282543442626549,0.998,0.99,0,"2","KCTD12"
"ATP6V1B2",0,0.281475780043954,0.987,0.94,0,"2","ATP6V1B2"
"UBASH3B",0,0.281470042862515,0.735,0.418,0,"2","UBASH3B"
"CDKN1A",0,0.280829971003949,0.821,0.62,0,"2","CDKN1A"
"CLTC",0,0.27983252925457,0.991,0.959,0,"2","CLTC"
"ITGAV",0,0.278741685087891,0.819,0.574,0,"2","ITGAV"
"TNFRSF1B",0,0.278620850481581,0.974,0.922,0,"2","TNFRSF1B"
"PLXNC1",0,0.277270352697857,0.955,0.885,0,"2","PLXNC1"
"TRDN",0,0.276218901381952,0.414,0.066,0,"2","TRDN"
"SLAMF8",0,0.275743568081155,0.748,0.429,0,"2","SLAMF8"
"CLN8",0,0.275013720682684,0.745,0.43,0,"2","CLN8"
"VEGFB",0,0.274645192651067,0.956,0.859,0,"2","VEGFB"
"COL4A3BP",0,0.274558548006593,0.833,0.645,0,"2","COL4A3BP"
"KCNAB2",0,0.274075606380343,0.846,0.628,0,"2","KCNAB2"
"TLR2",0,0.273997324708904,0.902,0.733,0,"2","TLR2"
"GATM",0,0.273957791819488,0.875,0.681,0,"2","GATM"
"GSTO1",0,0.273774035764473,0.977,0.932,0,"2","GSTO1"
"OSBPL1A",0,0.27257348060352,0.81,0.553,0,"2","OSBPL1A"
"TBC1D4",0,0.272563915012449,0.924,0.803,0,"2","TBC1D4"
"VAT1",0,0.271873026898627,0.601,0.285,0,"2","VAT1"
"CD63.1",0,0.271345726965938,1,1,0,"2","CD63"
"FABP3",0,0.269682953754497,0.441,0.091,0,"2","FABP3"
"FNIP2",0,0.269340508858432,0.782,0.566,0,"2","FNIP2"
"HNMT",0,0.269142817766091,0.836,0.591,0,"2","HNMT"
"NAGK",0,0.269128301937033,0.954,0.862,0,"2","NAGK"
"PLEKHB2",0,0.268586196940508,0.973,0.919,0,"2","PLEKHB2"
"TPP1",0,0.267043324949806,0.972,0.915,0,"2","TPP1"
"FCGRT",0,0.267004641378066,1,1,0,"2","FCGRT"
"OSTM1",0,0.266757360117838,0.814,0.567,0,"2","OSTM1"
"RGL1",0,0.266685528662551,0.733,0.441,0,"2","RGL1"
"MYO9B",0,0.266207314676386,0.925,0.797,0,"2","MYO9B"
"CPEB4",0,0.265806064169712,0.822,0.587,0,"2","CPEB4"
"RASSF4",0,0.265493336278603,0.954,0.853,0,"2","RASSF4"
"SAMSN1",0,0.264702877757792,0.979,0.911,0,"2","SAMSN1"
"ITM2B",0,0.260875798989071,1,1,0,"2","ITM2B"
"RENBP",0,0.259936760483192,0.684,0.342,0,"2","RENBP"
"CYFIP1",0,0.259039252982823,0.99,0.966,0,"2","CYFIP1"
"NISCH",0,0.2579870642956,0.893,0.705,0,"2","NISCH"
"ABHD12",0,0.257985542402887,0.941,0.815,0,"2","ABHD12"
"TSPAN4",0,0.257941449243375,0.691,0.378,0,"2","TSPAN4"
"CRYBB1",0,0.257443623394928,0.687,0.434,0,"2","CRYBB1"
"TCEAL9",0,0.256649315564113,0.433,0.142,0,"2","TCEAL9"
"RNASE2",0,0.256192398598725,0.716,0.445,0,"2","RNASE2"
"RNF149",0,0.254174194159712,0.942,0.837,0,"2","RNF149"
"SNX24",0,0.252798608752661,0.703,0.417,0,"2","SNX24"
"ADAM28",0,0.250723387316833,0.934,0.841,0,"2","ADAM28"
"ID3",0,0.250472143216228,0.91,0.702,0,"2","ID3"
"NCEH1",0,0.250220618714421,0.794,0.553,0,"2","NCEH1"
"ADORA3",0,0.249836276939304,0.952,0.862,0,"2","ADORA3"
"TPD52L2",0,0.249490979303949,0.81,0.563,0,"2","TPD52L2"
"NENF",0,0.247196282977973,0.945,0.846,0,"2","NENF"
"WDR26",0,0.244851377191943,0.887,0.738,0,"2","WDR26"
"SERPINB6",0,0.244642900869232,0.949,0.844,0,"2","SERPINB6"
"SLC38A6",0,0.244210379941577,0.562,0.214,0,"2","SLC38A6"
"NUAK1",0,0.243253951632536,0.593,0.305,0,"2","NUAK1"
"UBL3",0,0.243065875296113,0.895,0.756,0,"2","UBL3"
"ANOS1",0,0.242054959276611,0.921,0.815,0,"2","ANOS1"
"FAM45A",0,0.241691615121082,0.721,0.476,0,"2","FAM45A"
"RAB1A",0,0.241325970714541,0.909,0.776,0,"2","RAB1A"
"LHFPL2",0,0.239170741954902,0.72,0.465,0,"2","LHFPL2"
"PEBP1",0,0.239150338974654,0.987,0.971,0,"2","PEBP1"
"SORL1",0,0.236528760106102,0.673,0.436,0,"2","SORL1"
"LGALS3",0,0.235667396095709,0.614,0.374,0,"2","LGALS3"
"SGK1",0,0.235159926707129,0.734,0.515,0,"2","SGK1"
"N4BP2L2",0,0.234284008860973,0.986,0.965,0,"2","N4BP2L2"
"ATP6V0E1",0,0.23379823216579,1,0.999,0,"2","ATP6V0E1"
"SGTB",0,0.233689671697391,0.575,0.284,0,"2","SGTB"
"HEXB",0,0.232631305492383,0.913,0.799,0,"2","HEXB"
"GOLIM4",0,0.231255631442828,0.718,0.481,0,"2","GOLIM4"
"ADI1",0,0.231215717926059,0.954,0.896,0,"2","ADI1"
"RAB13",0,0.231088337381849,0.709,0.445,0,"2","RAB13"
"HAVCR2",0,0.230648847135105,0.938,0.852,0,"2","HAVCR2"
"OAT",0,0.230330718342955,0.811,0.617,0,"2","OAT"
"TP53INP1",0,0.229462369458382,0.673,0.421,0,"2","TP53INP1"
"MT-ND5",0,0.228845958055853,0.998,0.996,0,"2","MT-ND5"
"FNDC3B",0,0.227368799482503,0.658,0.391,0,"2","FNDC3B"
"PLA2G15",0,0.22546082096937,0.729,0.492,0,"2","PLA2G15"
"ATP6V1C1",0,0.224595065122692,0.859,0.697,0,"2","ATP6V1C1"
"CANX",0,0.224478101463137,0.992,0.973,0,"2","CANX"
"CNRIP1",0,0.22434423609462,0.536,0.199,0,"2","CNRIP1"
"KLHDC8B",0,0.223932359392552,0.456,0.134,0,"2","KLHDC8B"
"SDS",0,0.223519104046486,0.532,0.254,0,"2","SDS"
"NOP10",0,0.223311950293253,0.998,0.997,0,"2","NOP10"
"SEC22B",0,0.222761982476021,0.771,0.566,0,"2","SEC22B"
"LAPTM4A",0,0.222388761361599,0.965,0.907,0,"2","LAPTM4A"
"AMDHD2",0,0.221296537915615,0.709,0.451,0,"2","AMDHD2"
"SLC37A2",0,0.2210218089052,0.762,0.526,0,"2","SLC37A2"
"AAK1",0,0.220673754470956,0.948,0.858,0,"2","AAK1"
"KCNE3",0,0.220230419647445,0.79,0.589,0,"2","KCNE3"
"HS3ST1",0,0.220147120461255,0.673,0.444,0,"2","HS3ST1"
"CRTAP",0,0.220001835431066,0.835,0.664,0,"2","CRTAP"
"MNDA",0,0.21944490139633,0.466,0.234,0,"2","MNDA"
"KCTD7",0,0.218713666982311,0.772,0.571,0,"2","KCTD7"
"GGA1",0,0.217789324315282,0.756,0.547,0,"2","GGA1"
"ATP6V1G1",0,0.217015613647283,0.999,0.998,0,"2","ATP6V1G1"
"CALM3",0,0.216979966964388,0.973,0.918,0,"2","CALM3"
"HOMER3",0,0.216713958146049,0.555,0.246,0,"2","HOMER3"
"NINJ1",0,0.216513011040473,0.998,0.979,0,"2","NINJ1"
"TPST2",0,0.216334219472879,0.935,0.849,0,"2","TPST2"
"SNX27",0,0.215918012113616,0.849,0.68,0,"2","SNX27"
"AP2A2",0,0.215668049151427,0.773,0.559,0,"2","AP2A2"
"CSTB",0,0.21537128457504,0.999,0.999,0,"2","CSTB"
"SLC36A1",0,0.215184931231398,0.559,0.274,0,"2","SLC36A1"
"SLC11A2",0,0.214897379915598,0.782,0.577,0,"2","SLC11A2"
"MITF",0,0.214501032838201,0.56,0.27,0,"2","MITF"
"ZFAND5",0,0.214190906470089,0.864,0.733,0,"2","ZFAND5"
"WSB1",0,0.213643422925652,0.969,0.914,0,"2","WSB1"
"MYO5A",0,0.212980234019834,0.826,0.659,0,"2","MYO5A"
"GPR82",0,0.212178460934064,0.887,0.778,0,"2","GPR82"
"PECAM1",0,0.211844992325702,0.872,0.734,0,"2","PECAM1"
"KLHL24",0,0.210729435669511,0.662,0.431,0,"2","KLHL24"
"SUCNR1",0,0.210281112013523,0.43,0.165,0,"2","SUCNR1"
"ISCU",0,0.209240397876166,0.93,0.831,0,"2","ISCU"
"EVI2A",0,0.20802097829152,0.873,0.747,0,"2","EVI2A"
"NFE2L2",0,0.207742143910112,0.911,0.799,0,"2","NFE2L2"
"CD28",0,0.205448992678422,0.373,0.092,0,"2","CD28"
"EIF4A2",0,0.20225584878242,0.93,0.843,0,"2","EIF4A2"
"IGF2R",0,0.202143369637757,0.704,0.481,0,"2","IGF2R"
"SMIM30",0,0.201722649292544,0.914,0.806,0,"2","SMIM30"
"DMXL2",0,0.201352018189634,0.588,0.319,0,"2","DMXL2"
"UQCRB",0,0.201140706829028,1,1,0,"2","UQCRB"
"MGAT4A",0,0.20079791686967,0.85,0.711,0,"2","MGAT4A"
"SIGLEC1",0,0.200588016686261,0.33,0.07,0,"2","SIGLEC1"
"SFPQ",0,-0.200234208921238,0.883,0.927,0,"2","SFPQ"
"CCDC12",0,-0.200399559153778,0.552,0.739,0,"2","CCDC12"
"ERCC1",0,-0.201027954017683,0.805,0.887,0,"2","ERCC1"
"TPM3",0,-0.201592108173541,0.987,0.994,0,"2","TPM3"
"NT5C",0,-0.201778346506678,0.635,0.794,0,"2","NT5C"
"RPS18",0,-0.201923182324102,1,1,0,"2","RPS18"
"RPLP1",0,-0.202170430033242,1,1,0,"2","RPLP1"
"MCM5",0,-0.202386235511626,0.379,0.543,0,"2","MCM5"
"ETHE1",0,-0.202545404654447,0.849,0.923,0,"2","ETHE1"
"SRSF7",0,-0.202599165343783,0.835,0.892,0,"2","SRSF7"
"LMNB1",0,-0.202661000812621,0.087,0.343,0,"2","LMNB1"
"RPL14",0,-0.202764224085102,1,1,0,"2","RPL14"
"IGSF6",0,-0.203131825710291,0.943,0.983,0,"2","IGSF6"
"SNRPG",0,-0.203363057533715,0.943,0.975,0,"2","SNRPG"
"TPM4",0,-0.204092824541836,0.789,0.878,0,"2","TPM4"
"RPL11",0,-0.205630826477078,1,1,0,"2","RPL11"
"TGFB1",0,-0.205696584089494,0.904,0.948,0,"2","TGFB1"
"SNRPE",0,-0.205914898541134,0.818,0.902,0,"2","SNRPE"
"ARHGAP9",0,-0.20615595199061,0.687,0.824,0,"2","ARHGAP9"
"PDCD5",0,-0.206166532866786,0.809,0.896,0,"2","PDCD5"
"ACAP1",0,-0.206292378205586,0.238,0.489,0,"2","ACAP1"
"PA2G4",0,-0.206405252239504,0.84,0.898,0,"2","PA2G4"
"PFDN2",0,-0.207265750791552,0.894,0.954,0,"2","PFDN2"
"ARF5",0,-0.207708562354904,0.664,0.813,0,"2","ARF5"
"RPS16",0,-0.207855307717112,1,1,0,"2","RPS16"
"RHOC",0,-0.208341992899445,0.632,0.771,0,"2","RHOC"
"CCT2",0,-0.208686078680188,0.645,0.772,0,"2","CCT2"
"RPL6",0,-0.208969684854739,1,1,0,"2","RPL6"
"DRAP1",0,-0.209126647835247,0.957,0.984,0,"2","DRAP1"
"CD48",0,-0.209286655238443,0.77,0.89,0,"2","CD48"
"BANF1",0,-0.209709381024577,0.866,0.933,0,"2","BANF1"
"PHF19",0,-0.209807377040574,0.289,0.465,0,"2","PHF19"
"NDRG2",0,-0.209898197035852,0.859,0.93,0,"2","NDRG2"
"EIF3G",0,-0.210099608746379,0.929,0.971,0,"2","EIF3G"
"RPS5",0,-0.210413030240495,1,1,0,"2","RPS5"
"LSM7",0,-0.211510670023287,0.851,0.928,0,"2","LSM7"
"DNAJA1",0,-0.211799389216893,0.88,0.938,0,"2","DNAJA1"
"DNMT1",0,-0.212356789616129,0.724,0.829,0,"2","DNMT1"
"CBX3",0,-0.213275966715632,0.914,0.947,0,"2","CBX3"
"MTDH",0,-0.214234348327752,0.977,0.99,0,"2","MTDH"
"ARF3",0,-0.214285970272641,0.875,0.935,0,"2","ARF3"
"NOL7",0,-0.214543212299295,0.707,0.852,0,"2","NOL7"
"RPS3",0,-0.2161869786374,1,1,0,"2","RPS3"
"PAXX",0,-0.21733310048762,0.532,0.725,0,"2","PAXX"
"ARPC2",0,-0.217499089350861,1,1,0,"2","ARPC2"
"CCT5",0,-0.218446372373342,0.729,0.836,0,"2","CCT5"
"ALDH2",0,-0.218557721389045,0.947,0.971,0,"2","ALDH2"
"RPS2",0,-0.219246607085628,1,1,0,"2","RPS2"
"FAM129A",0,-0.219898215497588,0.088,0.38,0,"2","FAM129A"
"HNRNPAB",0,-0.220128930091823,0.814,0.882,0,"2","HNRNPAB"
"ARHGDIB",0,-0.221011475831858,0.993,0.997,0,"2","ARHGDIB"
"AKR7A2",0,-0.221952777281466,0.827,0.91,0,"2","AKR7A2"
"H2AFV",0,-0.222745280322816,0.946,0.971,0,"2","H2AFV"
"INSIG1",0,-0.224188421833399,0.342,0.517,0,"2","INSIG1"
"RBPJ",0,-0.224431511711075,0.916,0.955,0,"2","RBPJ"
"LSM4",0,-0.224935186550223,0.886,0.942,0,"2","LSM4"
"SET",0,-0.226568518925996,0.967,0.984,0,"2","SET"
"PSTPIP2",0,-0.22807571658916,0.729,0.838,0,"2","PSTPIP2"
"RPS19",0,-0.228227167839966,1,1,0,"2","RPS19"
"HNRNPM",0,-0.228850659508944,0.824,0.905,0,"2","HNRNPM"
"APEX1",0,-0.229713891705987,0.877,0.936,0,"2","APEX1"
"APRT",0,-0.230274830923368,0.975,0.992,0,"2","APRT"
"TOP1",0,-0.230719868833037,0.885,0.941,0,"2","TOP1"
"RPL4",0,-0.230807911332912,0.998,1,0,"2","RPL4"
"CKS1B.1",0,-0.231439814208702,0.356,0.474,0,"2","CKS1B"
"ANP32B",0,-0.231687124063655,0.912,0.947,0,"2","ANP32B"
"ARPC1B",0,-0.233070852499508,0.994,0.998,0,"2","ARPC1B"
"ENO1",0,-0.233128620223163,0.989,0.996,0,"2","ENO1"
"RPL7A",0,-0.233697752677266,1,1,0,"2","RPL7A"
"CIITA",0,-0.23443096135372,0.281,0.545,0,"2","CIITA"
"RPL8",0,-0.234514684115467,1,1,0,"2","RPL8"
"FUT7",0,-0.235361443839182,0.114,0.385,0,"2","FUT7"
"PSMB8",0,-0.235600302057855,0.432,0.666,0,"2","PSMB8"
"PRMT1",0,-0.235784089355085,0.68,0.831,0,"2","PRMT1"
"ITGB7",0,-0.236357783445621,0.907,0.957,0,"2","ITGB7"
"SNRPD1",0,-0.236680063243294,0.824,0.908,0,"2","SNRPD1"
"NUDT8",0,-0.236732419728263,0.211,0.474,0,"2","NUDT8"
"RAC2",0,-0.237081108712408,0.714,0.857,0,"2","RAC2"
"RPS14",0,-0.237202676856043,1,1,0,"2","RPS14"
"LGALS12",0,-0.237989667472263,0.296,0.582,0,"2","LGALS12"
"SRSF3",0,-0.240599448063734,0.848,0.916,0,"2","SRSF3"
"NHP2",0,-0.241019601945281,0.695,0.833,0,"2","NHP2"
"RPS7",0,-0.241223376233276,1,1,0,"2","RPS7"
"CAMK1",0,-0.241521474972078,0.911,0.963,0,"2","CAMK1"
"GNA15",0,-0.242341612175614,0.726,0.836,0,"2","GNA15"
"MZT2A",0,-0.242414200842733,0.746,0.858,0,"2","MZT2A"
"PARK7",0,-0.243096248996362,0.982,0.994,0,"2","PARK7"
"CFL1",0,-0.245960499822379,1,1,0,"2","CFL1"
"HNRNPA1",0,-0.246257598747916,0.981,0.992,0,"2","HNRNPA1"
"DDX21",0,-0.246908638668646,0.639,0.782,0,"2","DDX21"
"RPL5",0,-0.25038998135652,1,1,0,"2","RPL5"
"PPIB",0,-0.251671281721506,0.97,0.99,0,"2","PPIB"
"DCXR",0,-0.253468169969579,0.708,0.85,0,"2","DCXR"
"SLC18A2",0,-0.254967528787655,0.087,0.368,0,"2","SLC18A2"
"HNRNPA2B1",0,-0.255371420726813,0.996,0.998,0,"2","HNRNPA2B1"
"GTF3A",0,-0.258175743279569,0.882,0.949,0,"2","GTF3A"
"HSP90AB1",0,-0.260272606975751,0.992,0.997,0,"2","HSP90AB1"
"RPL22L1",0,-0.260622852942015,0.757,0.862,0,"2","RPL22L1"
"DCTPP1",0,-0.261359731061786,0.482,0.697,0,"2","DCTPP1"
"MT-ND6",0,-0.261478086162115,0.752,0.872,0,"2","MT-ND6"
"NDUFA12",0,-0.262934713598717,0.916,0.972,0,"2","NDUFA12"
"CLIC1",0,-0.264992899126453,0.994,0.999,0,"2","CLIC1"
"TPI1",0,-0.265119792851661,0.993,0.997,0,"2","TPI1"
"H3F3A",0,-0.265737929672301,1,1,0,"2","H3F3A"
"MIF",0,-0.266976409794824,0.677,0.827,0,"2","MIF"
"BHLHE41",0,-0.267098714470714,0.47,0.622,0,"2","BHLHE41"
"RPL23A",0,-0.268117552368285,1,1,0,"2","RPL23A"
"DHCR24",0,-0.268333391671424,0.277,0.553,0,"2","DHCR24"
"AL034397.3",0,-0.269102875082815,0.535,0.731,0,"2","AL034397.3"
"DEK",0,-0.269183160458678,0.849,0.9,0,"2","DEK"
"TLN1",0,-0.270568680389597,0.906,0.961,0,"2","TLN1"
"SNRPB",0,-0.271483846256158,0.885,0.949,0,"2","SNRPB"
"MYL12B",0,-0.271676279715192,0.997,0.999,0,"2","MYL12B"
"SUSD3",0,-0.27523267837454,0.774,0.896,0,"2","SUSD3"
"LINC01235",0,-0.275753263196006,0.747,0.899,0,"2","LINC01235"
"RANBP1",0,-0.276402721612194,0.753,0.858,0,"2","RANBP1"
"DBI",0,-0.276623854314933,0.99,0.997,0,"2","DBI"
"MSMO1",0,-0.27826781696211,0.229,0.484,0,"2","MSMO1"
"TYMS.1",0,-0.279063449877117,0.047,0.143,0,"2","TYMS"
"VIM",0,-0.279394601979593,0.997,0.998,0,"2","VIM"
"JCHAIN",0,-0.279889656731533,0.204,0.438,0,"2","JCHAIN"
"FXYD5",0,-0.280781194937306,0.87,0.943,0,"2","FXYD5"
"TMEM97",0,-0.282157241831196,0.444,0.662,0,"2","TMEM97"
"PPM1G",0,-0.282396058405959,0.785,0.898,0,"2","PPM1G"
"POU2F2",0,-0.283321553172307,0.711,0.838,0,"2","POU2F2"
"AIF1",0,-0.283918734207496,1,1,0,"2","AIF1"
"CDK2AP2",0,-0.284121840714705,0.734,0.875,0,"2","CDK2AP2"
"C1QBP",0,-0.28464597534922,0.875,0.946,0,"2","C1QBP"
"TSPO",0,-0.28492734077919,0.713,0.846,0,"2","TSPO"
"LST1",0,-0.288810768128425,1,1,0,"2","LST1"
"SDF2L1",0,-0.291264199091961,0.772,0.873,0,"2","SDF2L1"
"EIF5A",0,-0.291779201513446,0.834,0.925,0,"2","EIF5A"
"IDI1",0,-0.29184945127743,0.563,0.702,0,"2","IDI1"
"SMCO4",0,-0.293186558416837,0.508,0.744,0,"2","SMCO4"
"SH3BGRL3",0,-0.294685413426762,0.999,1,0,"2","SH3BGRL3"
"PRDX5",0,-0.297143831774765,0.972,0.993,0,"2","PRDX5"
"P2RY13",0,-0.297604699133568,0.379,0.655,0,"2","P2RY13"
"CCR6",0,-0.298670683299038,0.264,0.587,0,"2","CCR6"
"TLR10",0,-0.299801850943736,0.378,0.679,0,"2","TLR10"
"GAPDH",0,-0.300260332603901,1,1,0,"2","GAPDH"
"HMGCS1",0,-0.300514665669174,0.288,0.507,0,"2","HMGCS1"
"SQLE.1",0,-0.301721133482923,0.312,0.547,0,"2","SQLE"
"PTMS",0,-0.304494753477329,0.902,0.949,0,"2","PTMS"
"GSN",0,-0.305119907631509,0.989,0.998,0,"2","GSN"
"SUB1",0,-0.306153117254543,0.99,0.998,0,"2","SUB1"
"MS4A6A",0,-0.308469494843961,0.992,0.995,0,"2","MS4A6A"
"APBB1IP",0,-0.311408456252536,0.857,0.943,0,"2","APBB1IP"
"RPL18A",0,-0.313695784804502,1,1,0,"2","RPL18A"
"ARPC3",0,-0.313729657166784,1,1,0,"2","ARPC3"
"NME1",0,-0.313809239581336,0.678,0.848,0,"2","NME1"
"ANXA1",0,-0.314761976595235,0.768,0.873,0,"2","ANXA1"
"EEF1B2",0,-0.31531904173943,0.999,1,0,"2","EEF1B2"
"PSME2",0,-0.315676343161527,0.768,0.898,0,"2","PSME2"
"EHD1",0,-0.317521302720238,0.42,0.68,0,"2","EHD1"
"RPSA",0,-0.31904495617848,1,1,0,"2","RPSA"
"ADGRG1",0,-0.319935750726503,0.215,0.535,0,"2","ADGRG1"
"EMP3",0,-0.332059900485981,0.888,0.966,0,"2","EMP3"
"PAK1",0,-0.33626996085505,0.848,0.947,0,"2","PAK1"
"PPP1R14B",0,-0.340866559397609,0.865,0.949,0,"2","PPP1R14B"
"FADS1.1",0,-0.341640161232719,0.484,0.675,0,"2","FADS1"
"JUND",0,-0.342491407752275,0.956,0.983,0,"2","JUND"
"RPL10A",0,-0.342496901965224,0.997,0.999,0,"2","RPL10A"
"GPR84",0,-0.343054850905742,0.739,0.842,0,"2","GPR84"
"NCL",0,-0.343084545183044,0.968,0.988,0,"2","NCL"
"RAN",0,-0.345085241948657,0.959,0.987,0,"2","RAN"
"PCLAF.1",0,-0.345569902891334,0.091,0.206,0,"2","PCLAF"
"STK17A",0,-0.348419936983793,0.602,0.834,0,"2","STK17A"
"PTMA",0,-0.352817545647267,1,1,0,"2","PTMA"
"FDFT1.1",0,-0.353424358075301,0.491,0.706,0,"2","FDFT1"
"HMGB1.1",0,-0.354712711694192,0.992,0.998,0,"2","HMGB1"
"H2AFZ.1",0,-0.355126978427964,0.989,0.993,0,"2","H2AFZ"
"LDHA",0,-0.357305410278679,0.711,0.864,0,"2","LDHA"
"RFLNB",0,-0.358880060123156,0.616,0.826,0,"2","RFLNB"
"COTL1",0,-0.361664840559075,0.997,0.999,0,"2","COTL1"
"EBP",0,-0.368483438408915,0.503,0.747,0,"2","EBP"
"AP1S2",0,-0.370284710780744,0.738,0.88,0,"2","AP1S2"
"PKIB",0,-0.371078637897567,0.898,0.964,0,"2","PKIB"
"PYCARD",0,-0.375977825835013,0.989,0.996,0,"2","PYCARD"
"MKI67.1",0,-0.379553504725984,0.019,0.114,0,"2","MKI67"
"TIMP1",0,-0.379823800923982,0.93,0.977,0,"2","TIMP1"
"FILIP1L",0,-0.380311741665244,0.509,0.765,0,"2","FILIP1L"
"IFITM2",0,-0.392653484038394,0.576,0.804,0,"2","IFITM2"
"GAPT",0,-0.393789973184256,0.46,0.778,0,"2","GAPT"
"PLP2",0,-0.394463675819841,0.51,0.798,0,"2","PLP2"
"TMSB10",0,-0.395425052179901,1,1,0,"2","TMSB10"
"PFN1",0,-0.399959123431583,1,1,0,"2","PFN1"
"PSMC4",0,-0.401687120954263,0.942,0.975,0,"2","PSMC4"
"CX3CR1",0,-0.406306889691229,0.73,0.907,0,"2","CX3CR1"
"LCP1",0,-0.410784938591494,0.949,0.988,0,"2","LCP1"
"MIR503HG",0,-0.423548386531869,0.357,0.656,0,"2","MIR503HG"
"PPM1N",0,-0.424518527961794,0.466,0.743,0,"2","PPM1N"
"ACTB",0,-0.430162971392893,1,1,0,"2","ACTB"
"ACTG1",0,-0.438317032408741,0.999,1,0,"2","ACTG1"
"CORO1A",0,-0.442077360077448,0.989,0.997,0,"2","CORO1A"
"MT-ATP6",0,-0.442785782613993,0.999,1,0,"2","MT-ATP6"
"CKB.1",0,-0.44799507181191,0.458,0.687,0,"2","CKB"
"VASP",0,-0.45054496807802,0.816,0.952,0,"2","VASP"
"IL1B",0,-0.451476681807929,0.625,0.823,0,"2","IL1B"
"JAML",0,-0.454489437659323,0.64,0.833,0,"2","JAML"
"RGS16",0,-0.465160278657656,0.342,0.541,0,"2","RGS16"
"LSP1",0,-0.465335169364423,0.903,0.981,0,"2","LSP1"
"PLEKHO1",0,-0.477752847923436,0.851,0.965,0,"2","PLEKHO1"
"HLA-DMA",0,-0.482266964805687,0.736,0.912,0,"2","HLA-DMA"
"CD207.1",0,-0.482695272406828,0.027,0.196,0,"2","CD207"
"YWHAH",0,-0.489463393527794,0.981,0.992,0,"2","YWHAH"
"FDPS.1",0,-0.498425067729006,0.638,0.819,0,"2","FDPS"
"PPA1",0,-0.499903968976822,0.618,0.873,0,"2","PPA1"
"ACAT2.1",0,-0.506961151922537,0.298,0.648,0,"2","ACAT2"
"PRELID1",0,-0.54198484929884,0.976,0.997,0,"2","PRELID1"
"LTB.1",0,-0.553128609794123,0.278,0.581,0,"2","LTB"
"C12orf75",0,-0.568043743258626,0.952,0.987,0,"2","C12orf75"
"TUBA1B.1",0,-0.573262242720955,0.99,0.997,0,"2","TUBA1B"
"CD1E.1",0,-0.575048868075032,0.084,0.462,0,"2","CD1E"
"CKLF",0,-0.591487916030545,0.97,0.995,0,"2","CKLF"
"HERPUD1",0,-0.601688712736387,0.991,0.996,0,"2","HERPUD1"
"ASGR2",0,-0.60979148366398,0.768,0.948,0,"2","ASGR2"
"S100A8",0,-0.616639411048298,0.684,0.773,0,"2","S100A8"
"ICAM3",0,-0.631516344691013,0.62,0.91,0,"2","ICAM3"
"NCF1",0,-0.646570719978363,0.926,0.985,0,"2","NCF1"
"CD1C.1",0,-0.712898825964329,0.25,0.68,0,"2","CD1C"
"ALOX5AP",0,-0.713678061235097,1,1,0,"2","ALOX5AP"
"HLA-DQA1.1",0,-0.715950226903203,0.237,0.586,0,"2","HLA-DQA1"
"S100A4",0,-0.784668667038346,1,1,0,"2","S100A4"
"FCGBP",0,-0.817366694349245,0.665,0.816,0,"2","FCGBP"
"CD74",0,-0.845797918621292,0.999,1,0,"2","CD74"
"FCER1A.1",0,-0.84614626423833,0.174,0.477,0,"2","FCER1A"
"HLA-DQB1.1",0,-0.868780025513301,0.257,0.678,0,"2","HLA-DQB1"
"ACY3.1",0,-0.897665975758702,0.129,0.339,0,"2","ACY3"
"HLA-DRB1",0,-0.999856839389059,0.925,0.989,0,"2","HLA-DRB1"
"PLAC8",0,-1.11800736020629,0.634,0.939,0,"2","PLAC8"
"HLA-DRA",0,-1.19888137746068,0.921,0.989,0,"2","HLA-DRA"
"HLA-DPA1.1",0,-1.22520219243383,0.924,0.99,0,"2","HLA-DPA1"
"HLA-DPB1.1",0,-1.40166123720312,0.778,0.958,0,"2","HLA-DPB1"
"CLEC10A",1.48219693752374e-323,-0.296938679452483,0.068,0.222,3.55682799097572e-319,"2","CLEC10A"
"CCL3",7.0864358671643e-306,0.204925334015082,0.398,0.215,1.70053201504342e-301,"2","CCL3"
"FGL2",1.57161893339044e-303,-0.286496835749116,0.458,0.621,3.77141395445704e-299,"2","FGL2"
"MT-ND3",9.02102095333244e-303,-0.300895785614491,0.999,1,2.16477439817119e-298,"2","MT-ND3"
"S100A6",5.60572713192389e-300,-0.433215522938173,0.903,0.938,1.34520633984778e-295,"2","S100A6"
"ADAP2",8.95921212770333e-285,0.210005862743093,0.988,0.965,2.14994213428497e-280,"2","ADAP2"
"HIST1H4C.1",4.72891004872956e-281,-0.487944750747463,0.625,0.708,1.13479654439363e-276,"2","HIST1H4C"
"TPX2.1",1.39565455550053e-278,-0.238235838735846,0.08,0.167,3.34915223683463e-274,"2","TPX2"
"CENPF.1",1.43102450499497e-273,-0.405687992011465,0.116,0.204,3.43402950463644e-269,"2","CENPF"
"PTPRE",1.9176976902414e-271,-0.20566628717897,0.772,0.851,4.60189914727229e-267,"2","PTPRE"
"S100A10",2.54604273855145e-262,-0.428944210894113,0.849,0.877,6.10973875970191e-258,"2","S100A10"
"DUT.1",3.56444528548584e-260,-0.232593022146039,0.722,0.777,8.55359935158038e-256,"2","DUT"
"MARCKSL1",1.42480492993936e-248,-0.206945844705389,0.718,0.821,3.41910439037549e-244,"2","MARCKSL1"
"SLC29A1",4.44393613671057e-247,-0.216227402376748,0.596,0.665,1.06641135472643e-242,"2","SLC29A1"
"HMGN2.1",1.85347862291101e-236,-0.310745688693049,0.952,0.958,4.44779265139954e-232,"2","HMGN2"
"MTUS1",1.44877580378481e-234,0.210580769791384,0.884,0.774,3.4766272963424e-230,"2","MTUS1"
"NT5DC2.1",2.66694070821079e-228,-0.209016289151014,0.891,0.935,6.39985761749344e-224,"2","NT5DC2"
"TOP2A.1",9.97675642736738e-219,-0.29808989378101,0.348,0.236,2.39412223987535e-214,"2","TOP2A"
"BTG2",1.10177938499883e-212,-0.204026430055908,0.752,0.822,2.64393999018169e-208,"2","BTG2"
"MMP9.1",1.18420358526546e-211,-0.405710173660633,0.235,0.371,2.84173334356152e-207,"2","MMP9"
"HMGB2.1",9.52221203787567e-208,-0.320191095941246,0.509,0.525,2.28504522272902e-203,"2","HMGB2"
"TRPM4",2.11472772109123e-203,-0.239303448010912,0.407,0.538,5.07471211230261e-199,"2","TRPM4"
"MT-CO3",1.10204209456449e-202,-0.271977453815702,1,1,2.64457041432641e-198,"2","MT-CO3"
"IL18",2.14260792616816e-191,-0.207129576001847,0.632,0.725,5.14161624042573e-187,"2","IL18"
"S100A9",7.97490021046252e-189,-0.39300067908915,0.993,0.968,1.91373680350469e-184,"2","S100A9"
"NUSAP1.1",2.69770329961732e-183,-0.211992691372211,0.192,0.238,6.47367860809169e-179,"2","NUSAP1"
"CD9",3.97634281831009e-163,-0.227756304270568,0.695,0.819,9.54202986109873e-159,"2","CD9"
"STMN1.1",1.85421707168643e-144,-0.295687088801703,0.938,0.935,4.44956470692594e-140,"2","STMN1"
"CHI3L1",4.60121091590096e-119,-0.200907183362492,0.707,0.746,1.10415258348875e-114,"2","CHI3L1"
"TUBB.1",5.61908891037258e-119,-0.221847269353172,0.972,0.958,1.34841276582211e-114,"2","TUBB"
"CD52.1",2.3048281947227e-88,-0.23345539242269,0.279,0.36,5.53089621887607e-84,"2","CD52"
"SPP1",2.80764819902319e-45,0.242226230428236,0.971,0.987,6.73751338319594e-41,"2","SPP1"
"ACY3.2",0,1.05127762309399,0.494,0.275,0,"3","ACY3"
"PLAC8.1",0,0.603339608965972,0.999,0.873,0,"3","PLAC8"
"RGS16.1",0,0.600943425504265,0.747,0.47,0,"3","RGS16"
"HERPUD1.1",0,0.431761516245222,1,0.995,0,"3","HERPUD1"
"ICAM3.1",0,0.428662569359068,0.986,0.844,0,"3","ICAM3"
"ALOX5AP.1",0,0.397325264967088,1,1,0,"3","ALOX5AP"
"ADGRG1.1",0,0.381807304503629,0.777,0.435,0,"3","ADGRG1"
"C12orf75.1",0,0.370988660060316,0.999,0.979,0,"3","C12orf75"
"NCF1.1",0,0.367238975361187,0.999,0.971,0,"3","NCF1"
"S100A4.1",0,0.362762598436,1,1,0,"3","S100A4"
"ASGR2.1",0,0.360139835616087,0.988,0.908,0,"3","ASGR2"
"CKB.2",0,0.344596795880707,0.796,0.626,0,"3","CKB"
"RFLNB.1",0,0.341182665018116,0.93,0.77,0,"3","RFLNB"
"PLEKHO1.1",0,0.336918925048447,0.992,0.94,0,"3","PLEKHO1"
"CKLF.1",0,0.335914118935014,1,0.989,0,"3","CKLF"
"CORO1A.1",0,0.33234303992363,1,0.995,0,"3","CORO1A"
"CX3CR1.1",0,0.329065111433658,0.977,0.863,0,"3","CX3CR1"
"MIR503HG.1",0,0.32812267625546,0.803,0.576,0,"3","MIR503HG"
"COTL1.1",0,0.313510261781876,1,0.999,0,"3","COTL1"
"FUT7.1",0,0.308254030606323,0.609,0.297,0,"3","FUT7"
"PPA1.1",0,0.30708123094821,0.954,0.813,0,"3","PPA1"
"RPL10A.1",0,0.299259783371509,1,0.999,0,"3","RPL10A"
"PRELID1.1",0,0.298628736603911,0.999,0.992,0,"3","PRELID1"
"ACTG1.1",0,0.297380230535967,1,1,0,"3","ACTG1"
"IFITM2.1",0,0.294134419353858,0.919,0.743,0,"3","IFITM2"
"VASP.1",0,0.292318963973088,0.985,0.921,0,"3","VASP"
"TSPO.1",0,0.289970745077793,0.93,0.808,0,"3","TSPO"
"ACAT2.2",0,0.285567940355833,0.764,0.564,0,"3","ACAT2"
"JCHAIN.1",0,0.284793725207454,0.593,0.368,0,"3","JCHAIN"
"GPR84.1",0,0.282764495097567,0.916,0.81,0,"3","GPR84"
"YWHAH.1",0,0.281483134775868,0.999,0.989,0,"3","YWHAH"
"RPL18A.1",0,0.27537951528092,1,1,0,"3","RPL18A"
"PPP1R14B.1",0,0.273768365032293,0.981,0.928,0,"3","PPP1R14B"
"C1QBP.1",0,0.272627101218574,0.983,0.927,0,"3","C1QBP"
"NME1.1",0,0.270539329803159,0.934,0.802,0,"3","NME1"
"RPL5.1",0,0.264330323240514,1,1,0,"3","RPL5"
"PSMC4.1",0,0.26323790210474,0.986,0.967,0,"3","PSMC4"
"EEF1B2.1",0,0.261442376514012,1,1,0,"3","EEF1B2"
"NCL.1",0,0.258154936144336,0.995,0.983,0,"3","NCL"
"APBB1IP.1",0,0.25795334342437,0.979,0.921,0,"3","APBB1IP"
"IL1B.1",0,0.254798269207567,0.915,0.771,0,"3","IL1B"
"SUSD3.1",0,0.25042202526721,0.956,0.864,0,"3","SUSD3"
"PLP2.1",0,0.247791233966934,0.888,0.73,0,"3","PLP2"
"STK17A.1",0,0.247269601364849,0.918,0.777,0,"3","STK17A"
"ACTB.1",0,0.242305912865975,1,1,0,"3","ACTB"
"CD1C.2",0,0.237723516503567,0.823,0.577,0,"3","CD1C"
"APEX1.1",0,0.237226165747015,0.978,0.918,0,"3","APEX1"
"RPL3",0,0.236426658838603,1,1,0,"3","RPL3"
"LGALS12.1",0,0.236424423001281,0.741,0.502,0,"3","LGALS12"
"PYCARD.1",0,0.235824735891987,1,0.994,0,"3","PYCARD"
"AL034397.3.1",0,0.231778736229528,0.833,0.678,0,"3","AL034397.3"
"HSP90AB1.1",0,0.230538766465796,1,0.995,0,"3","HSP90AB1"
"RPS2.1",0,0.230010364205765,1,1,0,"3","RPS2"
"MIF.1",0,0.229949405167565,0.903,0.787,0,"3","MIF"
"LSP1.1",0,0.229293327878046,0.999,0.963,0,"3","LSP1"
"TLR10.1",0,0.227668923728918,0.812,0.601,0,"3","TLR10"
"FILIP1L.1",0,0.227557943113598,0.857,0.703,0,"3","FILIP1L"
"DDX21.1",0,0.227454902161524,0.865,0.741,0,"3","DDX21"
"RPL7A.1",0,0.226779580609977,1,1,0,"3","RPL7A"
"RPSA.1",0,0.225608432136257,1,1,0,"3","RPSA"
"RPL4.1",0,0.225234024146737,1,0.999,0,"3","RPL4"
"DBI.1",0,0.224626751859499,0.999,0.996,0,"3","DBI"
"MYBPH",0,0.223852611292263,0.482,0.265,0,"3","MYBPH"
"RPL23A.1",0,0.219329746429051,1,1,0,"3","RPL23A"
"CCR6.1",0,0.218934727518378,0.734,0.502,0,"3","CCR6"
"RPS14.1",0,0.217754228244703,1,1,0,"3","RPS14"
"TOP1.1",0,0.217701642157522,0.973,0.926,0,"3","TOP1"
"EBP.1",0,0.214414564337903,0.834,0.687,0,"3","EBP"
"RPL8.1",0,0.213589382845285,1,1,0,"3","RPL8"
"HLA-DPB1.2",0,0.211858879682657,0.994,0.919,0,"3","HLA-DPB1"
"NUDT8.1",0,0.210157367898971,0.621,0.401,0,"3","NUDT8"
"IL17RA",0,0.209625930277791,0.953,0.879,0,"3","IL17RA"
"GTF3A.1",0,0.209557046485132,0.978,0.932,0,"3","GTF3A"
"LCP1.1",0,0.209505513636429,0.997,0.98,0,"3","LCP1"
"RPL6.1",0,0.208924096104419,1,1,0,"3","RPL6"
"EIF5A.1",0,0.208663528366413,0.958,0.903,0,"3","EIF5A"
"FDFT1.2",0,0.205432531772173,0.799,0.651,0,"3","FDFT1"
"RPS18.1",0,0.205186195375743,1,1,0,"3","RPS18"
"APRT.1",0,0.204349525685894,0.998,0.988,0,"3","APRT"
"RPL18",0,0.203658573920181,1,1,0,"3","RPL18"
"RPS7.1",0,0.203012871444703,1,1,0,"3","RPS7"
"PSMB8.1",0,0.202454365260795,0.791,0.602,0,"3","PSMB8"
"ACAP1.1",0,0.201563195121763,0.642,0.417,0,"3","ACAP1"
"PSME2.1",0,0.200880087668882,0.946,0.866,0,"3","PSME2"
"HLA-DPA1.2",0,0.200723134465525,0.999,0.976,0,"3","HLA-DPA1"
"CCT2.1",0,0.200219946590016,0.859,0.734,0,"3","CCT2"
"B2M",0,-0.200677610488738,1,1,0,"3","B2M"
"WWP1.1",0,-0.205306881600816,0.387,0.599,0,"3","WWP1"
"HEXB.1",0,-0.205718206242956,0.717,0.834,0,"3","HEXB"
"ATP6V1B2.1",0,-0.209353710761355,0.916,0.953,0,"3","ATP6V1B2"
"LAPTM4A.1",0,-0.211011869245539,0.855,0.926,0,"3","LAPTM4A"
"ITGAV.1",0,-0.212991222712904,0.413,0.646,0,"3","ITGAV"
"MERTK.1",0,-0.21640871821052,0.167,0.446,0,"3","MERTK"
"SDC2.1",0,-0.217516227833872,0.056,0.308,0,"3","SDC2"
"CALM3.1",0,-0.220048967998579,0.889,0.933,0,"3","CALM3"
"RGL1.1",0,-0.220560264733317,0.254,0.526,0,"3","RGL1"
"TLR4.1",0,-0.222248759717598,0.427,0.668,0,"3","TLR4"
"ATP6AP2.1",0,-0.223538637138833,0.997,0.997,0,"3","ATP6AP2"
"MGAT1.1",0,-0.226246083464182,0.711,0.83,0,"3","MGAT1"
"PLXND1.1",0,-0.226249839005228,0.072,0.366,0,"3","PLXND1"
"NENF.1",0,-0.227108933361261,0.769,0.877,0,"3","NENF"
"SDS.1",0,-0.229243483198194,0.12,0.327,0,"3","SDS"
"IGFBP4.1",0,-0.231626700188344,0.19,0.407,0,"3","IGFBP4"
"HNMT.1",0,-0.23188108267023,0.439,0.662,0,"3","HNMT"
"GALC.1",0,-0.233266520957629,0.331,0.577,0,"3","GALC"
"ABHD12.1",0,-0.233622706569518,0.727,0.853,0,"3","ABHD12"
"VEGFB.1",0,-0.234859813417678,0.794,0.888,0,"3","VEGFB"
"ATP6AP1.1",0,-0.235682298138084,0.869,0.92,0,"3","ATP6AP1"
"TMEM251.1",0,-0.235955504268947,0.521,0.687,0,"3","TMEM251"
"MMP14.1",0,-0.236295476356123,0.863,0.911,0,"3","MMP14"
"RNF13.1",0,-0.236572099025786,0.746,0.85,0,"3","RNF13"
"IL10RA",0,-0.237825041872846,0.507,0.721,0,"3","IL10RA"
"CSTB.1",0,-0.238344080629885,0.999,0.999,0,"3","CSTB"
"NFE2L2.1",0,-0.240182796780756,0.696,0.837,0,"3","NFE2L2"
"APLP2.1",0,-0.242324885157969,0.856,0.914,0,"3","APLP2"
"LMNA",0,-0.242623826976483,0.188,0.463,0,"3","LMNA"
"GNS.1",0,-0.243166499678046,0.535,0.721,0,"3","GNS"
"ABCC5.1",0,-0.24353136670173,0.17,0.44,0,"3","ABCC5"
"NCOA4.1",0,-0.243715614375446,0.903,0.944,0,"3","NCOA4"
"M6PR.1",0,-0.243880377879636,0.97,0.984,0,"3","M6PR"
"CST7",0,-0.244834422639568,0.181,0.379,0,"3","CST7"
"SH3PXD2A.1",0,-0.246309824137598,0.25,0.535,0,"3","SH3PXD2A"
"TMEM123.1",0,-0.247403721765816,0.897,0.948,0,"3","TMEM123"
"SLC7A8.1",0,-0.247424956706695,0.177,0.46,0,"3","SLC7A8"
"HIF1A.1",0,-0.248567630494035,0.762,0.867,0,"3","HIF1A"
"GSTO1.1",0,-0.252642515503837,0.915,0.944,0,"3","GSTO1"
"PDE4DIP.1",0,-0.255872931811867,0.168,0.438,0,"3","PDE4DIP"
"PRKAR1A.1",0,-0.260318779705832,0.875,0.942,0,"3","PRKAR1A"
"HEXA.1",0,-0.260511761274452,0.931,0.964,0,"3","HEXA"
"HSD17B14.1",0,-0.260791747904867,0.424,0.646,0,"3","HSD17B14"
"SLAMF8.1",0,-0.261985032491441,0.24,0.519,0,"3","SLAMF8"
"ATP6V0E1.1",0,-0.262200468039907,0.997,0.999,0,"3","ATP6V0E1"
"PLIN2.1",0,-0.262533757180782,0.259,0.505,0,"3","PLIN2"
"GAS7.1",0,-0.267618244458419,0.437,0.661,0,"3","GAS7"
"ANXA6.1",0,-0.267762636208792,0.476,0.701,0,"3","ANXA6"
"SNX6.1",0,-0.267879970193699,0.89,0.939,0,"3","SNX6"
"USP53.1",0,-0.26967067360839,0.527,0.704,0,"3","USP53"
"ADAM9.1",0,-0.270816728034424,0.604,0.777,0,"3","ADAM9"
"CCR1.1",0,-0.275677767213739,0.615,0.78,0,"3","CCR1"
"MPP1.1",0,-0.276235311990989,0.432,0.652,0,"3","MPP1"
"GNB4.1",0,-0.280275751196564,0.641,0.775,0,"3","GNB4"
"LAMP2.1",0,-0.284465268836392,0.813,0.908,0,"3","LAMP2"
"GPX4.1",0,-0.286513155493289,0.998,0.999,0,"3","GPX4"
"NPC2.1",0,-0.287618201496762,1,1,0,"3","NPC2"
"MMD.1",0,-0.28849222900913,0.402,0.668,0,"3","MMD"
"ADA2.1",0,-0.288820567621924,0.567,0.767,0,"3","ADA2"
"RNASE2.1",0,-0.28915563375257,0.304,0.518,0,"3","RNASE2"
"GLMP.1",0,-0.291046055801734,0.382,0.633,0,"3","GLMP"
"GRN.1",0,-0.292765870413003,0.999,0.999,0,"3","GRN"
"GCLC.1",0,-0.292919422256127,0.652,0.803,0,"3","GCLC"
"GNPDA1.1",0,-0.293276226208222,0.652,0.805,0,"3","GNPDA1"
"CD84.1",0,-0.293372119925077,0.747,0.863,0,"3","CD84"
"ATOX1.1",0,-0.293784380115312,0.982,0.99,0,"3","ATOX1"
"SLC15A3.1",0,-0.295187400839254,0.523,0.736,0,"3","SLC15A3"
"PYGL.1",0,-0.295750660349809,0.302,0.558,0,"3","PYGL"
"FCGR2A.1",0,-0.297866777535927,0.666,0.835,0,"3","FCGR2A"
"LAMP1.1",0,-0.301021148593767,0.67,0.818,0,"3","LAMP1"
"BMP2K.1",0,-0.301349315775589,0.675,0.841,0,"3","BMP2K"
"RNASE6.1",0,-0.304016270256947,0.994,0.997,0,"3","RNASE6"
"SLCO2B1.1",0,-0.305240539578907,0.764,0.852,0,"3","SLCO2B1"
"SGPL1.1",0,-0.30885471091473,0.278,0.57,0,"3","SGPL1"
"MBD4.1",0,-0.31020834977641,0.779,0.867,0,"3","MBD4"
"MSR1.1",0,-0.311234555033061,0.194,0.393,0,"3","MSR1"
"FCGR3A.1",0,-0.317234249001614,0.058,0.311,0,"3","FCGR3A"
"CTNNB1.1",0,-0.320841648998807,0.806,0.904,0,"3","CTNNB1"
"SAMSN1.1",0,-0.321702603494748,0.845,0.934,0,"3","SAMSN1"
"AP1B1.1",0,-0.323937294618493,0.886,0.938,0,"3","AP1B1"
"SLC11A1.1",0,-0.324590507384169,0.237,0.515,0,"3","SLC11A1"
"SCARB2.1",0,-0.325962232168967,0.485,0.724,0,"3","SCARB2"
"RAP2B.1",0,-0.326376104856555,0.42,0.682,0,"3","RAP2B"
"TTYH3.1",0,-0.329318479447039,0.758,0.874,0,"3","TTYH3"
"ARL6IP1.1",0,-0.329352971490425,0.797,0.907,0,"3","ARL6IP1"
"MTRNR2L8.1",0,-0.332481735255703,0.984,0.989,0,"3","MTRNR2L8"
"GPR34.1",0,-0.335592046287578,0.865,0.921,0,"3","GPR34"
"MRC1.1",0,-0.341872772010755,0.058,0.389,0,"3","MRC1"
"SRGN.1",0,-0.345308476504531,0.995,0.996,0,"3","SRGN"
"ZEB2.1",0,-0.355541919151968,0.713,0.862,0,"3","ZEB2"
"CD63.2",0,-0.357700767707364,0.999,1,0,"3","CD63"
"ATP6V1F.1",0,-0.360530936196098,1,0.999,0,"3","ATP6V1F"
"SDCBP.1",0,-0.362425456889628,0.961,0.985,0,"3","SDCBP"
"CMKLR1.1",0,-0.362645257356111,0.725,0.846,0,"3","CMKLR1"
"DNASE2.1",0,-0.365130054076374,0.804,0.867,0,"3","DNASE2"
"PMP22.1",0,-0.366438602690534,0.265,0.589,0,"3","PMP22"
"CPVL.1",0,-0.367048957742562,0.611,0.78,0,"3","CPVL"
"PILRA.1",0,-0.367921591351881,0.763,0.899,0,"3","PILRA"
"PSAP.1",0,-0.368102415325148,1,1,0,"3","PSAP"
"TIMP2.1",0,-0.375513991235424,0.923,0.961,0,"3","TIMP2"
"CTSZ.1",0,-0.377338708851658,0.996,0.997,0,"3","CTSZ"
"MARCKS.1",0,-0.384059328271023,0.976,0.994,0,"3","MARCKS"
"SQSTM1.1",0,-0.394882802409408,0.742,0.883,0,"3","SQSTM1"
"TGFBI.1",0,-0.395492077932095,0.96,0.974,0,"3","TGFBI"
"BRI3.1",0,-0.39585800239332,0.999,0.999,0,"3","BRI3"
"MAF.1",0,-0.397618060813948,0.929,0.961,0,"3","MAF"
"LACC1.1",0,-0.409848828617877,0.939,0.977,0,"3","LACC1"
"BLVRB.1",0,-0.413941649618677,0.812,0.929,0,"3","BLVRB"
"LY96.1",0,-0.414937538841609,0.559,0.775,0,"3","LY96"
"HMOX1.1",0,-0.421953599753185,0.83,0.904,0,"3","HMOX1"
"LGALS3.1",0,-0.423769157469543,0.216,0.445,0,"3","LGALS3"
"ADAMDEC1.1",0,-0.424787448037608,0.134,0.425,0,"3","ADAMDEC1"
"NPL.1",0,-0.425032545252986,0.394,0.678,0,"3","NPL"
"RAB42.2",0,-0.426783464873859,0.385,0.585,0,"3","RAB42"
"GAPLINC.1",0,-0.431752445918239,0.096,0.479,0,"3","GAPLINC"
"SELENOP.2",0,-0.431925930892981,0.16,0.383,0,"3","SELENOP"
"IGF1.1",0,-0.448306791401493,0.387,0.614,0,"3","IGF1"
"A2M.1",0,-0.451424604621536,0.988,0.992,0,"3","A2M"
"ABCA1.1",0,-0.470392869404549,0.044,0.382,0,"3","ABCA1"
"CTSA.1",0,-0.48412092590821,0.73,0.875,0,"3","CTSA"
"CD163.1",0,-0.485710147408423,0.308,0.606,0,"3","CD163"
"ID3.1",0,-0.491514586697081,0.512,0.773,0,"3","ID3"
"PLD3.1",0,-0.4989002769921,0.934,0.956,0,"3","PLD3"
"NRP1.1",0,-0.502058426678839,0.358,0.706,0,"3","NRP1"
"ARL4C.1",0,-0.506213797023563,0.37,0.667,0,"3","ARL4C"
"MTRNR2L1.1",0,-0.51676696256641,0.921,0.962,0,"3","MTRNR2L1"
"SAT1.1",0,-0.517494683837993,0.999,1,0,"3","SAT1"
"CTSS.1",0,-0.521417982827552,0.994,0.998,0,"3","CTSS"
"CREG1.1",0,-0.526766870691115,0.775,0.898,0,"3","CREG1"
"STAB1.1",0,-0.533471581097811,0.839,0.872,0,"3","STAB1"
"DAB2.1",0,-0.53510268791332,0.857,0.947,0,"3","DAB2"
"CD68.1",0,-0.543046012172282,0.842,0.938,0,"3","CD68"
"ATP1B1.1",0,-0.546077801443416,0.387,0.721,0,"3","ATP1B1"
"TREM2.2",0,-0.546753865316318,0.817,0.874,0,"3","TREM2"
"FTL.1",0,-0.562516492099462,1,1,0,"3","FTL"
"CD36.1",0,-0.568903299591883,0.742,0.912,0,"3","CD36"
"MAFB.1",0,-0.584232546650621,0.636,0.856,0,"3","MAFB"
"NEAT1.1",0,-0.596386212722283,0.984,0.992,0,"3","NEAT1"
"FTH1.1",0,-0.612948808400423,1,1,0,"3","FTH1"
"PLA2G7.1",0,-0.630206881568865,0.4,0.725,0,"3","PLA2G7"
"GM2A.1",0,-0.650702625816444,0.883,0.955,0,"3","GM2A"
"VSIG4.1",0,-0.656100121442813,0.202,0.507,0,"3","VSIG4"
"LIPA.1",0,-0.697555027778661,0.915,0.962,0,"3","LIPA"
"CTSB.1",0,-0.76763612206305,0.954,0.982,0,"3","CTSB"
"CTSD.1",0,-0.791011240593049,0.993,0.989,0,"3","CTSD"
"CTSL.1",0,-0.818486800242075,0.453,0.746,0,"3","CTSL"
"GPNMB.2",0,-0.825588860695867,0.07,0.248,0,"3","GPNMB"
"ASAH1.1",0,-0.864002948479595,0.92,0.963,0,"3","ASAH1"
"MS4A7.1",0,-0.939801686324795,0.761,0.898,0,"3","MS4A7"
"FUCA1.1",0,-1.04751140371118,0.846,0.936,0,"3","FUCA1"
"FNIP2.1",4.94065645841247e-324,-0.206844853092925,0.443,0.627,1.18560933032524e-319,"3","FNIP2"
"UBA6.1",2.5388926832735e-317,-0.203621728335236,0.539,0.7,6.09258077205141e-313,"3","UBA6"
"ENG.1",2.59685844110618e-317,-0.225362231749945,0.982,0.988,6.23168120112249e-313,"3","ENG"
"PTPRE.1",9.81324391178732e-316,0.211923589044777,0.914,0.826,2.3548841415116e-311,"3","PTPRE"
"AP1S2.1",8.28590291163238e-315,0.223192349472049,0.928,0.846,1.98836812170442e-310,"3","AP1S2"
"MFSD1.1",1.29179393325734e-314,-0.20238391771071,0.945,0.965,3.09991790163765e-310,"3","MFSD1"
"LTB.2",1.52398279020967e-313,0.269473350531769,0.712,0.504,3.65710150166615e-309,"3","LTB"
"SLC29A1.1",2.38555594515269e-309,0.262419504450786,0.742,0.64,5.7246186015829e-305,"3","SLC29A1"
"FDPS.2",3.33297299305508e-308,0.222811996577368,0.873,0.777,7.99813529143428e-304,"3","FDPS"
"TNFRSF14.1",2.64876029531271e-306,-0.208602875572421,0.576,0.71,6.35623008066191e-302,"3","TNFRSF14"
"PPM1N.1",1.06202029328949e-303,0.225977467594016,0.832,0.677,2.5485300978068e-299,"3","PPM1N"
"NISCH.1",1.0725757269179e-302,-0.222010249473422,0.617,0.754,2.57385997188489e-298,"3","NISCH"
"TGFBR2.1",1.54543415442064e-297,-0.205024496622362,0.696,0.803,3.7085783403632e-293,"3","TGFBR2"
"SOD2",1.88079128972125e-297,-0.329831728081428,0.567,0.716,4.51333485794408e-293,"3","SOD2"
"TMEM144.1",1.78221117322198e-294,-0.207329868511519,0.447,0.612,4.27677215238079e-290,"3","TMEM144"
"DOCK4.1",3.23852811349465e-294,-0.203378106804859,0.815,0.889,7.77149591395312e-290,"3","DOCK4"
"RPL22L1.1",1.33889367613794e-289,0.212051062212751,0.918,0.834,3.21294315462823e-285,"3","RPL22L1"
"GYPC.1",2.90216353376481e-289,-0.223493855493842,0.055,0.208,6.96432183197542e-285,"3","GYPC"
"APOE.1",4.33947228190781e-287,-0.758547865987336,0.484,0.631,1.04134316348942e-282,"3","APOE"
"C1QC",2.05688002150427e-284,-0.22030363924673,1,1,4.93589498760378e-280,"3","C1QC"
"CREBRF.1",9.90396717654777e-284,-0.201017101255828,0.436,0.603,2.37665500335617e-279,"3","CREBRF"
"C1QB",7.29323396168808e-283,-0.281313107975635,0.992,0.994,1.75015735378629e-278,"3","C1QB"
"GLUL.1",3.4159525927043e-281,-0.223859229234946,0.511,0.66,8.19726143671251e-277,"3","GLUL"
"RGS1.1",1.28647041557883e-279,-0.248355287195149,0.09,0.254,3.08714305626452e-275,"3","RGS1"
"TNFRSF1B.1",6.94871303262277e-269,-0.211502478438106,0.9,0.935,1.66748266643849e-264,"3","TNFRSF1B"
"LYZ",3.94359226460674e-268,-0.299000270717102,0.78,0.872,9.46343835737678e-264,"3","LYZ"
"CRYBB1.1",9.52598596207938e-262,-0.209701031171855,0.322,0.499,2.28595085132019e-257,"3","CRYBB1"
"LGMN.1",5.38648837854005e-259,-0.241768519938505,0.428,0.576,1.29259561619826e-254,"3","LGMN"
"CEBPD",6.99399520752809e-258,-0.210047941261964,0.47,0.613,1.67834902995052e-253,"3","CEBPD"
"CREM",6.40752094945133e-257,-0.21193436736123,0.434,0.602,1.53761280223983e-252,"3","CREM"
"CD14.1",3.58574668182075e-253,-0.507249968620452,0.459,0.596,8.60471631236525e-249,"3","CD14"
"FAM20C.1",3.60422123126826e-252,-0.203936999653338,0.631,0.743,8.64904968867445e-248,"3","FAM20C"
"IQGAP2.1",5.47887343395622e-252,-0.207602568799969,0.667,0.78,1.31476525794647e-247,"3","IQGAP2"
"FCGR1A.1",6.12153541132206e-248,-0.20686832520818,0.639,0.741,1.46898485265495e-243,"3","FCGR1A"
"ZFP36L1",4.7582498367979e-246,-0.207181023878357,0.981,0.99,1.14183721333639e-241,"3","ZFP36L1"
"CCL3.1",9.16218151485071e-243,-0.480458376618963,0.118,0.265,2.19864869811873e-238,"3","CCL3"
"CDKN1A.1",2.46832248959531e-242,-0.272391861097761,0.503,0.676,5.92323347828186e-238,"3","CDKN1A"
"MT-ATP6.1",6.53336220962264e-230,0.202231816323263,1,1,1.56781092944314e-225,"3","MT-ATP6"
"RCBTB2",1.1952481159332e-227,-0.200817293916311,0.575,0.71,2.86823690380489e-223,"3","RCBTB2"
"S100A9.1",2.76637116017272e-219,0.326297409965323,0.979,0.971,6.63846087306647e-215,"3","S100A9"
"TOP2A.2",6.30253727903797e-218,-0.478092096043719,0.11,0.278,1.51241987085074e-213,"3","TOP2A"
"TGFBR1.1",1.05809138814537e-212,-0.234550348313231,0.927,0.932,2.53910190413244e-208,"3","TGFBR1"
"C1QA.1",8.13517132779891e-202,-0.301138139009185,0.999,1,1.9521970635319e-197,"3","C1QA"
"S100A8.1",1.04909068275122e-200,0.360902864452071,0.825,0.748,2.51750291139811e-196,"3","S100A8"
"SMYD3.1",8.22435173432242e-193,-0.240955236332245,0.544,0.664,1.97359768568535e-188,"3","SMYD3"
"MTUS1.1",5.59386812242092e-189,-0.204284035740984,0.742,0.8,1.34236053333735e-184,"3","MTUS1"
"MTRNR2L12.1",8.71463827942376e-170,-0.228765062719035,0.999,0.997,2.09125174791332e-165,"3","MTRNR2L12"
"IFI6",9.69969793831626e-163,-0.289753411616859,0.413,0.549,2.32763651425775e-158,"3","IFI6"
"CYP1B1",1.34056572432996e-161,-0.320561378210019,0.327,0.493,3.21695556867462e-157,"3","CYP1B1"
"APOC1.1",2.72152041631157e-159,-0.48485742663844,0.677,0.7,6.53083254302287e-155,"3","APOC1"
"CDK1.1",3.98199408320705e-154,-0.232144879414991,0.029,0.133,9.55559120147195e-150,"3","CDK1"
"MALAT1",1.71468476718341e-149,-0.204201502989648,1,0.999,4.11472903581002e-145,"3","MALAT1"
"MT-ND2",3.1671814433134e-142,-0.207186079846599,1,1,7.60028530951916e-138,"3","MT-ND2"
"STMN1.2",3.07700305467593e-135,-0.34947736758344,0.916,0.939,7.38388423030583e-131,"3","STMN1"
"PCNA",3.54944416964287e-128,-0.203363482172308,0.517,0.615,8.517601173892e-124,"3","PCNA"
"TUBA1C",1.33127949732816e-126,-0.203121950632126,0.763,0.806,3.19467140973838e-122,"3","TUBA1C"
"TYMS.2",5.17873486117188e-119,-0.272372416851497,0.049,0.142,1.24274100463542e-114,"3","TYMS"
"CCL4",2.15658818718565e-114,-0.408299821834925,0.08,0.162,5.1751646727894e-110,"3","CCL4"
"MKI67.2",3.05159541750417e-113,-0.363931826306443,0.033,0.111,7.32291352338475e-109,"3","MKI67"
"NUSAP1.2",7.08726823074205e-110,-0.236989193186252,0.141,0.246,1.70073175733117e-105,"3","NUSAP1"
"PCLAF.2",8.05743088512332e-97,-0.294126603480071,0.137,0.196,1.93354168950304e-92,"3","PCLAF"
"HMGB2.2",3.66626829532124e-87,-0.330997430636447,0.466,0.532,8.79794402828237e-83,"3","HMGB2"
"CD207.2",2.79035998691416e-85,-0.211692788012928,0.18,0.168,6.69602686059791e-81,"3","CD207"
"TPX2.2",8.67166547278034e-77,-0.223858655326356,0.093,0.164,2.0809395635031e-72,"3","TPX2"
"CENPF.2",9.06187449533103e-77,-0.377427822095219,0.126,0.201,2.17457802264459e-72,"3","CENPF"
"FCGBP.1",7.53275760593218e-75,0.248665927504216,0.839,0.784,1.80763584269554e-70,"3","FCGBP"
"TUBB.2",3.46815817858836e-55,-0.291049012824538,0.956,0.961,8.32253918115848e-51,"3","TUBB"
"HMGN2.2",6.48928291862141e-53,-0.22306900137261,0.956,0.957,1.55723322198158e-48,"3","HMGN2"
"H2AFZ.2",4.56942555730915e-43,-0.236662669946926,0.995,0.992,1.09652505098748e-38,"3","H2AFZ"
"HIST1H4C.2",8.79911029231639e-43,-0.370865598592824,0.705,0.694,2.11152249684716e-38,"3","HIST1H4C"
"FCER1A.2",0,1.31889585474451,0.901,0.375,0,"4","FCER1A"
"HLA-DPB1.3",0,1.179714857989,1,0.922,0,"4","HLA-DPB1"
"CD207.3",0,1.14318068579116,0.666,0.112,0,"4","CD207"
"CD1E.2",0,1.06726749305904,0.926,0.343,0,"4","CD1E"
"HLA-DPA1.3",0,1.03638726482127,1,0.977,0,"4","HLA-DPA1"
"HLA-DRA.1",0,1.02395816609656,1,0.976,0,"4","HLA-DRA"
"HLA-DQB1.2",0,1.01656611758641,0.982,0.569,0,"4","HLA-DQB1"
"HLA-DQA1.2",0,1.01109890160178,0.947,0.483,0,"4","HLA-DQA1"
"HLA-DRB1.1",0,0.970810873432271,1,0.976,0,"4","HLA-DRB1"
"CD1C.3",0,0.941938892473021,0.957,0.573,0,"4","CD1C"
"CD74.1",0,0.839426542082523,1,1,0,"4","CD74"
"LTB.3",0,0.807830605205432,0.825,0.5,0,"4","LTB"
"S100A10.1",0,0.806362787081232,0.986,0.859,0,"4","S100A10"
"FCGBP.2",0,0.739005427533965,0.91,0.779,0,"4","FCGBP"
"CLEC10A.1",0,0.703416919429605,0.514,0.161,0,"4","CLEC10A"
"S100A6.1",0,0.689257331337169,0.974,0.928,0,"4","S100A6"
"JAML.1",0,0.628638891680889,0.97,0.784,0,"4","JAML"
"C12orf75.2",0,0.615966777577799,0.998,0.98,0,"4","C12orf75"
"S100A4.2",0,0.609202926049214,1,1,0,"4","S100A4"
"HLA-DMA.1",0,0.527263266109664,0.992,0.872,0,"4","HLA-DMA"
"BASP1",0,0.523651416938616,0.923,0.746,0,"4","BASP1"
"PPM1N.2",0,0.516787358712728,0.903,0.676,0,"4","PPM1N"
"PKIB.1",0,0.511868360414389,0.996,0.949,0,"4","PKIB"
"FGL2.1",0,0.508426101252985,0.811,0.571,0,"4","FGL2"
"SLC18A2.1",0,0.505505262576707,0.755,0.274,0,"4","SLC18A2"
"CKB.3",0,0.483211385754844,0.844,0.629,0,"4","CKB"
"PLAC8.2",0,0.472085615933936,0.996,0.879,0,"4","PLAC8"
"TMSB10.1",0,0.467111135652742,1,1,0,"4","TMSB10"
"IL18.1",0,0.459095041449965,0.885,0.69,0,"4","IL18"
"YWHAH.2",0,0.458102386526534,0.999,0.989,0,"4","YWHAH"
"PTMS.1",0,0.452532747568331,0.99,0.936,0,"4","PTMS"
"FILIP1L.2",0,0.440296956844659,0.895,0.706,0,"4","FILIP1L"
"SH3BGRL3.1",0,0.418638216671783,1,1,0,"4","SH3BGRL3"
"LCP1.2",0,0.401372093269692,0.997,0.98,0,"4","LCP1"
"TACSTD2",0,0.398634236081004,0.291,0.061,0,"4","TACSTD2"
"ICAM3.2",0,0.392982499893982,0.972,0.852,0,"4","ICAM3"
"SMCO4.1",0,0.387573918791679,0.889,0.686,0,"4","SMCO4"
"PPA1.2",0,0.383094180672946,0.949,0.82,0,"4","PPA1"
"CD1A",0,0.379201657009648,0.337,0.077,0,"4","CD1A"
"VASP.2",0,0.379194295989711,0.982,0.924,0,"4","VASP"
"P2RY13.1",0,0.377217453154963,0.838,0.585,0,"4","P2RY13"
"PSTPIP2.1",0,0.376748043870324,0.931,0.808,0,"4","PSTPIP2"
"IFITM2.2",0,0.374491756888411,0.905,0.752,0,"4","IFITM2"
"RBPJ.1",0,0.371218916371614,0.984,0.945,0,"4","RBPJ"
"CIITA.1",0,0.368318745684665,0.797,0.47,0,"4","CIITA"
"TXNIP",0,0.362294060315196,0.957,0.92,0,"4","TXNIP"
"ACTB.2",0,0.358929049409221,1,1,0,"4","ACTB"
"SLC29A1.2",0,0.358319413030625,0.764,0.642,0,"4","SLC29A1"
"MS4A6A.1",0,0.357911467558073,1,0.994,0,"4","MS4A6A"
"JUND.1",0,0.354257192249919,0.992,0.977,0,"4","JUND"
"VIM.1",0,0.342660214042347,1,0.998,0,"4","VIM"
"HIP1",0,0.342076986683679,0.588,0.215,0,"4","HIP1"
"CST3",0,0.33901639820496,1,1,0,"4","CST3"
"LSP1.2",0,0.336563301762902,0.999,0.965,0,"4","LSP1"
"GAPT.1",0,0.330933670381251,0.889,0.71,0,"4","GAPT"
"CCR6.2",0,0.330184807512604,0.761,0.51,0,"4","CCR6"
"AC098679.1",0,0.329351677619279,0.566,0.182,0,"4","AC098679.1"
"FXYD5.1",0,0.327262488270797,0.976,0.927,0,"4","FXYD5"
"SUB1.1",0,0.324041950550222,1,0.997,0,"4","SUB1"
"RHOC.1",0,0.322474749917313,0.87,0.736,0,"4","RHOC"
"ALDH2.1",0,0.322225211211528,0.985,0.966,0,"4","ALDH2"
"MTR",0,0.318888929880478,0.787,0.629,0,"4","MTR"
"LST1.1",0,0.316645075241187,1,1,0,"4","LST1"
"PRELID1.2",0,0.313859022107375,0.999,0.993,0,"4","PRELID1"
"PYCARD.2",0,0.31230558590779,1,0.995,0,"4","PYCARD"
"PLEKHO1.2",0,0.312048371895096,0.985,0.943,0,"4","PLEKHO1"
"RUNX3",0,0.308911176232177,0.981,0.96,0,"4","RUNX3"
"CTTNBP2",0,0.307850806672184,0.865,0.719,0,"4","CTTNBP2"
"GNA15.1",0,0.301868876010436,0.894,0.81,0,"4","GNA15"
"ALOX5AP.2",0,0.300133318902472,1,1,0,"4","ALOX5AP"
"HERPUD1.2",0,0.296069256167292,0.999,0.995,0,"4","HERPUD1"
"FBXO2",0,0.293742872610109,0.535,0.191,0,"4","FBXO2"
"AP1S2.2",0,0.290838739617687,0.925,0.85,0,"4","AP1S2"
"PAK1.1",0,0.281631027979477,0.976,0.927,0,"4","PAK1"
"FLNA",0,0.281350524457699,0.537,0.288,0,"4","FLNA"
"ACTG1.2",0,0.277162268476945,1,1,0,"4","ACTG1"
"SSPN",0,0.273599542070813,0.486,0.245,0,"4","SSPN"
"GCA",0,0.2731147690822,0.861,0.753,0,"4","GCA"
"CLNK",0,0.268577218703366,0.525,0.221,0,"4","CLNK"
"GLIPR1",0,0.266859552545811,0.972,0.928,0,"4","GLIPR1"
"ANXA1.1",0,0.264821963958116,0.92,0.85,0,"4","ANXA1"
"COMMD6",0,0.264050966843629,0.999,0.997,0,"4","COMMD6"
"MPZL2",0,0.261360464341328,0.408,0.142,0,"4","MPZL2"
"CNN2",0,0.260791246611504,0.753,0.563,0,"4","CNN2"
"ERCC1.1",0,0.260595571445438,0.916,0.869,0,"4","ERCC1"
"PFN1.1",0,0.259135715465614,1,1,0,"4","PFN1"
"S100B",0,0.256613981540648,0.998,0.997,0,"4","S100B"
"PSMB9",0,0.250100606044111,0.542,0.273,0,"4","PSMB9"
"PPP1R12A",0,0.24533438278884,0.9,0.854,0,"4","PPP1R12A"
"AKR7A2.1",0,0.244374488635884,0.938,0.893,0,"4","AKR7A2"
"HLA-DOA",0,0.24426850608693,0.549,0.262,0,"4","HLA-DOA"
"ACAP1.2",0,0.243910901645308,0.633,0.429,0,"4","ACAP1"
"AES",0,0.241313301209553,0.876,0.779,0,"4","AES"
"FAM107B",0,0.240609079579804,0.562,0.315,0,"4","FAM107B"
"PRDX5.1",0,0.240037582882628,0.996,0.989,0,"4","PRDX5"
"STK17B",0,0.239186957505861,0.772,0.626,0,"4","STK17B"
"MYL12B.1",0,0.239141624597536,1,0.999,0,"4","MYL12B"
"GDI2",0,0.237891724066368,0.983,0.973,0,"4","GDI2"
"DENND1B",0,0.237842431133464,0.683,0.51,0,"4","DENND1B"
"TLR10.2",0,0.237571448517613,0.785,0.614,0,"4","TLR10"
"PEA15",0,0.23537091516392,0.84,0.755,0,"4","PEA15"
"RHOG",0,0.233350056656765,0.978,0.959,0,"4","RHOG"
"DSE",0,0.233318201904326,0.79,0.669,0,"4","DSE"
"REEP5",0,0.232281227625036,0.982,0.965,0,"4","REEP5"
"RPS19.1",0,0.231340737662126,1,1,0,"4","RPS19"
"ARPC1B.1",0,0.229298568475927,0.999,0.997,0,"4","ARPC1B"
"CARD9",0,0.228368659226667,0.808,0.706,0,"4","CARD9"
"CALM1",0,0.22820586699131,1,1,0,"4","CALM1"
"PRKCB",0,0.21746207816343,0.545,0.382,0,"4","PRKCB"
"CDC42BPA",0,0.212434453132243,0.693,0.548,0,"4","CDC42BPA"
"COTL1.2",0,0.21137134154832,1,0.999,0,"4","COTL1"
"FGR",0,0.210532071889267,0.564,0.346,0,"4","FGR"
"IVNS1ABP",0,0.208892613433631,0.858,0.812,0,"4","IVNS1ABP"
"TEX30",0,0.206615328392258,0.541,0.331,0,"4","TEX30"
"KRT18",0,0.205295580832401,0.342,0.116,0,"4","KRT18"
"CLIC1.1",0,0.204524416746542,0.999,0.998,0,"4","CLIC1"
"FAM129A.1",0,0.203691774946683,0.539,0.31,0,"4","FAM129A"
"MYL12A",0,0.201533967080209,1,1,0,"4","MYL12A"
"MYOF",0,0.200320129449437,0.653,0.501,0,"4","MYOF"
"RENBP.1",0,-0.205326377466656,0.125,0.426,0,"4","RENBP"
"SASH1",0,-0.216241424991885,0.175,0.503,0,"4","SASH1"
"ATP6V0B",0,-0.216326933823645,0.995,0.999,0,"4","ATP6V0B"
"SLC43A3",0,-0.221096345809528,0.078,0.424,0,"4","SLC43A3"
"RGL1.2",0,-0.223333139511171,0.204,0.519,0,"4","RGL1"
"FCGR1B",0,-0.22749730773952,0.109,0.473,0,"4","FCGR1B"
"NUAK1.1",0,-0.228014555088177,0.061,0.383,0,"4","NUAK1"
"PLXND1.2",0,-0.231353454052202,0.044,0.356,0,"4","PLXND1"
"LHFPL2.1",0,-0.232715783892945,0.198,0.54,0,"4","LHFPL2"
"ATP6V1G1.1",0,-0.236357438781373,0.994,0.998,0,"4","ATP6V1G1"
"MRPL14",0,-0.24175219425307,0.918,0.975,0,"4","MRPL14"
"ABCC5.2",0,-0.247548962571128,0.128,0.432,0,"4","ABCC5"
"RAB3IL1",0,-0.249743560362576,0.1,0.488,0,"4","RAB3IL1"
"SORL1.1",0,-0.256054902454503,0.174,0.508,0,"4","SORL1"
"GALC.2",0,-0.258744281384411,0.246,0.576,0,"4","GALC"
"KCNAB2.1",0,-0.259629968740966,0.381,0.695,0,"4","KCNAB2"
"SLAMF8.2",0,-0.263826321805565,0.203,0.511,0,"4","SLAMF8"
"TPD52L2.1",0,-0.265516799440222,0.289,0.638,0,"4","TPD52L2"
"PILRA.2",0,-0.268336399828358,0.771,0.892,0,"4","PILRA"
"GPX4.2",0,-0.270432694018795,0.998,0.999,0,"4","GPX4"
"GNS.2",0,-0.271961204597889,0.449,0.722,0,"4","GNS"
"SH3PXD2A.2",0,-0.273360383673269,0.165,0.531,0,"4","SH3PXD2A"
"BST2",0,-0.276099419784701,0.902,0.972,0,"4","BST2"
"FERMT3",0,-0.276534360843876,0.745,0.916,0,"4","FERMT3"
"NAA20",0,-0.277831989269909,0.729,0.902,0,"4","NAA20"
"LDHB",0,-0.279242050688885,0.985,0.996,0,"4","LDHB"
"FCGRT.1",0,-0.282360668598361,1,1,0,"4","FCGRT"
"ABHD12.2",0,-0.283556832810389,0.636,0.858,0,"4","ABHD12"
"LIMS1",0,-0.28483353638421,0.968,0.993,0,"4","LIMS1"
"MRC1.2",0,-0.285714444660352,0.089,0.37,0,"4","MRC1"
"IRF8",0,-0.289845533554481,0.556,0.823,0,"4","IRF8"
"SERPINB6.1",0,-0.293806849499848,0.696,0.88,0,"4","SERPINB6"
"LAMP2.2",0,-0.294144059306202,0.753,0.911,0,"4","LAMP2"
"CD81",0,-0.296891125869668,1,1,0,"4","CD81"
"ATP6AP1.2",0,-0.297097651993948,0.783,0.927,0,"4","ATP6AP1"
"TMEM144.2",0,-0.298271678960465,0.287,0.623,0,"4","TMEM144"
"BMP2K.2",0,-0.298315788026574,0.631,0.838,0,"4","BMP2K"
"C5AR1.1",0,-0.303911225055059,0.244,0.557,0,"4","C5AR1"
"GLMP.2",0,-0.305407404790272,0.306,0.63,0,"4","GLMP"
"IGFBP4.2",0,-0.306310016086,0.072,0.411,0,"4","IGFBP4"
"CD63.3",0,-0.3068258464854,1,1,0,"4","CD63"
"CRYBB1.2",0,-0.307789916451567,0.154,0.51,0,"4","CRYBB1"
"KCTD12.1",0,-0.308147346030349,0.969,0.994,0,"4","KCTD12"
"SOCS6",0,-0.309156963206228,0.558,0.832,0,"4","SOCS6"
"RASSF4.1",0,-0.316792134001957,0.7,0.889,0,"4","RASSF4"
"APLP2.2",0,-0.317005265487133,0.778,0.92,0,"4","APLP2"
"FCGR3A.2",0,-0.317300683955015,0.038,0.302,0,"4","FCGR3A"
"SDCBP.2",0,-0.317854167605085,0.953,0.985,0,"4","SDCBP"
"GCLC.2",0,-0.319842880570715,0.561,0.806,0,"4","GCLC"
"TESC",0,-0.32040662148102,0.714,0.915,0,"4","TESC"
"GAS7.2",0,-0.320540275963924,0.314,0.665,0,"4","GAS7"
"TLR2.1",0,-0.326554407468963,0.48,0.792,0,"4","TLR2"
"PLXDC2.1",0,-0.327658474209204,0.963,0.993,0,"4","PLXDC2"
"CTNNB1.2",0,-0.328623289253939,0.741,0.907,0,"4","CTNNB1"
"NPC2.2",0,-0.329644134299712,1,1,0,"4","NPC2"
"RAB31.1",0,-0.334289319852036,0.932,0.983,0,"4","RAB31"
"MMP14.2",0,-0.334522256607234,0.759,0.92,0,"4","MMP14"
"IER5L",0,-0.33788656515358,0.271,0.629,0,"4","IER5L"
"ADAM9.2",0,-0.339305013448404,0.467,0.784,0,"4","ADAM9"
"MARCKS.2",0,-0.34232070736826,0.972,0.993,0,"4","MARCKS"
"TNFRSF1B.2",0,-0.342582636243717,0.796,0.945,0,"4","TNFRSF1B"
"MMD.2",0,-0.350553472413981,0.289,0.669,0,"4","MMD"
"GNPDA1.2",0,-0.353711593127826,0.546,0.81,0,"4","GNPDA1"
"BLVRB.2",0,-0.354961629547633,0.809,0.924,0,"4","BLVRB"
"CD84.2",0,-0.35510161679768,0.643,0.87,0,"4","CD84"
"HM13",0,-0.356072442003709,0.923,0.98,0,"4","HM13"
"C1QC.1",0,-0.357283101126027,0.999,1,0,"4","C1QC"
"SAMSN1.2",0,-0.357843459295247,0.788,0.937,0,"4","SAMSN1"
"SLC15A3.2",0,-0.357983581214726,0.385,0.742,0,"4","SLC15A3"
"C3",0,-0.361780932360149,0.987,0.998,0,"4","C3"
"GSTO1.2",0,-0.362322591459793,0.834,0.952,0,"4","GSTO1"
"FSCN1",0,-0.362770207715333,0.2,0.586,0,"4","FSCN1"
"SCARB2.2",0,-0.364227638496317,0.374,0.726,0,"4","SCARB2"
"MPP1.2",0,-0.365079454473134,0.263,0.661,0,"4","MPP1"
"CCR1.2",0,-0.37154269322719,0.479,0.788,0,"4","CCR1"
"CEBPB",0,-0.373773891833972,0.814,0.939,0,"4","CEBPB"
"NISCH.2",0,-0.37968305003856,0.426,0.77,0,"4","NISCH"
"MBD4.2",0,-0.382576950993826,0.708,0.871,0,"4","MBD4"
"GNB4.2",0,-0.3859387527679,0.48,0.788,0,"4","GNB4"
"CYFIP1.1",0,-0.400103131655997,0.899,0.978,0,"4","CYFIP1"
"TMIGD3",0,-0.402079477074162,0.784,0.92,0,"4","TMIGD3"
"CD36.2",0,-0.403459456779427,0.792,0.898,0,"4","CD36"
"C1QB.1",0,-0.407415250231537,0.988,0.994,0,"4","C1QB"
"GAPLINC.2",0,-0.410112217794111,0.093,0.462,0,"4","GAPLINC"
"LACC1.2",0,-0.410457963047729,0.918,0.977,0,"4","LACC1"
"ABCA1.2",0,-0.411449681776448,0.086,0.362,0,"4","ABCA1"
"ANTXR1",0,-0.414868528110489,0.532,0.85,0,"4","ANTXR1"
"AGR2",0,-0.416328584093885,0.183,0.53,0,"4","AGR2"
"NINJ1.1",0,-0.421018227115723,0.924,0.988,0,"4","NINJ1"
"TTYH3.2",0,-0.422596901782761,0.631,0.884,0,"4","TTYH3"
"PMP22.2",0,-0.422616973515048,0.148,0.587,0,"4","PMP22"
"PYGL.2",0,-0.424910946846423,0.094,0.57,0,"4","PYGL"
"BRI3.2",0,-0.425334448875005,0.998,1,0,"4","BRI3"
"CTSS.2",0,-0.433536843923462,0.993,0.998,0,"4","CTSS"
"SLC7A7",0,-0.444061785870425,0.585,0.898,0,"4","SLC7A7"
"DAB2.2",0,-0.446071402826914,0.863,0.942,0,"4","DAB2"
"SELENOP.3",0,-0.447088927535708,0.095,0.38,0,"4","SELENOP"
"ADAMDEC1.2",0,-0.449897660464274,0.068,0.419,0,"4","ADAMDEC1"
"AP1B1.2",0,-0.451861137538598,0.788,0.947,0,"4","AP1B1"
"C1QA.2",0,-0.452255424652823,1,0.999,0,"4","C1QA"
"ATP6V1F.2",0,-0.456077304261913,0.997,1,0,"4","ATP6V1F"
"SLC11A1.2",0,-0.457392222718219,0.05,0.524,0,"4","SLC11A1"
"SAT1.2",0,-0.45947806160087,0.999,1,0,"4","SAT1"
"LY96.2",0,-0.463572143804035,0.44,0.779,0,"4","LY96"
"LGALS3.2",0,-0.464429686190365,0.126,0.445,0,"4","LGALS3"
"SLCO2B1.2",0,-0.468865039270333,0.574,0.87,0,"4","SLCO2B1"
"RNASE2.2",0,-0.481391675257103,0.083,0.534,0,"4","RNASE2"
"TIMP2.2",0,-0.484643931128485,0.845,0.968,0,"4","TIMP2"
"NPL.2",0,-0.488232605330558,0.256,0.68,0,"4","NPL"
"GPR34.2",0,-0.490964029380921,0.739,0.932,0,"4","GPR34"
"CD163.2",0,-0.497976750557154,0.234,0.601,0,"4","CD163"
"SERPINF1.1",0,-0.498443926799753,0.811,0.952,0,"4","SERPINF1"
"ID3.2",0,-0.504993140098765,0.491,0.763,0,"4","ID3"
"ATP1B1.2",0,-0.50547345366655,0.375,0.707,0,"4","ATP1B1"
"MAF.2",0,-0.532085229533642,0.852,0.968,0,"4","MAF"
"RAB42.3",0,-0.540797663994621,0.235,0.593,0,"4","RAB42"
"NRP1.2",0,-0.542250272157612,0.263,0.701,0,"4","NRP1"
"FTH1.2",0,-0.551070025960597,1,1,0,"4","FTH1"
"TGFBR1.2",0,-0.551400813965073,0.78,0.949,0,"4","TGFBR1"
"FTL.2",0,-0.558836196919335,1,1,0,"4","FTL"
"IGF1.2",0,-0.572685761512629,0.221,0.623,0,"4","IGF1"
"A2M.2",0,-0.577524948475012,0.966,0.994,0,"4","A2M"
"CTSA.2",0,-0.58046045314409,0.591,0.884,0,"4","CTSA"
"TGFBI.2",0,-0.587557787996106,0.89,0.981,0,"4","TGFBI"
"MTUS1.2",0,-0.59196479471041,0.42,0.835,0,"4","MTUS1"
"DNASE2.2",0,-0.610986092256166,0.579,0.89,0,"4","DNASE2"
"CPVL.2",0,-0.624056359475165,0.321,0.805,0,"4","CPVL"
"GM2A.2",0,-0.62894307672161,0.856,0.955,0,"4","GM2A"
"FCGR1A.2",0,-0.635767189720036,0.209,0.787,0,"4","FCGR1A"
"CD68.2",0,-0.636344207006141,0.783,0.941,0,"4","CD68"
"MAFB.2",0,-0.64747576011089,0.535,0.857,0,"4","MAFB"
"PSAP.2",0,-0.690186692790794,1,1,0,"4","PSAP"
"PLA2G7.2",0,-0.693104336228678,0.279,0.724,0,"4","PLA2G7"
"CREG1.2",0,-0.694608108002335,0.594,0.913,0,"4","CREG1"
"HTRA1.1",0,-0.699360686521867,0.43,0.844,0,"4","HTRA1"
"LIPA.2",0,-0.746907945812487,0.858,0.966,0,"4","LIPA"
"CTSB.2",0,-0.780162157676455,0.93,0.983,0,"4","CTSB"
"PLD3.2",0,-0.783509841143826,0.791,0.971,0,"4","PLD3"
"VSIG4.2",0,-0.786066781593507,0.099,0.505,0,"4","VSIG4"
"STAB1.2",0,-0.92705044300368,0.69,0.888,0,"4","STAB1"
"CTSL.2",0,-1.00921202238702,0.197,0.762,0,"4","CTSL"
"ASAH1.2",0,-1.01759463056233,0.842,0.97,0,"4","ASAH1"
"MS4A7.2",0,-1.08519928838982,0.578,0.913,0,"4","MS4A7"
"FUCA1.2",0,-1.09435921034314,0.785,0.938,0,"4","FUCA1"
"APOE.2",0,-1.12540722789982,0.334,0.642,0,"4","APOE"
"CTSD.2",0,-1.14159140727327,0.946,0.995,0,"4","CTSD"
"TREM2.3",0,-1.1965417565007,0.394,0.92,0,"4","TREM2"
"SPP1.1",0,-1.31050596622806,0.972,0.986,0,"4","SPP1"
"SNX6.2",1.58101006669199e-322,-0.293815680537398,0.844,0.942,3.79394985704077e-318,"4","SNX6"
"GRN.2",1.22034214522788e-321,-0.289276062104167,0.997,0.999,2.92845504590334e-317,"4","GRN"
"CDK2AP2.1",8.19901939273549e-320,0.234122040347371,0.914,0.846,1.96751868367473e-315,"4","CDK2AP2"
"S100A9.2",1.95995347639577e-318,-0.345558942296451,0.898,0.981,4.70330035730692e-314,"4","S100A9"
"ENG.2",4.36946993202302e-316,-0.278659760118625,0.97,0.989,1.04854169958756e-311,"4","ENG"
"IGSF6.1",2.51498833872722e-314,0.234210298888818,0.994,0.975,6.03521751644372e-310,"4","IGSF6"
"DNPH1",1.10665430848694e-313,-0.257867396009712,0.74,0.89,2.65563834407611e-309,"4","DNPH1"
"FAM89A",1.00249005903074e-312,-0.215108685920878,0.284,0.599,2.40567539465606e-308,"4","FAM89A"
"C3AR1",3.12591183665433e-309,-0.257165701247294,0.874,0.959,7.5012506344194e-305,"4","C3AR1"
"LAMP1.2",1.59683339705044e-308,-0.295637630959606,0.608,0.819,3.83192110290195e-304,"4","LAMP1"
"FUT7.2",3.3642456033535e-307,0.229465209908038,0.522,0.322,8.07318017436739e-303,"4","FUT7"
"APOC1.2",1.49536761054391e-304,-0.726030180334111,0.523,0.717,3.58843365502223e-300,"4","APOC1"
"TMEM251.2",5.40705787040303e-304,-0.258509636646078,0.445,0.688,1.29753167716061e-299,"4","TMEM251"
"NEK6",8.61927463315108e-304,-0.218438519882535,0.339,0.642,2.06836733371727e-299,"4","NEK6"
"CMKLR1.2",3.09291943487803e-302,-0.386157294425273,0.626,0.852,7.4220787678768e-298,"4","CMKLR1"
"FAM89B",5.26291938307377e-302,0.210248570219779,0.834,0.773,1.26294276435621e-297,"4","FAM89B"
"CCND3",2.41457286148598e-300,0.20171105953931,0.726,0.603,5.79425049570791e-296,"4","CCND3"
"NEAT1.2",7.127661897112e-300,-0.454141450134279,0.989,0.991,1.71042502544997e-295,"4","NEAT1"
"SPTBN1",4.82428721267307e-299,0.21837002270672,0.472,0.301,1.15768420242516e-294,"4","SPTBN1"
"MSR1.2",1.3656738371961e-298,-0.325635114168377,0.142,0.39,3.27720750711948e-294,"4","MSR1"
"HSD17B14.2",2.62131819279988e-297,-0.243293197742479,0.404,0.638,6.29037726726187e-293,"4","HSD17B14"
"RAB13.1",2.59361934449403e-294,-0.215436087220747,0.218,0.517,6.22390834098233e-290,"4","RAB13"
"M6PR.2",2.10446739219649e-290,-0.259716892736382,0.954,0.985,5.05009040105392e-286,"4","M6PR"
"RNF149.1",9.29226248253823e-289,-0.246430529116212,0.688,0.872,2.2298642279347e-284,"4","RNF149"
"GYPC.2",9.30872832375416e-288,-0.245254865325825,0.022,0.205,2.23381553585129e-283,"4","GYPC"
"KCNK6",2.60091147168308e-283,0.209370741737205,0.894,0.843,6.24140725859788e-279,"4","KCNK6"
"USP53.2",2.08268721617493e-282,-0.290604329205179,0.444,0.706,4.99782451265499e-278,"4","USP53"
"SOD2.1",2.24400080637942e-282,-0.382291011076901,0.461,0.721,5.38492873506869e-278,"4","SOD2"
"VEGFB.2",3.66377438622316e-282,-0.244260290723361,0.742,0.889,8.79195939461973e-278,"4","VEGFB"
"SLC38A2",2.6642260090011e-281,0.212180275090992,0.862,0.777,6.39334315379993e-277,"4","SLC38A2"
"MARCH1",9.52909918226937e-280,0.201282626844733,0.968,0.944,2.28669793076918e-275,"4","MARCH1"
"RAP2B.2",8.91981127539013e-279,-0.279108750017532,0.419,0.67,2.14048711175537e-274,"4","RAP2B"
"SGPL1.2",1.06006602977593e-275,-0.267603503050698,0.283,0.556,2.54384045165329e-271,"4","SGPL1"
"TSPAN33",2.42068010474572e-273,0.214911553004219,0.8,0.698,5.8089060473583e-269,"4","TSPAN33"
"OSBPL1A.1",2.15524663975607e-272,-0.23056697620059,0.326,0.624,5.17194536142265e-268,"4","OSBPL1A"
"TGFBR2.2",6.98604666983042e-272,-0.255952317118968,0.597,0.81,1.67644161935921e-267,"4","TGFBR2"
"EPB41L2",1.81112040112242e-268,-0.25817507412962,0.265,0.586,4.34614562657348e-264,"4","EPB41L2"
"AKR1B1.1",1.08635529106703e-267,-0.230987506392919,0.936,0.98,2.60692679197356e-263,"4","AKR1B1"
"HPCAL1",1.44385419411106e-267,-0.205981140230496,0.429,0.693,3.46481690960831e-263,"4","HPCAL1"
"MGST3",2.57395838198286e-265,-0.218043047074997,0.976,0.99,6.17672792924428e-261,"4","MGST3"
"LGMN.2",1.69189218570883e-264,-0.291435083198299,0.31,0.583,4.06003367804548e-260,"4","LGMN"
"ATP6AP2.2",2.69427152982596e-262,-0.219849672535321,0.994,0.997,6.46544339012336e-258,"4","ATP6AP2"
"ASGR2.2",5.6920334656531e-262,0.245087858865303,0.967,0.914,1.36591727075278e-257,"4","ASGR2"
"NCOA4.2",6.23753409528455e-262,-0.259660476666663,0.861,0.947,1.49682105684543e-257,"4","NCOA4"
"CD9.1",3.42802077668439e-260,0.200849993428736,0.948,0.783,8.22622145780953e-256,"4","CD9"
"CLTC.1",2.21736646861916e-257,-0.25664209152178,0.907,0.971,5.3210143147454e-253,"4","CLTC"
"SDS.2",1.53198563308758e-256,-0.223669512729798,0.11,0.319,3.67630592372026e-252,"4","SDS"
"TBC1D4.1",4.48485869705274e-256,-0.232156083109822,0.639,0.843,1.07623154153175e-251,"4","TBC1D4"
"NCF1.2",4.41086882810351e-255,0.242977741062881,0.997,0.973,1.05847619268e-250,"4","NCF1"
"LRP1.1",2.88799005056922e-252,-0.23395265183576,0.509,0.745,6.93030972435097e-248,"4","LRP1"
"CTSZ.2",8.55637455120731e-252,-0.313514261275191,0.993,0.998,2.05327320105322e-247,"4","CTSZ"
"EHD1.1",2.98964407639246e-251,0.223507154340904,0.736,0.628,7.17424889011898e-247,"4","EHD1"
"TRAF3IP3",1.37967747161799e-248,-0.212028486555332,0.369,0.646,3.31081202864168e-244,"4","TRAF3IP3"
"HEXA.2",3.17195489249238e-245,-0.230870502961354,0.909,0.965,7.61174015551397e-241,"4","HEXA"
"STK17A.2",4.50025738473598e-245,0.209932097274436,0.881,0.788,1.07992676461509e-240,"4","STK17A"
"ADAP2.1",3.84402192256127e-244,-0.281975191549831,0.918,0.974,9.22449940757027e-240,"4","ADAP2"
"GATM.1",4.19260568669419e-244,-0.261923731639826,0.481,0.738,1.006099586636e-239,"4","GATM"
"ZEB2.2",6.55444341242949e-244,-0.297175692864834,0.687,0.858,1.5728697856807e-239,"4","ZEB2"
"SLC7A8.2",6.22354386267488e-241,-0.212697921130349,0.196,0.445,1.49346382072609e-236,"4","SLC7A8"
"ANOS1.1",4.68441943338453e-240,-0.230836312983462,0.667,0.851,1.12412013142929e-235,"4","ANOS1"
"BHLHE41.1",1.33610803495886e-239,0.258584030299171,0.742,0.581,3.20625845149079e-235,"4","BHLHE41"
"CADM1",1.6245240782625e-238,-0.208204696520935,0.329,0.576,3.89837043060652e-234,"4","CADM1"
"CCL2",1.42407963776756e-234,-0.460970173134449,0.191,0.444,3.41736390675081e-230,"4","CCL2"
"ITGB5",4.39537869851273e-234,-0.206633647467568,0.395,0.675,1.0547590262821e-229,"4","ITGB5"
"GPNMB.3",3.50288428794719e-233,-0.790385720551817,0.072,0.24,8.40587142578686e-229,"4","GPNMB"
"MTRNR2L12.2",2.44236074030242e-231,-0.279539531462481,0.997,0.997,5.86093306850372e-227,"4","MTRNR2L12"
"PLP2.2",3.18563591568629e-231,0.201274618381999,0.841,0.742,7.64457050687238e-227,"4","PLP2"
"SQSTM1.2",1.06343345601461e-230,-0.275543376408286,0.775,0.873,2.55192126439826e-226,"4","SQSTM1"
"HIF1A.2",2.91182249264124e-230,-0.259882044746002,0.713,0.868,6.98750043559119e-226,"4","HIF1A"
"HEXB.2",3.8743596999331e-227,-0.214600908059808,0.648,0.836,9.29730097192946e-223,"4","HEXB"
"HNMT.2",6.48420993962919e-227,-0.217451377243301,0.407,0.655,1.55601585921282e-222,"4","HNMT"
"SPINT2",1.00363725128908e-226,0.201200091990473,0.902,0.846,2.40842831191842e-222,"4","SPINT2"
"NAGK.1",3.30535310633021e-226,-0.222482193558753,0.746,0.891,7.9318558492606e-222,"4","NAGK"
"MTRNR2L8.2",1.6263041786408e-225,-0.322535587938537,0.972,0.99,3.90264213748433e-221,"4","MTRNR2L8"
"PDE4DIP.2",1.45978669409088e-224,-0.219997222244514,0.182,0.424,3.50305012980989e-220,"4","PDE4DIP"
"TNFRSF14.2",9.21562982890461e-223,-0.222712164516427,0.516,0.711,2.21147469004224e-218,"4","TNFRSF14"
"LIMD2",2.4840324863213e-220,0.253537619007543,0.743,0.636,5.96093275742523e-216,"4","LIMD2"
"MAP4K4",8.36292546204916e-219,-0.223897107711855,0.675,0.867,2.00685122312794e-214,"4","MAP4K4"
"CCL3.2",6.36193899666586e-218,-0.501837486813127,0.085,0.262,1.52667450102991e-213,"4","CCL3"
"MFSD1.2",1.74341445782319e-216,-0.21780383557721,0.904,0.969,4.18367167443831e-212,"4","MFSD1"
"RNF13.2",1.18074617542653e-214,-0.223178973043617,0.701,0.851,2.83343659717104e-210,"4","RNF13"
"PLIN2.2",2.98649537831278e-212,-0.234982970571369,0.252,0.494,7.16669295933718e-208,"4","PLIN2"
"CEBPD.1",6.41841332957403e-207,-0.22343250860058,0.396,0.615,1.54022664669788e-202,"4","CEBPD"
"ARL6IP1.2",1.19378495603958e-203,-0.284375915616279,0.78,0.904,2.86472575900819e-199,"4","ARL6IP1"
"JCHAIN.2",1.92562410738382e-203,0.24474037977113,0.546,0.384,4.62092017048895e-199,"4","JCHAIN"
"HMOX1.2",5.06629155594602e-199,-0.335170830799194,0.828,0.901,1.21575798468037e-194,"4","HMOX1"
"CANX.1",3.25290614648263e-197,-0.212998329579893,0.939,0.98,7.80599887971437e-193,"4","CANX"
"RCBTB2.1",4.56676996681079e-194,-0.248314953496422,0.481,0.715,1.09588778893558e-189,"4","RCBTB2"
"SNHG12",2.84067288037522e-193,-0.217278594012384,0.461,0.661,6.81676271103641e-189,"4","SNHG12"
"ATP6V1B2.2",5.01040970423636e-193,-0.201677514099945,0.884,0.955,1.2023480167256e-188,"4","ATP6V1B2"
"RGS1.2",2.2916318591509e-188,-0.243488881172477,0.08,0.247,5.49922897240441e-184,"4","RGS1"
"ATOX1.2",4.8217241557008e-188,-0.209305478523405,0.982,0.99,1.15706914564352e-183,"4","ATOX1"
"LGALS1",5.04754573325283e-188,0.200233389670141,1,0.999,1.21125954960868e-183,"4","LGALS1"
"RDH11",2.48089273930061e-187,-0.206598853998972,0.509,0.754,5.95339830649966e-183,"4","RDH11"
"EPB41L3",5.07994636031002e-187,-0.213768382146422,0.48,0.734,1.21903472808359e-182,"4","EPB41L3"
"APMAP",3.04877356653938e-186,-0.20374746668717,0.596,0.802,7.31614192762456e-182,"4","APMAP"
"GLUL.2",3.83588863791975e-182,-0.234827236241668,0.435,0.662,9.20498196441601e-178,"4","GLUL"
"SLAMF7",4.85794037416508e-180,-0.200601637466217,0.397,0.626,1.16575995158839e-175,"4","SLAMF7"
"HSD17B4.1",3.25036443888916e-178,-0.214746785298499,0.696,0.842,7.79989954400232e-174,"4","HSD17B4"
"QKI.1",1.11648024271027e-177,-0.200392406134641,0.966,0.985,2.67921763843184e-173,"4","QKI"
"ANXA6.2",2.37984435846957e-175,-0.215515738554597,0.484,0.689,5.71091250701943e-171,"4","ANXA6"
"LINC01480",4.23290011330598e-172,0.223803309025142,0.849,0.741,1.01576904019004e-167,"4","LINC01480"
"DOCK4.2",1.05759799408824e-171,-0.209621913151531,0.76,0.892,2.53791790641356e-167,"4","DOCK4"
"CHI3L1.1",1.89085524070602e-169,-0.320426871484201,0.592,0.758,4.53748532112224e-165,"4","CHI3L1"
"IFI6.1",7.71574115296069e-167,-0.322545842009131,0.324,0.553,1.85154640447598e-162,"4","IFI6"
"PLAUR",2.0646376702359e-166,-0.24418791193814,0.533,0.73,4.95451101726509e-162,"4","PLAUR"
"IDH1.1",6.26121216801879e-166,-0.220588431729869,0.661,0.824,1.50250308395947e-161,"4","IDH1"
"SRGN.2",9.54140723165394e-165,-0.292905319534389,0.993,0.996,2.28965149338e-160,"4","SRGN"
"MT-ND5.1",3.36418781569883e-161,-0.346098946424218,0.996,0.997,8.07304150133248e-157,"4","MT-ND5"
"CLEC5A",1.98470642987996e-159,-0.27084771918007,0.342,0.575,4.76270001978294e-155,"4","CLEC5A"
"SMIM4.1",5.55542475033079e-155,-0.316885930894391,0.869,0.946,1.33313527733688e-150,"4","SMIM4"
"SMYD3.2",4.6100332764209e-148,-0.278994406228642,0.484,0.665,1.10626968534272e-143,"4","SMYD3"
"TRPM4.1",1.82611618546745e-147,0.228230573360034,0.631,0.504,4.38213101026625e-143,"4","TRPM4"
"LYZ.1",1.67306695514601e-146,-0.262285803434382,0.703,0.876,4.01485877226387e-142,"4","LYZ"
"CLEC11A",1.7056913397883e-146,-0.208429169515178,0.842,0.916,4.09314750808997e-142,"4","CLEC11A"
"RNASET2",5.14312681069854e-139,-0.220728139540444,0.994,0.995,1.23419614076333e-134,"4","RNASET2"
"FABP5",2.32020057588752e-137,-0.280227810239296,0.896,0.951,5.56778532195729e-133,"4","FABP5"
"TOP2A.3",6.06426685126672e-129,-0.475660080352071,0.077,0.274,1.45524211629848e-124,"4","TOP2A"
"CD14.2",2.52389161362894e-119,-0.316946669667338,0.383,0.598,6.05658270522537e-115,"4","CD14"
"MTRNR2L1.2",2.49441355484961e-112,-0.290540115983216,0.924,0.96,5.98584420757261e-108,"4","MTRNR2L1"
"CDKN1A.2",1.09234739636503e-108,-0.226075743894757,0.47,0.672,2.62130604705717e-104,"4","CDKN1A"
"CCL4.1",1.1778957991573e-74,-0.414848152410275,0.08,0.158,2.82659654923777e-70,"4","CCL4"
"NT5DC2.2",3.81236335108266e-74,-0.357649990446982,0.874,0.934,9.14852833359305e-70,"4","NT5DC2"
"PGA5",1.59582231527933e-63,-0.207174833008673,0.483,0.688,3.82949480997581e-59,"4","PGA5"
"RETN",8.92789987625175e-62,-0.354671142752927,0.537,0.641,2.14242813330413e-57,"4","RETN"
"CDK1.2",8.08752004269015e-56,-0.220404580573609,0.027,0.128,1.94076218464436e-51,"4","CDK1"
"PCLAF.3",1.59363964259794e-53,-0.319369568517177,0.085,0.2,3.82425705034228e-49,"4","PCLAF"
"TYMS.3",2.71134926415155e-48,-0.263756068304782,0.04,0.138,6.50642482918447e-44,"4","TYMS"
"MKI67.3",2.88557815093917e-36,-0.344491475518611,0.033,0.107,6.92452188880873e-32,"4","MKI67"
"KPNA2.1",7.99160013620634e-34,-0.242048401661156,0.644,0.78,1.91774428468544e-29,"4","KPNA2"
"HMGB2.3",5.91208928953779e-21,-0.314537723013381,0.426,0.533,1.41872406681038e-16,"4","HMGB2"
"NUSAP1.3",2.54098009777982e-18,-0.210424224373728,0.144,0.241,6.09758994064223e-14,"4","NUSAP1"
"TPX2.3",7.33198217438708e-18,-0.213297236273587,0.08,0.162,1.75945576238767e-13,"4","TPX2"
"CENPF.3",1.18425306230288e-15,-0.314623243611426,0.149,0.195,2.84185207360822e-11,"4","CENPF"
"HIST1H4C.3",1.87845021341535e-12,-0.334261954243487,0.667,0.699,4.50771697713281e-08,"4","HIST1H4C"
"TUBB.3",5.54743547309485e-08,-0.321369553623877,0.939,0.962,0.00133121809047857,"4","TUBB"
"VSIG4.3",0,0.581303247400376,0.79,0.429,0,"5","VSIG4"
"MT-ND5.2",0,0.568493219787424,1,0.996,0,"5","MT-ND5"
"C1QA.3",0,0.545592608070882,1,0.999,0,"5","C1QA"
"STAB1.3",0,0.491945903942611,0.957,0.858,0,"5","STAB1"
"PGA5.1",0,0.454405863071141,0.903,0.642,0,"5","PGA5"
"MT-ND4",0,0.45389606207855,1,1,0,"5","MT-ND4"
"MT-CYB.1",0,0.444951603105967,1,1,0,"5","MT-CYB"
"CRYBB1.3",0,0.433844806931441,0.813,0.438,0,"5","CRYBB1"
"AGR2.1",0,0.425124228157457,0.796,0.463,0,"5","AGR2"
"C1QB.2",0,0.392379541248099,0.999,0.993,0,"5","C1QB"
"RNASE2.3",0,0.383047422536411,0.784,0.456,0,"5","RNASE2"
"C1QC.2",0,0.378625637350772,1,1,0,"5","C1QC"
"SCD.1",0,0.364987310937245,0.942,0.782,0,"5","SCD"
"CD163.3",0,0.364312977714939,0.856,0.533,0,"5","CD163"
"RNASET2.1",0,0.360948013616581,1,0.994,0,"5","RNASET2"
"FSCN1.1",0,0.356541606675142,0.843,0.515,0,"5","FSCN1"
"MT-ND4L",0,0.34752032633014,0.999,0.971,0,"5","MT-ND4L"
"SQLE.2",0,0.341416577291939,0.835,0.477,0,"5","SQLE"
"HMGCS1.1",0,0.326481802038592,0.756,0.444,0,"5","HMGCS1"
"MT-CO3.1",0,0.32295343980643,1,1,0,"5","MT-CO3"
"DAB2.3",0,0.317833613124652,0.994,0.927,0,"5","DAB2"
"IDI1.1",0,0.309309617369795,0.899,0.658,0,"5","IDI1"
"MSMO1.1",0,0.3072710501795,0.77,0.41,0,"5","MSMO1"
"CCND1",0,0.299981166169477,0.966,0.843,0,"5","CCND1"
"FCGR1A.3",0,0.288375944803696,0.955,0.703,0,"5","FCGR1A"
"PLD3.3",0,0.28791114354316,0.998,0.948,0,"5","PLD3"
"MT-ND2.1",0,0.28364782869718,1,1,0,"5","MT-ND2"
"FCGRT.2",0,0.277157849968648,1,1,0,"5","FCGRT"
"BST2.1",0,0.274267324238738,0.996,0.961,0,"5","BST2"
"NISCH.3",0,0.270462757768988,0.935,0.713,0,"5","NISCH"
"NRP1.3",0,0.268932033065497,0.897,0.631,0,"5","NRP1"
"CMKLR1.3",0,0.267795525753246,0.962,0.815,0,"5","CMKLR1"
"INSIG1.1",0,0.262863876354964,0.779,0.459,0,"5","INSIG1"
"SERPINB6.2",0,0.247940930950666,0.968,0.85,0,"5","SERPINB6"
"IGFBP4.3",0,0.246635339295917,0.663,0.346,0,"5","IGFBP4"
"C3.1",0,0.245153883049972,1,0.997,0,"5","C3"
"IDH1.2",0,0.22825402299388,0.944,0.793,0,"5","IDH1"
"ADAP2.2",0,0.227900373506479,0.996,0.966,0,"5","ADAP2"
"ITGAM",0,0.223938052985879,0.854,0.599,0,"5","ITGAM"
"CYBB",0,0.221912171984222,0.999,0.983,0,"5","CYBB"
"MAF.3",0,0.214761593647397,0.996,0.952,0,"5","MAF"
"CD33",0,0.214325072472631,0.905,0.713,0,"5","CD33"
"NPC2.3",0,0.214317399910045,1,1,0,"5","NPC2"
"CX3CR1.2",0,0.210496036089907,0.984,0.869,0,"5","CX3CR1"
"RPS21",0,-0.202850658530115,1,1,0,"5","RPS21"
"TXN",0,-0.269429691696306,0.975,0.982,0,"5","TXN"
"CST7.1",0,-0.277970000526996,0.154,0.37,0,"5","CST7"
"PRDX1",0,-0.281758824300667,1,0.999,0,"5","PRDX1"
"NAP1L1",0,-0.318635278652485,0.999,0.999,0,"5","NAP1L1"
"CALM1.1",0,-0.333022512345381,1,1,0,"5","CALM1"
"AP1S2.3",0,-0.333905904304935,0.777,0.866,0,"5","AP1S2"
"BHLHE41.2",0,-0.335378044398522,0.389,0.62,0,"5","BHLHE41"
"LSP1.3",0,-0.349062032832618,0.946,0.971,0,"5","LSP1"
"LGALS1.1",0,-0.356991552791019,0.999,0.999,0,"5","LGALS1"
"HMGB1.2",0,-0.378233576342211,0.996,0.997,0,"5","HMGB1"
"ABCA1.3",0,-0.395754273258817,0.123,0.355,0,"5","ABCA1"
"CD52.2",0,-0.44240790601573,0.114,0.372,0,"5","CD52"
"VIM.2",0,-0.481926723860949,0.991,0.999,0,"5","VIM"
"CD1E.3",0,-0.485792427614192,0.202,0.424,0,"5","CD1E"
"ARL4C.2",0,-0.490980095761205,0.409,0.646,0,"5","ARL4C"
"STMN1.3",0,-0.568946524208899,0.891,0.94,0,"5","STMN1"
"S100A6.2",0,-0.569568684951721,0.885,0.938,0,"5","S100A6"
"S100A10.2",0,-0.593646066767966,0.78,0.882,0,"5","S100A10"
"HLA-DQA1.3",0,-0.717863750460564,0.248,0.561,0,"5","HLA-DQA1"
"HLA-DPA1.4",0,-0.736247507674523,0.977,0.98,0,"5","HLA-DPA1"
"HLA-DRB1.2",0,-0.748744427780738,0.969,0.98,0,"5","HLA-DRB1"
"HLA-DQB1.3",0,-0.818102377281903,0.331,0.641,0,"5","HLA-DQB1"
"CD9.2",0,-0.859412122708395,0.43,0.838,0,"5","CD9"
"HLA-DRA.2",0,-0.928931249483132,0.969,0.979,0,"5","HLA-DRA"
"HLA-DPB1.4",0,-1.06526672843699,0.879,0.935,0,"5","HLA-DPB1"
"H2AFZ.3",1.7835769814869e-320,-0.390539928170403,0.992,0.993,4.28004968247411e-316,"5","H2AFZ"
"DHCR24.1",3.7919777549842e-314,0.220159952046645,0.777,0.482,9.0996090186356e-310,"5","DHCR24"
"FADS1.2",2.88354683583416e-313,0.269216569790979,0.872,0.622,6.91964734195124e-309,"5","FADS1"
"MT-ND3.1",1.72390490276472e-311,0.33668035465063,1,0.999,4.1368545951645e-307,"5","MT-ND3"
"FDPS.3",1.21077909092195e-310,0.298390459430876,0.942,0.775,2.90550658448541e-306,"5","FDPS"
"CBX3.1",6.23952807061472e-309,-0.2696875816326,0.915,0.945,1.49729955110541e-304,"5","CBX3"
"MT-CO2",2.42212512320903e-303,0.255001389521154,1,1,5.81237365816472e-299,"5","MT-CO2"
"SERPINF1.2",2.40993512843627e-302,0.261450954938344,0.984,0.932,5.78312132770851e-298,"5","SERPINF1"
"FDFT1.3",6.9796062560252e-302,0.243784188372031,0.888,0.65,1.67489611325837e-297,"5","FDFT1"
"FCGR3A.3",4.73173251766731e-301,0.299843362181833,0.519,0.249,1.13547385226462e-296,"5","FCGR3A"
"LITAF",1.25560988446232e-299,-0.27071382916174,0.904,0.928,3.01308703974423e-295,"5","LITAF"
"SH3BGRL3.2",6.64129813523673e-297,-0.261080054194037,1,1,1.59371231351276e-292,"5","SH3BGRL3"
"PTMS.2",1.28584023723072e-294,-0.332678123179136,0.907,0.945,3.08563081728255e-290,"5","PTMS"
"BIN1",3.39516963411271e-284,0.200258584221169,0.774,0.514,8.14738857098026e-280,"5","BIN1"
"CLEC11A.1",6.79300282922395e-284,0.241089477986476,0.971,0.902,1.63011688892887e-279,"5","CLEC11A"
"SMCO4.2",2.23549145755459e-281,-0.234605113151035,0.599,0.718,5.36450885069375e-277,"5","SMCO4"
"HLA-DMA.2",9.49641975257271e-277,-0.360304272472003,0.818,0.891,2.27885584802487e-272,"5","HLA-DMA"
"ID3.3",3.74464156188546e-276,0.317041367562014,0.908,0.717,8.98601635605653e-272,"5","ID3"
"BASP1.1",5.01677853246136e-273,-0.347102353529763,0.684,0.773,1.20387634443475e-268,"5","BASP1"
"IGF1.3",6.87769517799065e-273,0.274745691407697,0.82,0.557,1.65044051186242e-268,"5","IGF1"
"CD74.2",1.01192331978606e-272,-0.553112954419514,1,1,2.42831239049061e-268,"5","CD74"
"MTUS1.3",3.10148359915797e-272,0.248255701803972,0.945,0.776,7.44263019289938e-268,"5","MTUS1"
"GPNMB.4",1.45243231257552e-268,-0.767587070928476,0.081,0.237,3.48540182048747e-264,"5","GPNMB"
"PTMA.1",5.53747643772773e-267,-0.236669111328597,1,1,1.32882822076152e-262,"5","PTMA"
"FTL.3",1.20870526317636e-266,0.203581560565195,1,1,2.90053002004432e-262,"5","FTL"
"PLA2G7.3",2.35627042525545e-265,-0.345668211732617,0.684,0.677,5.65434213948549e-261,"5","PLA2G7"
"ID2",2.23425499147704e-263,0.223740612849699,0.995,0.975,5.36154170304744e-259,"5","ID2"
"IVNS1ABP.1",3.14265473155292e-263,-0.233894234166479,0.747,0.823,7.54142855930754e-259,"5","IVNS1ABP"
"LCP1.3",8.90071764972917e-263,-0.287214937483121,0.985,0.982,2.13590521440551e-258,"5","LCP1"
"PLBD1",4.97201477393254e-259,0.225358888786844,0.791,0.553,1.19313438530059e-254,"5","PLBD1"
"SLC18A2.2",1.90965291058839e-256,-0.210898261653684,0.147,0.342,4.58259408953896e-252,"5","SLC18A2"
"CTSH",2.56043334922029e-253,-0.24689807161104,0.952,0.965,6.14427190812393e-249,"5","CTSH"
"ACAT2.3",5.9994615936875e-253,0.238537199473007,0.841,0.567,1.43969079863719e-248,"5","ACAT2"
"SUB1.2",3.99837640039056e-250,-0.211860815651854,0.998,0.997,9.59490384801724e-246,"5","SUB1"
"MTRNR2L1.3",1.89326569902792e-244,-0.533631165221038,0.96,0.956,4.54326969795729e-240,"5","MTRNR2L1"
"SMS",3.97825637317426e-242,-0.201546159443125,0.688,0.761,9.54662181870628e-238,"5","SMS"
"S100B.1",1.81813577582723e-241,0.265591332089154,1,0.997,4.36298042125261e-237,"5","S100B"
"CD1C.4",1.57735922951755e-238,-0.388785518114162,0.632,0.611,3.78518894307326e-234,"5","CD1C"
"MT-ATP6.2",2.77768392845163e-235,0.261385664113504,1,1,6.66560812310538e-231,"5","MT-ATP6"
"FABP5.1",8.92969137131097e-235,-0.295774279070093,0.947,0.945,2.14285803837349e-230,"5","FABP5"
"FTH1.3",4.14569973940145e-233,-0.442816001705387,1,1,9.94843566464165e-229,"5","FTH1"
"ANXA2",9.50906813769098e-232,-0.237988522169118,0.896,0.926,2.2818910810017e-227,"5","ANXA2"
"GATM.2",1.3969531775172e-231,0.200709078295708,0.886,0.693,3.35226854008804e-227,"5","GATM"
"RGS1.3",3.01775218272878e-230,-0.255230506715651,0.097,0.244,7.24169991289426e-226,"5","RGS1"
"CD207.4",4.34096712011884e-228,-0.453127945902626,0.039,0.183,1.04170187981492e-223,"5","CD207"
"HERPUD1.3",2.50351626976213e-227,-0.354993219610428,0.994,0.996,6.00768799254819e-223,"5","HERPUD1"
"CIITA.2",9.67083662057266e-222,-0.231725374892624,0.332,0.521,2.32071066383882e-217,"5","CIITA"
"FXYD5.2",1.06185132561547e-219,-0.229028080167459,0.91,0.934,2.54812462607944e-215,"5","FXYD5"
"PLSCR1",2.63328384111284e-218,-0.214897594334256,0.64,0.74,6.31909123351849e-214,"5","PLSCR1"
"PHLDA1",2.75277681331099e-211,-0.238098971806973,0.334,0.476,6.60583851890237e-207,"5","PHLDA1"
"LMO4",6.99616613695048e-209,-0.235674011756796,0.778,0.843,1.67886998788401e-204,"5","LMO4"
"OLR1",4.92497042941576e-204,-0.241408841667226,0.671,0.758,1.1818451539469e-199,"5","OLR1"
"HMOX1.3",5.08027467119468e-203,-0.328152615219721,0.894,0.893,1.21911351284659e-198,"5","HMOX1"
"ATP2B1",6.53829031117348e-202,-0.207348719966698,0.746,0.816,1.5689935259723e-197,"5","ATP2B1"
"PPA1.3",1.03906190505446e-201,-0.237904737137651,0.821,0.834,2.49343685355918e-197,"5","PPA1"
"RAB42.4",2.63967196585993e-198,-0.329669989673418,0.536,0.558,6.33442081647406e-194,"5","RAB42"
"MNDA.1",6.17703467568998e-198,0.218955750517069,0.471,0.249,1.48230301112533e-193,"5","MNDA"
"FCER1A.3",6.18544193341057e-184,-0.632423853342704,0.349,0.438,1.48432050076053e-179,"5","FCER1A"
"SMYD3.3",3.70502506901432e-182,0.259507911523257,0.807,0.63,8.89094865811367e-178,"5","SMYD3"
"PKIB.2",3.09193116817561e-181,-0.260107828460449,0.956,0.953,7.41970722427102e-177,"5","PKIB"
"ANP32B.1",3.79378265906516e-178,-0.203586386410763,0.944,0.941,9.10394024695866e-174,"5","ANP32B"
"HMGB2.4",5.96113438915271e-177,-0.371482983845778,0.468,0.528,1.43049341936498e-172,"5","HMGB2"
"APOC1.3",2.71210516616173e-172,-0.577833055768303,0.646,0.702,6.50823876723831e-168,"5","APOC1"
"CENPF.4",3.90962097002363e-171,-0.400614002801469,0.097,0.199,9.38191744176572e-167,"5","CENPF"
"CD63.4",4.55743462501515e-169,-0.232853347265189,1,1,1.09364758696489e-164,"5","CD63"
"CSF2RA",8.63136192280782e-167,-0.20723144173966,0.757,0.818,2.07126792061619e-162,"5","CSF2RA"
"LINC01480.1",3.70265015241728e-166,-0.231543375041575,0.689,0.758,8.88524957075574e-162,"5","LINC01480"
"TMIGD3.1",2.68959580328138e-162,0.239767210571895,0.966,0.9,6.45422304913432e-158,"5","TMIGD3"
"SLC29A1.3",6.57528156407464e-162,-0.258903624493627,0.587,0.661,1.57787031693099e-157,"5","SLC29A1"
"LGALS3.3",1.15610931186122e-158,-0.326628806323134,0.331,0.42,2.77431551567338e-154,"5","LGALS3"
"PCLAF.4",3.48423061783102e-154,-0.31622131239268,0.11,0.196,8.3611082136091e-150,"5","PCLAF"
"MKI67.4",6.95642656576281e-153,-0.355213015745749,0.028,0.107,1.6693336829861e-148,"5","MKI67"
"RBPJ.2",5.40682982792519e-152,-0.221232205711319,0.941,0.95,1.29747695380721e-147,"5","RBPJ"
"NUSAP1.4",1.37217527555867e-148,-0.231968017403333,0.154,0.239,3.29280900875814e-144,"5","NUSAP1"
"DEK.1",1.76925009504461e-147,-0.213329099049019,0.902,0.891,4.24566945307855e-143,"5","DEK"
"HMGN2.3",1.73031992306313e-143,-0.333923633453373,0.966,0.956,4.1522487193746e-139,"5","HMGN2"
"CKLF.2",2.94942491249712e-143,-0.255836715076879,0.994,0.991,7.07773496251933e-139,"5","CKLF"
"IFI6.2",5.65769930862776e-142,0.238693551875888,0.726,0.509,1.3576781030914e-137,"5","IFI6"
"SQSTM1.3",7.53103237414586e-139,-0.227701136190428,0.874,0.861,1.80722183882378e-134,"5","SQSTM1"
"CDK1.3",5.46011720352008e-137,-0.213072375139271,0.049,0.125,1.31026432532871e-132,"5","CDK1"
"C12orf75.3",3.14604129614993e-134,-0.287867962280878,0.994,0.98,7.54955529837098e-130,"5","C12orf75"
"TUBA1A",1.06148846855299e-131,0.235119959222525,0.963,0.901,2.54725387798661e-127,"5","TUBA1A"
"JUND.2",1.80242565963364e-130,-0.225070212559693,0.982,0.978,4.32528085542284e-126,"5","JUND"
"TYMS.4",4.49579330372714e-127,-0.2545840927413,0.061,0.135,1.0788555190954e-122,"5","TYMS"
"YWHAH.3",2.00258664668578e-125,-0.259517393535064,0.996,0.99,4.80560717605186e-121,"5","YWHAH"
"DUT.2",1.24211614827128e-122,-0.205301673600902,0.771,0.768,2.98070612100659e-118,"5","DUT"
"S100A9.3",9.50689907774694e-117,0.207268271126944,0.997,0.969,2.28137057168693e-112,"5","S100A9"
"ASAH1.3",5.02651434693906e-115,-0.405886348828309,0.99,0.954,1.20621264783497e-110,"5","ASAH1"
"JAML.2",7.5553691369109e-108,-0.213608798691106,0.84,0.799,1.81306193178451e-103,"5","JAML"
"CLEC10A.2",5.77246429209247e-103,-0.243953763276493,0.114,0.206,1.38521825617343e-98,"5","CLEC10A"
"TPX2.4",1.55361694192528e-102,-0.213567904771823,0.11,0.158,3.72821457553809e-98,"5","TPX2"
"SPP1.2",4.66559247134223e-101,-0.292299639341828,0.979,0.985,1.11960222534799e-96,"5","SPP1"
"RUNX3.1",2.51050042259123e-97,-0.206258431768773,0.964,0.962,6.02444786409217e-93,"5","RUNX3"
"TOP2A.4",3.03367053798055e-95,-0.357329283575929,0.288,0.25,7.27989918999193e-91,"5","TOP2A"
"HIST1H4C.4",4.48557958668556e-92,-0.395489186273046,0.742,0.691,1.07640453341693e-87,"5","HIST1H4C"
"CCL4.2",4.27415729619565e-89,-0.351321557146673,0.094,0.156,1.02566952636807e-84,"5","CCL4"
"CD14.3",1.71183275680917e-87,-0.258158439573618,0.676,0.566,4.10788506651497e-83,"5","CD14"
"RETN.1",6.38009163105455e-84,0.313118499405545,0.703,0.622,1.53103058870416e-79,"5","RETN"
"CCL3.3",3.65063769766001e-83,-0.321066732731839,0.196,0.248,8.76043528307472e-79,"5","CCL3"
"CYP1B1.1",1.41755955999104e-82,-0.270633005246347,0.393,0.477,3.40171767611049e-78,"5","CYP1B1"
"CTSD.3",1.72223469379581e-78,-0.470477208564279,0.999,0.989,4.13284659470182e-74,"5","CTSD"
"LTB.4",3.49049304035377e-71,-0.284510917533221,0.5,0.538,8.37613614893695e-67,"5","LTB"
"NEAT1.3",9.84181238832244e-66,-0.352370792931238,0.994,0.991,2.36173971882574e-61,"5","NEAT1"
"FCGBP.3",2.59744233080898e-64,-0.278375309121584,0.823,0.789,6.2330823612423e-60,"5","FCGBP"
"MMP9.2",2.57733746368333e-56,-0.24196764538162,0.362,0.348,6.1848367116009e-52,"5","MMP9"
"CTSB.3",3.11668813700287e-48,-0.27083675907459,0.991,0.976,7.47911652236579e-44,"5","CTSB"
"ACY3.3",2.40306836191765e-28,-0.325910221036687,0.348,0.302,5.76664314809378e-24,"5","ACY3"
"MTRNR2L12.3",4.13916204508044e-26,-0.206383157607004,0.999,0.997,9.93274715957952e-22,"5","MTRNR2L12"
"MTRNR2L8.3",1.11246501901087e-22,-0.224353910755138,0.994,0.988,2.66958230612038e-18,"5","MTRNR2L8"
"APOE.3",2.73961057975578e-19,-0.241840362615703,0.663,0.605,6.57424350823995e-15,"5","APOE"
"HELLS",0,1.00730777761151,0.954,0.168,0,"6","HELLS"
"DUT.3",0,0.984502778277421,0.977,0.758,0,"6","DUT"
"PCNA.1",0,0.981515216075508,0.971,0.582,0,"6","PCNA"
"TYMS.5",0,0.975441491440087,0.786,0.095,0,"6","TYMS"
"PCLAF.5",0,0.932316321947865,0.846,0.155,0,"6","PCLAF"
"H2AFZ.4",0,0.931620212985683,1,0.992,0,"6","H2AFZ"
"MCM3",0,0.88476045317528,0.969,0.295,0,"6","MCM3"
"MCM5.1",0,0.79774323042911,0.978,0.494,0,"6","MCM5"
"MCM6",0,0.783548460120418,0.93,0.16,0,"6","MCM6"
"NASP",0,0.77667846518528,0.994,0.735,0,"6","NASP"
"CLSPN",0,0.774462356726438,0.865,0.062,0,"6","CLSPN"
"DEK.2",0,0.773566868339441,0.999,0.887,0,"6","DEK"
"MCM7",0,0.767975649584728,0.929,0.199,0,"6","MCM7"
"GINS2",0,0.735876699079187,0.891,0.056,0,"6","GINS2"
"FEN1",0,0.725270778911176,0.903,0.215,0,"6","FEN1"
"ATAD2",0,0.722740950415519,0.896,0.258,0,"6","ATAD2"
"MCM4",0,0.701913013711475,0.91,0.133,0,"6","MCM4"
"RANBP1.1",0,0.695504742360208,0.991,0.834,0,"6","RANBP1"
"TUBB.4",0,0.681151668509144,0.999,0.958,0,"6","TUBB"
"SLBP",0,0.669987157430183,0.956,0.556,0,"6","SLBP"
"DHFR",0,0.637102445754038,0.876,0.398,0,"6","DHFR"
"HNRNPAB.1",0,0.625018841960796,0.997,0.865,0,"6","HNRNPAB"
"UHRF1",0,0.620867560068598,0.823,0.095,0,"6","UHRF1"
"FAM111B",0,0.615814948898996,0.681,0.022,0,"6","FAM111B"
"TK1",0,0.592226647619476,0.643,0.068,0,"6","TK1"
"STMN1.4",0,0.589510437717836,0.997,0.932,0,"6","STMN1"
"HMGB2.5",0,0.575162349817551,0.89,0.504,0,"6","HMGB2"
"CENPU",0,0.563118692178372,0.758,0.083,0,"6","CENPU"
"MSH6",0,0.559987504780531,0.871,0.279,0,"6","MSH6"
"PARP1",0,0.557198461955825,0.971,0.739,0,"6","PARP1"
"PRKDC",0,0.554183306419078,0.982,0.832,0,"6","PRKDC"
"BRCA1",0,0.545865094682413,0.772,0.104,0,"6","BRCA1"
"GMNN",0,0.542735524186798,0.864,0.274,0,"6","GMNN"
"HMGB1.3",0,0.539346568799376,1,0.997,0,"6","HMGB1"
"ORC6",0,0.534355304662246,0.879,0.272,0,"6","ORC6"
"RPA3",0,0.52921395449553,0.933,0.594,0,"6","RPA3"
"DNMT1.1",0,0.528358330454988,0.98,0.805,0,"6","DNMT1"
"SIVA1",0,0.528155779329462,0.98,0.815,0,"6","SIVA1"
"RAN.1",0,0.519968176269379,1,0.982,0,"6","RAN"
"DCTPP1.1",0,0.516842583067115,0.962,0.648,0,"6","DCTPP1"
"TUBA1B.2",0,0.508469988625251,1,0.995,0,"6","TUBA1B"
"PAICS",0,0.488292534949444,0.898,0.411,0,"6","PAICS"
"CDK1.4",0,0.485446852967636,0.65,0.091,0,"6","CDK1"
"E2F1",0,0.481670494814008,0.754,0.037,0,"6","E2F1"
"SNRNP25",0,0.479125965220224,0.952,0.669,0,"6","SNRNP25"
"WDR76",0,0.47773978190124,0.739,0.046,0,"6","WDR76"
"PA2G4.1",0,0.473163302279806,0.989,0.884,0,"6","PA2G4"
"LDHA.1",0,0.470731688471025,0.982,0.833,0,"6","LDHA"
"CKS1B.2",0,0.466817382132821,0.877,0.435,0,"6","CKS1B"
"RRM2",0,0.461105532249693,0.425,0.05,0,"6","RRM2"
"RRM1",0,0.459311347814385,0.785,0.266,0,"6","RRM1"
"USP1",0,0.458596180071891,0.862,0.416,0,"6","USP1"
"DTL",0,0.45836642858158,0.716,0.024,0,"6","DTL"
"PTMA.2",0,0.457772584367007,1,1,0,"6","PTMA"
"TMPO",0,0.45729623686624,0.934,0.589,0,"6","TMPO"
"FADS1.3",0,0.454311939716118,0.92,0.632,0,"6","FADS1"
"DNAJC9",0,0.45419722603987,0.864,0.36,0,"6","DNAJC9"
"PHF19.1",0,0.453533455878313,0.884,0.415,0,"6","PHF19"
"SNRPD1.1",0,0.453134177750534,0.993,0.89,0,"6","SNRPD1"
"FAM111A",0,0.45090926983831,0.748,0.36,0,"6","FAM111A"
"CARHSP1",0,0.450276541769035,0.917,0.595,0,"6","CARHSP1"
"CDT1",0,0.449439418049677,0.738,0.055,0,"6","CDT1"
"CENPM",0,0.449387189531322,0.678,0.099,0,"6","CENPM"
"GGCT",0,0.448811784934589,0.938,0.646,0,"6","GGCT"
"BARD1",0,0.44687063453207,0.816,0.247,0,"6","BARD1"
"CCNE2",0,0.445431539647069,0.634,0.024,0,"6","CCNE2"
"NOP56",0,0.444614620983653,0.941,0.659,0,"6","NOP56"
"CENPK",0,0.443852920503963,0.726,0.136,0,"6","CENPK"
"RAD51AP1",0,0.441915327550935,0.77,0.222,0,"6","RAD51AP1"
"SNRPB.1",0,0.441512943196451,0.996,0.936,0,"6","SNRPB"
"PPM1G.1",0,0.437331002768854,0.99,0.875,0,"6","PPM1G"
"ZWINT",0,0.435680343952777,0.691,0.146,0,"6","ZWINT"
"MAD2L1",0,0.434182590021784,0.734,0.158,0,"6","MAD2L1"
"CENPX",0,0.432861435059391,0.912,0.593,0,"6","CENPX"
"CDC6",0,0.430185441090821,0.7,0.033,0,"6","CDC6"
"MCM2",0,0.427061099450372,0.735,0.069,0,"6","MCM2"
"SMC2",0,0.425709167005657,0.86,0.445,0,"6","SMC2"
"DTYMK",0,0.424592057372413,0.868,0.444,0,"6","DTYMK"
"SRSF7.1",0,0.422888239060461,0.985,0.878,0,"6","SRSF7"
"CHEK1",0,0.419056212211578,0.727,0.066,0,"6","CHEK1"
"RPL22L1.2",0,0.412224313053489,0.973,0.84,0,"6","RPL22L1"
"TMEM106C",0,0.410373144538382,0.685,0.193,0,"6","TMEM106C"
"CBX5",0,0.4101639300185,0.969,0.762,0,"6","CBX5"
"SET.1",0,0.41011423696468,1,0.98,0,"6","SET"
"HSPD1",0,0.407373609943378,0.992,0.923,0,"6","HSPD1"
"ESCO2",0,0.405305706251096,0.547,0.067,0,"6","ESCO2"
"SUPT16H",0,0.400969325329169,0.963,0.755,0,"6","SUPT16H"
"HSPE1",0,0.400821894172058,0.996,0.953,0,"6","HSPE1"
"CDCA7",0,0.398721572199979,0.622,0.012,0,"6","CDCA7"
"RFC4",0,0.39552731225583,0.766,0.215,0,"6","RFC4"
"HAT1",0,0.394337233680719,0.88,0.483,0,"6","HAT1"
"HNRNPF",0,0.39339363765402,0.998,0.971,0,"6","HNRNPF"
"ANP32B.2",0,0.392981371496262,0.993,0.939,0,"6","ANP32B"
"UBE2T",0,0.392838942835888,0.768,0.23,0,"6","UBE2T"
"MYBL2",0,0.391091361880597,0.513,0.045,0,"6","MYBL2"
"NME1.2",0,0.389899906272299,0.975,0.814,0,"6","NME1"
"MKI67.5",0,0.38783270601872,0.548,0.077,0,"6","MKI67"
"PGP",0,0.386504644721645,0.969,0.798,0,"6","PGP"
"TOP2A.5",0,0.380426440127515,0.769,0.228,0,"6","TOP2A"
"ATAD5",0,0.379682137877588,0.727,0.173,0,"6","ATAD5"
"CBX3.2",0,0.379612346380039,0.996,0.939,0,"6","CBX3"
"PSIP1",0,0.378443492779024,0.834,0.443,0,"6","PSIP1"
"SMC3",0,0.377402742089462,0.92,0.631,0,"6","SMC3"
"MMS22L",0,0.37459087330817,0.731,0.166,0,"6","MMS22L"
"RMI2",0,0.373812456966996,0.682,0.077,0,"6","RMI2"
"MCM10",0,0.371561240352586,0.578,0.018,0,"6","MCM10"
"RFC1",0,0.371165080119826,0.87,0.534,0,"6","RFC1"
"EIF4EBP1",0,0.367301639177355,0.987,0.887,0,"6","EIF4EBP1"
"LMNB1.1",0,0.365986490296095,0.781,0.279,0,"6","LMNB1"
"SAMD1",0,0.36276935874959,0.83,0.49,0,"6","SAMD1"
"POLD3",0,0.360318787680291,0.755,0.229,0,"6","POLD3"
"RIF1",0,0.360232347930404,0.882,0.562,0,"6","RIF1"
"SVIP",0,0.357821111032078,0.852,0.565,0,"6","SVIP"
"BRCA2",0,0.356733907113783,0.694,0.181,0,"6","BRCA2"
"SRSF10",0,0.355576586437102,0.957,0.759,0,"6","SRSF10"
"SRSF2",0,0.354804058923638,0.984,0.867,0,"6","SRSF2"
"ASF1B",0,0.35448702411608,0.616,0.072,0,"6","ASF1B"
"WEE1",0,0.353865729917703,0.664,0.083,0,"6","WEE1"
"BRI3BP",0,0.350796333868828,0.973,0.813,0,"6","BRI3BP"
"GMPS",0,0.350669597177529,0.837,0.434,0,"6","GMPS"
"SNRPE.1",0,0.350646695412661,0.985,0.884,0,"6","SNRPE"
"SHCBP1",0,0.350450561484075,0.675,0.129,0,"6","SHCBP1"
"RFC3",0,0.348990263404451,0.678,0.145,0,"6","RFC3"
"C19orf48",0,0.348878610861372,0.782,0.294,0,"6","C19orf48"
"PPP1R14B.2",0,0.3471974435196,0.995,0.933,0,"6","PPP1R14B"
"POLR3K",0,0.345776981770795,0.888,0.541,0,"6","POLR3K"
"CTNNAL1",0,0.344898432353275,0.598,0.076,0,"6","CTNNAL1"
"EIF1AX",0,0.342221184182429,0.98,0.885,0,"6","EIF1AX"
"CHAF1A",0,0.341669009120237,0.706,0.2,0,"6","CHAF1A"
"EIF5A.2",0,0.339315978592131,0.99,0.907,0,"6","EIF5A"
"ATP5MC1",0,0.338214628188355,0.993,0.921,0,"6","ATP5MC1"
"PDCD5.1",0,0.337455306373637,0.981,0.878,0,"6","PDCD5"
"RFC2",0,0.336311160335257,0.841,0.451,0,"6","RFC2"
"TCF19",0,0.331868024630357,0.588,0.056,0,"6","TCF19"
"UNG",0,0.331849266595008,0.607,0.068,0,"6","UNG"
"MRPL17",0,0.32735986356142,0.918,0.653,0,"6","MRPL17"
"FABP5.2",0,0.327238904428194,0.997,0.943,0,"6","FABP5"
"TFDP1",0,0.326557916285671,0.897,0.616,0,"6","TFDP1"
"LSM2",0,0.325187621871475,0.951,0.751,0,"6","LSM2"
"SUZ12",0,0.325158202460935,0.926,0.687,0,"6","SUZ12"
"EZH2",0,0.324273455975935,0.648,0.146,0,"6","EZH2"
"NME4",0,0.323777278884129,0.837,0.535,0,"6","NME4"
"SMC4",0,0.323130714519064,0.73,0.251,0,"6","SMC4"
"TOPBP1",0,0.32201766522793,0.796,0.364,0,"6","TOPBP1"
"CASP8AP2",0,0.321606522300876,0.763,0.343,0,"6","CASP8AP2"
"CDC45",0,0.317509528516821,0.537,0.024,0,"6","CDC45"
"CAND1",0,0.31331418569446,0.879,0.592,0,"6","CAND1"
"TAGLN2",0,0.313266510512131,0.947,0.765,0,"6","TAGLN2"
"HSPB11",0,0.312891621809027,0.92,0.712,0,"6","HSPB11"
"LSM4.1",0,0.312869617590527,0.994,0.931,0,"6","LSM4"
"TPI1.1",0,0.31087123808032,0.999,0.996,0,"6","TPI1"
"MSH2",0,0.309763289116802,0.655,0.157,0,"6","MSH2"
"BTG3",0,0.309268667899527,0.636,0.208,0,"6","BTG3"
"LIG1",0,0.300757677903687,0.613,0.133,0,"6","LIG1"
"SF3A3",0,0.299587457543235,0.896,0.624,0,"6","SF3A3"
"RBBP7",0,0.299376072430117,0.913,0.677,0,"6","RBBP7"
"SNRPG.1",0,0.298167045921902,0.998,0.969,0,"6","SNRPG"
"PRIM1",0,0.297779184936965,0.629,0.125,0,"6","PRIM1"
"NETO2",0,0.295351093224907,0.672,0.23,0,"6","NETO2"
"CACYBP",0,0.292695598601463,0.977,0.87,0,"6","CACYBP"
"ALYREF",0,0.291942395011821,0.873,0.581,0,"6","ALYREF"
"TMEM160",0,0.286609842782623,0.986,0.883,0,"6","TMEM160"
"XRCC2",0,0.283683928356608,0.537,0.036,0,"6","XRCC2"
"NXT1",0,0.282947337247118,0.83,0.491,0,"6","NXT1"
"POLE3",0,0.282541264680403,0.867,0.561,0,"6","POLE3"
"NCAPD3",0,0.282420645671987,0.696,0.266,0,"6","NCAPD3"
"NUSAP1.5",0,0.278443078925479,0.687,0.208,0,"6","NUSAP1"
"POLD2",0,0.275518971327206,0.716,0.309,0,"6","POLD2"
"FANCI",0,0.274343853675486,0.528,0.093,0,"6","FANCI"
"VRK1",0,0.273780320196106,0.722,0.317,0,"6","VRK1"
"MRPS26",0,0.273349112809137,0.851,0.55,0,"6","MRPS26"
"POP7",0,0.272632080049038,0.841,0.523,0,"6","POP7"
"RPA2",0,0.270236865790594,0.841,0.552,0,"6","RPA2"
"NCAPG",0,0.269503806355167,0.475,0.052,0,"6","NCAPG"
"PKMYT1",0,0.268740517384253,0.464,0.027,0,"6","PKMYT1"
"COPS3",0,0.267871623805537,0.933,0.733,0,"6","COPS3"
"SNRPA1",0,0.267107028404179,0.806,0.499,0,"6","SNRPA1"
"FANCA",0,0.265473920472896,0.553,0.068,0,"6","FANCA"
"RBBP8",0,0.264250348459182,0.585,0.169,0,"6","RBBP8"
"SLC1A5",0,0.261973277730258,0.75,0.376,0,"6","SLC1A5"
"PSMG1",0,0.260104477417273,0.851,0.58,0,"6","PSMG1"
"TIMELESS",0,0.258238390506987,0.593,0.152,0,"6","TIMELESS"
"EEF1E1",0,0.255488293320511,0.81,0.496,0,"6","EEF1E1"
"CENPH",0,0.254173583405232,0.561,0.109,0,"6","CENPH"
"MYO19",0,0.248906679432444,0.597,0.16,0,"6","MYO19"
"C21orf58",0,0.248371717139742,0.547,0.103,0,"6","C21orf58"
"ARL6IP6",0,0.242815138968249,0.706,0.342,0,"6","ARL6IP6"
"RBL1",0,0.241825498041215,0.559,0.113,0,"6","RBL1"
"RPL35",0,0.240150854305141,1,1,0,"6","RPL35"
"EXOSC8",0,0.237954759519915,0.738,0.383,0,"6","EXOSC8"
"MND1",0,0.235817709761598,0.432,0.044,0,"6","MND1"
"TPX2.5",0,0.234970008566727,0.633,0.13,0,"6","TPX2"
"RAD51C",0,0.232218452664585,0.664,0.307,0,"6","RAD51C"
"WDHD1",0,0.232201430615216,0.518,0.061,0,"6","WDHD1"
"MTHFD1",0,0.229694372773595,0.598,0.218,0,"6","MTHFD1"
"TIPIN",0,0.226928809221483,0.553,0.14,0,"6","TIPIN"
"ZNF367",0,0.226312320917816,0.461,0.016,0,"6","ZNF367"
"DSN1",0,0.223699584208506,0.549,0.129,0,"6","DSN1"
"FIGNL1",0,0.220232367676944,0.543,0.135,0,"6","FIGNL1"
"MELK",0,0.219627285447437,0.463,0.057,0,"6","MELK"
"EXOSC9",0,0.218212549498692,0.662,0.295,0,"6","EXOSC9"
"SFXN1",0,0.216987621758353,0.633,0.27,0,"6","SFXN1"
"SLF1",0,0.213323993033966,0.528,0.11,0,"6","SLF1"
"MCM8",0,0.211833905885323,0.489,0.074,0,"6","MCM8"
"KNL1",0,0.210644488031695,0.498,0.092,0,"6","KNL1"
"POLA2",0,0.207709735591123,0.54,0.143,0,"6","POLA2"
"RFC5",0,0.207180155833902,0.49,0.082,0,"6","RFC5"
"E2F2",0,0.205641860765968,0.391,0.015,0,"6","E2F2"
"BLM",0,0.203897736184596,0.451,0.058,0,"6","BLM"
"DSCC1",0,0.203674985570369,0.428,0.024,0,"6","DSCC1"
"NPC2.4",0,-0.217727053052949,1,1,0,"6","NPC2"
"MARCKS.3",0,-0.336282539612403,0.989,0.991,0,"6","MARCKS"
"MAF.4",0,-0.352875128932204,0.94,0.957,0,"6","MAF"
"BRI3.3",0,-0.353172458845846,0.998,0.999,0,"6","BRI3"
"PNRC1",0,-0.354118101178416,0.846,0.941,0,"6","PNRC1"
"CTSS.3",0,-0.448739725780947,0.994,0.997,0,"6","CTSS"
"LIPA.3",0,-0.528675806995014,0.938,0.956,0,"6","LIPA"
"SAT1.3",0,-0.5565446375218,0.998,1,0,"6","SAT1"
"FUCA1.3",0,-0.716953529369832,0.88,0.925,0,"6","FUCA1"
"NEAT1.4",0,-0.816804752126106,0.971,0.992,0,"6","NEAT1"
"A2M.3",4.94065645841247e-324,-0.359858373403319,0.987,0.992,1.18560933032524e-319,"6","A2M"
"CTSB.4",4.94065645841247e-324,-0.54125512452466,0.974,0.978,1.18560933032524e-319,"6","CTSB"
"LSM5",1.18575755001899e-322,0.275526578008507,0.986,0.9,2.84546239278057e-318,"6","LSM5"
"TMEM97.1",2.91498731046335e-322,0.290532228655087,0.89,0.614,6.99509504891891e-318,"6","TMEM97"
"MS4A7.3",5.99548661228353e-320,-0.652499133844779,0.817,0.881,1.43873692234968e-315,"6","MS4A7"
"NOP58",1.50654943320725e-318,0.271690917106067,0.833,0.498,3.61526667486745e-314,"6","NOP58"
"DCK",1.65689360923675e-318,0.268046411383853,0.892,0.642,3.97604759408542e-314,"6","DCK"
"RPA1",3.86282507839926e-317,0.262312652445797,0.831,0.509,9.26962134063472e-313,"6","RPA1"
"LSM3",2.05215926805592e-316,0.264094726266032,0.985,0.906,4.9245665955538e-312,"6","LSM3"
"CDK4",9.07638190771884e-316,0.263149956524502,0.799,0.464,2.17805936639529e-311,"6","CDK4"
"CENPW",7.4149750236293e-315,0.291141174165863,0.745,0.343,1.77937155642032e-310,"6","CENPW"
"ZEB2.3",3.507162165938e-314,-0.346365336882422,0.735,0.846,8.41613704960143e-310,"6","ZEB2"
"MALAT1.1",2.33460571232253e-311,-0.355824303809831,1,0.999,5.60235332786039e-307,"6","MALAT1"
"POLE4",3.02711141292695e-309,0.26263236448295,0.932,0.748,7.26415925760081e-305,"6","POLE4"
"NHP2.1",7.29034704239472e-309,0.279583205657689,0.959,0.804,1.74946457976346e-304,"6","NHP2"
"BRIX1",7.44110208553335e-307,0.220782573136288,0.693,0.341,1.78564126746544e-302,"6","BRIX1"
"ENO1.1",9.84678141205861e-307,0.332771987649146,1,0.994,2.3629321354517e-302,"6","ENO1"
"SRM",5.47610260566879e-305,0.305262819035214,0.935,0.704,1.31410034228234e-300,"6","SRM"
"DHX15",6.50858231694664e-305,0.261302827861525,0.881,0.627,1.56186449859768e-300,"6","DHX15"
"PLD3.4",5.58866457053414e-304,-0.350111605186362,0.943,0.953,1.34111183699108e-299,"6","PLD3"
"HPRT1",3.14746536125274e-303,0.244276604156765,0.856,0.587,7.55297262739819e-299,"6","HPRT1"
"NOLC1",4.02304779014789e-302,0.264461248141897,0.728,0.364,9.65410778201788e-298,"6","NOLC1"
"ASAH1.4",9.50647745686584e-300,-0.621975050682191,0.947,0.958,2.2812693953241e-295,"6","ASAH1"
"IMPA2",4.66162780870178e-298,0.222508960426492,0.71,0.368,1.11865082525417e-293,"6","IMPA2"
"RBBP4",1.12303604948905e-297,0.282958951342356,0.954,0.809,2.69494960795886e-293,"6","RBBP4"
"FCGR2A.2",6.17059738114841e-297,-0.310209044482281,0.7,0.816,1.48075825355418e-292,"6","FCGR2A"
"TEX30.1",6.86517319039851e-296,0.203862779514132,0.664,0.337,1.64743561049993e-291,"6","TEX30"
"HNRNPD",5.7753287673238e-295,0.31270482818616,0.99,0.932,1.38590564429469e-290,"6","HNRNPD"
"HNRNPR",2.0870670612839e-294,0.304402027490295,0.962,0.826,5.00833482696298e-290,"6","HNRNPR"
"CKLF.3",4.15200773457014e-289,0.296836520357043,0.999,0.99,9.96357296064797e-285,"6","CKLF"
"C1QBP.2",9.40023735366168e-289,0.31223910132234,0.994,0.932,2.25577495775819e-284,"6","C1QBP"
"CREG1.3",7.20894596784977e-288,-0.33779805700778,0.852,0.881,1.72993076390491e-283,"6","CREG1"
"HSP90AA1",1.04728951740939e-287,0.409808327558439,1,0.998,2.51318065492731e-283,"6","HSP90AA1"
"HIRIP3",4.4052268898757e-287,0.230109044909893,0.594,0.189,1.05712229676347e-282,"6","HIRIP3"
"CMKLR1.4",4.4507667846638e-286,-0.282035690301284,0.775,0.831,1.06805050531577e-281,"6","CMKLR1"
"N4BP2L2.1",1.3950910578424e-285,-0.270573591036065,0.957,0.969,3.34780001150441e-281,"6","N4BP2L2"
"HMGA1",1.66492520417289e-285,0.310480549244382,0.989,0.934,3.99532101245368e-281,"6","HMGA1"
"C5AR1.2",2.47385449432171e-285,-0.293141692748913,0.308,0.535,5.93650863002381e-281,"6","C5AR1"
"HMOX1.4",2.63021292816166e-281,-0.452745314039742,0.785,0.899,6.31172196370953e-277,"6","HMOX1"
"SERBP1",1.03856514531906e-279,0.312029969886529,0.999,0.983,2.49224477922216e-275,"6","SERBP1"
"EIF1",2.26677108523285e-279,-0.221298457462811,1,1,5.43957057323326e-275,"6","EIF1"
"MRPS34",1.10687254563341e-278,0.27689102589855,0.988,0.909,2.6561620477565e-274,"6","MRPS34"
"PGAM1",6.52170120611969e-278,0.290618237331779,0.989,0.937,1.56501263843254e-273,"6","PGAM1"
"WSB1.1",2.75898136071149e-277,-0.218863318456184,0.888,0.924,6.62072757129935e-273,"6","WSB1"
"DAB2.4",7.40590691082025e-277,-0.306719214745584,0.919,0.934,1.77719548138954e-272,"6","DAB2"
"NCL.2",5.94002549600328e-275,0.424513011745777,0.999,0.984,1.42542791827591e-270,"6","NCL"
"HMGN1",1.40609564782569e-274,0.256971085646288,1,0.992,3.37420772608731e-270,"6","HMGN1"
"FTH1.4",2.14134688872768e-274,-0.618202174611035,1,1,5.13859012887981e-270,"6","FTH1"
"MZT2A.1",2.23737853789638e-274,0.262019816981386,0.966,0.834,5.36903727738994e-270,"6","MZT2A"
"SAC3D1",2.3006990407698e-274,0.228800323458066,0.775,0.464,5.52098748813529e-270,"6","SAC3D1"
"TMEM106A",3.56014911606341e-273,-0.206774777932647,0.549,0.689,8.54328983381736e-269,"6","TMEM106A"
"NUDT8.2",6.9326812871341e-273,0.271008187930434,0.744,0.417,1.66363552847357e-268,"6","NUDT8"
"NSD2",2.76112069211547e-272,0.252475691469402,0.667,0.254,6.62586132486949e-268,"6","NSD2"
"SNRPF",1.19669143995752e-271,0.241384709991158,0.968,0.854,2.87170044846605e-267,"6","SNRPF"
"SSRP1",2.24914760118994e-270,0.278511588233802,0.802,0.475,5.3972794985755e-266,"6","SSRP1"
"SRSF3.1",3.50424804019473e-270,0.296897983433989,0.987,0.901,8.4091440220553e-266,"6","SRSF3"
"LRR1",4.01416581239276e-266,0.204975021314683,0.666,0.291,9.63279369999891e-262,"6","LRR1"
"MIF.2",2.58284406146501e-265,0.269388661602587,0.942,0.797,6.19805089429757e-261,"6","MIF"
"CREBRF.2",5.86018530154031e-265,-0.283640417925848,0.349,0.59,1.40626866681063e-260,"6","CREBRF"
"C12orf75.4",8.34913964241345e-265,0.291719250506046,0.999,0.981,2.00354303998995e-260,"6","C12orf75"
"HNRNPDL",9.12292222804648e-261,0.275070789836773,0.99,0.931,2.18922764706431e-256,"6","HNRNPDL"
"GM2A.3",5.78664356760961e-258,-0.382587244794383,0.943,0.945,1.38862085691928e-253,"6","GM2A"
"PXMP2",1.44811180278702e-257,0.215582570836549,0.606,0.242,3.47503389314801e-253,"6","PXMP2"
"PRDX2",9.79778887952062e-257,0.260925669167913,0.995,0.962,2.35117539741856e-252,"6","PRDX2"
"ATP6V0A1",6.80508546532388e-256,-0.247258830186855,0.681,0.809,1.63301635911377e-251,"6","ATP6V0A1"
"SKA2",4.38057679378757e-255,0.263409571887105,0.817,0.478,1.0512070132052e-250,"6","SKA2"
"MCMBP",5.2339162878442e-255,0.226468912966402,0.878,0.636,1.25598289159397e-250,"6","MCMBP"
"TYROBP",8.65146566507483e-255,-0.256904112853793,1,1,2.07609221564801e-250,"6","TYROBP"
"NCOA3",4.45029341602787e-253,-0.231471187773812,0.54,0.734,1.06793691104421e-248,"6","NCOA3"
"SDCBP.3",1.60155910184358e-252,-0.340896549728021,0.97,0.982,3.84326137669405e-248,"6","SDCBP"
"CMC2",3.05648772610199e-252,0.230189400087674,0.806,0.527,7.33465359632694e-248,"6","CMC2"
"MT-ND6.1",3.26896368028517e-252,0.322660513902504,0.954,0.848,7.84453214358033e-248,"6","MT-ND6"
"LSM7.1",1.4332194592174e-250,0.216753776384828,0.986,0.912,3.43929673628399e-246,"6","LSM7"
"TUBG1",2.57774445849563e-250,0.211860017579542,0.64,0.295,6.18581337705196e-246,"6","TUBG1"
"PAXX.1",3.487466173447e-250,0.221916092599554,0.909,0.684,8.36887257642077e-246,"6","PAXX"
"UBA2",1.68163239194138e-247,0.230345431813924,0.86,0.61,4.03541325094173e-243,"6","UBA2"
"CD84.3",1.80000871599454e-247,-0.262658922777811,0.803,0.848,4.31948091577211e-243,"6","CD84"
"NAP1L4",2.72878500216303e-247,0.236878974061028,0.868,0.63,6.54826536969062e-243,"6","NAP1L4"
"MTRNR2L8.4",1.26555443563785e-246,-0.310687346367216,0.989,0.988,3.03695097920015e-242,"6","MTRNR2L8"
"LACC1.3",1.81576108064761e-246,-0.229707994271502,0.97,0.971,4.35728186523008e-242,"6","LACC1"
"YWHAQ",2.26029117496945e-245,0.232767724026802,0.944,0.796,5.42402073257419e-241,"6","YWHAQ"
"ARPC5L",2.496140113381e-244,0.222845962626903,0.936,0.754,5.98998743008038e-240,"6","ARPC5L"
"NCOA4.3",1.74942360559586e-242,-0.271793286248308,0.915,0.94,4.19809182634838e-238,"6","NCOA4"
"RPL39L",3.92797238079697e-242,0.244430065129427,0.682,0.32,9.42595532219849e-238,"6","RPL39L"
"PTGES3",5.54134647132708e-242,0.274176258284275,0.996,0.952,1.32975691272436e-237,"6","PTGES3"
"RPS26",1.60498650253189e-241,0.20626903089343,1,0.999,3.85148611012578e-237,"6","RPS26"
"IPO5",7.49191658666557e-241,0.225002936991336,0.778,0.476,1.79783522330214e-236,"6","IPO5"
"MTRNR2L12.4",3.39219794882345e-240,-0.294484831860576,0.996,0.997,8.14025741779164e-236,"6","MTRNR2L12"
"ERH",4.13604811700568e-240,0.209949903326243,0.988,0.948,9.92527466637853e-236,"6","ERH"
"MAFB.3",4.79628068029425e-239,-0.355084150502399,0.764,0.827,1.15096347485021e-234,"6","MAFB"
"POLR2I",8.53573411786649e-236,0.210162433155359,0.926,0.777,2.04832011626442e-231,"6","POLR2I"
"CTSD.4",9.3973164164851e-235,-0.581272413601928,0.992,0.989,2.25507402046393e-230,"6","CTSD"
"CCR1.3",1.20480739056653e-233,-0.205161934534547,0.709,0.758,2.8911762951425e-229,"6","CCR1"
"CSE1L",8.65277832303079e-233,0.228248307970726,0.727,0.379,2.0764072141777e-228,"6","CSE1L"
"SRP9",2.13873249916598e-232,0.215031666684198,0.981,0.899,5.1323163782486e-228,"6","SRP9"
"CCNG2",5.68874553835019e-231,-0.204017943459993,0.245,0.496,1.3651282668379e-226,"6","CCNG2"
"C3AR1.1",1.3149214376325e-230,-0.258847345909737,0.924,0.952,3.15541697388671e-226,"6","C3AR1"
"GGH",4.18260364786568e-230,0.208455689087658,0.56,0.186,1.00369939737833e-225,"6","GGH"
"S100A4.3",8.15762039913691e-230,0.201615872046616,1,1,1.95758416718089e-225,"6","S100A4"
"UBC",5.63616466292296e-229,-0.220021423811051,0.999,0.999,1.35251043416162e-224,"6","UBC"
"GRN.3",6.67874301566217e-229,-0.217448811528625,0.999,0.999,1.60269796146845e-224,"6","GRN"
"YEATS4",1.56816800860838e-228,0.200143948702866,0.7,0.378,3.76313277025754e-224,"6","YEATS4"
"MRPL57",2.29115537927621e-228,0.223179963019546,0.987,0.944,5.49808556364913e-224,"6","MRPL57"
"SNU13",1.29433205983621e-227,0.209506123486759,0.991,0.962,3.10600864398896e-223,"6","SNU13"
"GPR34.3",2.05179406926712e-227,-0.311527266776371,0.87,0.915,4.92369022802031e-223,"6","GPR34"
"KPNB1",1.18481818230582e-226,0.325695361961373,0.985,0.907,2.84320819207927e-222,"6","KPNB1"
"UQCC2",1.39779719175947e-226,0.247555257981246,0.95,0.819,3.35429392106521e-222,"6","UQCC2"
"CLNS1A",1.67357591022121e-226,0.204287081703493,0.947,0.832,4.01608011175785e-222,"6","CLNS1A"
"BAZ1B",2.94636349065822e-226,0.27569990290156,0.894,0.64,7.07038846853253e-222,"6","BAZ1B"
"FBXO5",1.16767043450307e-224,0.260871219930211,0.439,0.115,2.80205874167702e-220,"6","FBXO5"
"ATP6V0E1.2",1.38935889368527e-223,-0.247775154132763,0.999,0.999,3.33404453717655e-219,"6","ATP6V0E1"
"SLCO2B1.3",4.8400599601e-222,-0.238012272514492,0.821,0.84,1.1614691886252e-217,"6","SLCO2B1"
"TTF2",5.67079046601503e-221,0.260462161121481,0.763,0.396,1.36081958812963e-216,"6","TTF2"
"EIF5B",7.53956070472062e-221,0.273605174480436,0.971,0.866,1.80926838231181e-216,"6","EIF5B"
"ACTB.3",3.4226247164511e-220,0.224687127471636,1,1,8.21327253206771e-216,"6","ACTB"
"RNF13.3",4.88648037100863e-220,-0.274198562402013,0.767,0.839,1.17260869463094e-215,"6","RNF13"
"ITM2B.1",1.02984348928197e-219,-0.237907812759265,1,1,2.47131542122994e-215,"6","ITM2B"
"NRP1.4",1.93374655618948e-219,-0.237194726552446,0.587,0.659,4.64041161088789e-215,"6","NRP1"
"HACD3",1.31183007207351e-218,0.213054404841794,0.734,0.426,3.14799862395481e-214,"6","HACD3"
"NUDC",3.9210753321523e-218,0.23223117902106,0.944,0.797,9.40940447456587e-214,"6","NUDC"
"EBP.2",1.20722796397395e-216,0.261013197456164,0.902,0.699,2.89698494514829e-212,"6","EBP"
"FCER1G",1.77604680287017e-216,-0.234129420602888,1,1,4.26197951284755e-212,"6","FCER1G"
"MRPL11",4.84714652260793e-216,0.202920137218413,0.894,0.694,1.16316975103023e-211,"6","MRPL11"
"ITGB1BP1",4.92168127007013e-216,0.201637383081234,0.805,0.564,1.18105585437873e-211,"6","ITGB1BP1"
"SNRPD3",6.99864382644315e-216,0.213321944296562,0.978,0.902,1.67946455903156e-211,"6","SNRPD3"
"SLC15A3.3",2.27804889884194e-215,-0.234246746054848,0.604,0.71,5.466633942551e-211,"6","SLC15A3"
"VDAC1",4.29923860936974e-214,0.229322269357038,0.988,0.943,1.03168828909046e-209,"6","VDAC1"
"ATP5MC3",5.55294265949169e-214,0.209966439621742,1,0.998,1.33253964999822e-209,"6","ATP5MC3"
"PLA2G7.4",1.045956932655e-213,-0.411052406188496,0.573,0.683,2.50998285129221e-209,"6","PLA2G7"
"HEXA.3",3.75287714927753e-212,-0.238127329772238,0.953,0.959,9.00577929512129e-208,"6","HEXA"
"CCT2.2",2.52610035514482e-211,0.27381563595338,0.937,0.743,6.06188302224103e-207,"6","CCT2"
"PSME2.2",8.15893756838753e-211,0.238813997686984,0.971,0.873,1.95790024828596e-206,"6","PSME2"
"TREM2.4",2.23660785278585e-209,-0.377896845058836,0.842,0.867,5.3671878643302e-205,"6","TREM2"
"CEBPZ",5.64803654312315e-209,0.210462601164968,0.809,0.52,1.35535932925326e-204,"6","CEBPZ"
"PRKAR1A.2",1.0448919657788e-208,-0.237431546836566,0.916,0.933,2.50742725027938e-204,"6","PRKAR1A"
"HAVCR2.1",2.15913260631067e-208,-0.243867059731396,0.801,0.868,5.18127051536371e-204,"6","HAVCR2"
"DKC1",3.08469680915182e-208,0.23720044016301,0.792,0.491,7.40234693292161e-204,"6","DKC1"
"CYCS",4.27568971763078e-207,0.272593716945735,0.996,0.959,1.02603726153986e-202,"6","CYCS"
"PPIA",1.93114301798073e-206,0.207748326831404,1,0.999,4.63416390024835e-202,"6","PPIA"
"LDHB.1",1.94855824437139e-206,0.261030690032831,0.999,0.994,4.67595521901802e-202,"6","LDHB"
"ZFP36L1.1",2.8010847643317e-206,-0.222399201372817,0.984,0.989,6.72176310896677e-202,"6","ZFP36L1"
"HIST1H4C.5",1.18056524043209e-204,0.460300108177354,0.912,0.685,2.83300240746488e-200,"6","HIST1H4C"
"HMGN2.4",1.45463110727402e-204,0.309975614815212,0.994,0.955,3.49067826812546e-200,"6","HMGN2"
"RNASE6.2",1.20079140299175e-203,-0.241849106961,0.997,0.996,2.88153912975931e-199,"6","RNASE6"
"NABP1",9.68772148364742e-203,-0.238511318377839,0.597,0.718,2.32476252443087e-198,"6","NABP1"
"TOMM40",9.89924490352566e-200,0.237666549934015,0.835,0.557,2.37552179949905e-195,"6","TOMM40"
"HLA-E",1.03390256942413e-199,-0.245595844584396,0.88,0.918,2.48105599584708e-195,"6","HLA-E"
"CPVL.3",2.04034201805138e-197,-0.311631200827534,0.692,0.758,4.8962087407179e-193,"6","CPVL"
"HSPA8",2.76071325663706e-197,0.323532138908785,1,0.99,6.62488360195196e-193,"6","HSPA8"
"DDX46",7.49318390252837e-197,0.224290440074181,0.971,0.885,1.79813934108973e-192,"6","DDX46"
"CD36.3",2.00803619529843e-195,-0.307889965540897,0.858,0.888,4.81868445785764e-191,"6","CD36"
"CTSL.3",2.23424830836589e-194,-0.503373778879516,0.642,0.706,5.36152566558562e-190,"6","CTSL"
"UBE2I",2.26510648630524e-194,0.204096769248659,0.979,0.911,5.43557603518669e-190,"6","UBE2I"
"PPA1.4",3.58327289379953e-194,0.205304036278907,0.965,0.827,8.59877996325073e-190,"6","PPA1"
"MTRNR2L1.4",2.63917768437364e-193,-0.414469687956345,0.938,0.957,6.33323468919142e-189,"6","MTRNR2L1"
"SMC1A",2.79632207606738e-192,0.306615919147603,0.939,0.765,6.71033408593888e-188,"6","SMC1A"
"MRPL12",4.92998320584437e-192,0.23727025613724,0.902,0.696,1.18304806990647e-187,"6","MRPL12"
"CKB.4",1.19952210129615e-191,0.268834146306758,0.836,0.642,2.87849318648036e-187,"6","CKB"
"GLMP.3",2.40387310036862e-191,-0.20762782828979,0.491,0.602,5.76857427895457e-187,"6","GLMP"
"RNF149.2",1.11842784053258e-190,-0.226971443926255,0.799,0.856,2.68389128892602e-186,"6","RNF149"
"BMP2K.3",1.24442014195047e-190,-0.21548174822884,0.784,0.818,2.98623501463855e-186,"6","BMP2K"
"PILRA.3",2.08395539874383e-189,-0.368371987402562,0.809,0.883,5.00086777036557e-185,"6","PILRA"
"SLIRP",2.52568005524821e-187,0.207320006200384,0.977,0.894,6.06087442857914e-183,"6","SLIRP"
"HLA-DMB",1.07545221305916e-186,-0.222595706019265,0.992,0.994,2.58076267567808e-182,"6","HLA-DMB"
"RSRP1",2.50128184133083e-185,-0.21939137238527,0.865,0.915,6.0023260346416e-181,"6","RSRP1"
"CCT6A",5.37051518940974e-184,0.25377627122024,0.98,0.914,1.28876253000266e-179,"6","CCT6A"
"SERINC1.1",7.85770237944661e-184,-0.217372609256611,0.799,0.848,1.8856128399958e-179,"6","SERINC1"
"NAA50",1.14040881837274e-181,0.209718909151592,0.89,0.713,2.73663904144907e-177,"6","NAA50"
"ABCA1.4",1.81318188031601e-181,-0.335517720530462,0.172,0.341,4.35109255819432e-177,"6","ABCA1"
"MRPL18",1.85722983046913e-181,0.203379454193752,0.925,0.744,4.45679442417676e-177,"6","MRPL18"
"CEBPB.1",3.98985504803597e-181,-0.281632318385832,0.901,0.927,9.57445515877192e-177,"6","CEBPB"
"FTL.4",5.63446076422111e-181,-0.273528625079718,1,1,1.35210154959014e-176,"6","FTL"
"CHCHD2",3.29827807166123e-177,0.261364098856243,0.983,0.97,7.91487788856544e-173,"6","CHCHD2"
"PMP22.3",7.7650338514063e-177,-0.202509628948065,0.466,0.546,1.86337517332197e-172,"6","PMP22"
"SLC11A1.3",4.93380084498969e-176,-0.230769870304279,0.36,0.48,1.18396418877218e-171,"6","SLC11A1"
"CD163.4",1.39864033588434e-175,-0.241162863818754,0.512,0.565,3.35631721402166e-171,"6","CD163"
"FAM136A",1.03678080024932e-174,0.203088418477343,0.862,0.635,2.4879628863583e-170,"6","FAM136A"
"ARL4C.3",1.49316516121173e-174,-0.359054695819846,0.518,0.629,3.5831484373598e-170,"6","ARL4C"
"SRRM1",1.47952315594784e-173,0.215937115982453,0.984,0.934,3.55041171732803e-169,"6","SRRM1"
"MGAT1.2",9.00066271579849e-173,-0.212283512416432,0.768,0.815,2.15988903191016e-168,"6","MGAT1"
"KIF20B",1.41564160469861e-172,0.219555390522478,0.702,0.324,3.39711515879526e-168,"6","KIF20B"
"CFLAR",4.76187082292242e-172,-0.216539301194644,0.717,0.806,1.14270614137669e-167,"6","CFLAR"
"BOLA3",8.67890532343533e-172,0.200596914832565,0.858,0.64,2.08267691046478e-167,"6","BOLA3"
"HDAC2",4.03671152105446e-171,0.207991446880032,0.891,0.71,9.6868966370744e-167,"6","HDAC2"
"IL10RA.1",1.39673448936556e-170,-0.207810661493193,0.582,0.696,3.35174375413054e-166,"6","IL10RA"
"H2AFX",2.31841713414186e-170,0.279812289832084,0.664,0.299,5.56350559680023e-166,"6","H2AFX"
"FKBP4",2.49468603037644e-170,0.223799875510345,0.841,0.601,5.98649806709434e-166,"6","FKBP4"
"MRC1.3",5.2275632481242e-170,-0.20657458436072,0.202,0.347,1.25445835265237e-165,"6","MRC1"
"FAM20C.2",1.59076900017736e-168,-0.208900188119273,0.666,0.73,3.8173683697256e-164,"6","FAM20C"
"HNRNPA2B1.1",5.93923721737749e-168,0.239053999558739,1,0.998,1.42523875505408e-163,"6","HNRNPA2B1"
"CD68.3",3.31695221534248e-166,-0.306487221207604,0.918,0.924,7.95969023115735e-162,"6","CD68"
"CCDC85B",1.51885292924535e-165,0.234650414295796,0.987,0.907,3.64479137431006e-161,"6","CCDC85B"
"IGF1.4",3.93206240511809e-164,-0.303489283682044,0.507,0.585,9.43577015356189e-160,"6","IGF1"
"PSMC3",2.31060695929109e-163,0.203543843693424,0.884,0.698,5.54476352021082e-159,"6","PSMC3"
"ACAT2.4",1.01204367934982e-161,0.287736444851096,0.818,0.582,2.42860121733575e-157,"6","ACAT2"
"ODC1",5.4902077542823e-161,0.203636066207861,0.767,0.503,1.31748515479512e-156,"6","ODC1"
"GSTP1",5.84686156728167e-161,0.264128557330336,0.999,0.991,1.40307137030058e-156,"6","GSTP1"
"NPL.3",5.46724739929175e-160,-0.259332127468053,0.57,0.64,1.31197535840804e-155,"6","NPL"
"SDF2L1.1",1.64577309470195e-159,0.273178171136521,0.979,0.851,3.94936169535626e-155,"6","SDF2L1"
"LPAR6",2.26948844332901e-159,-0.256552344811162,0.914,0.942,5.44609141745664e-155,"6","LPAR6"
"SRGN.3",2.09701659176583e-158,-0.368458017737519,0.997,0.996,5.03221071526047e-154,"6","SRGN"
"CEP78",4.52417101156227e-158,0.201095678256899,0.636,0.292,1.0856653176446e-153,"6","CEP78"
"TGFBI.3",9.83338405816897e-156,-0.235136584334328,0.98,0.971,2.35971717243881e-151,"6","TGFBI"
"ZMAT3.1",1.05328460738741e-153,-0.276741909187953,0.723,0.786,2.52756707234757e-149,"6","ZMAT3"
"ATP6AP1.3",3.44041233417426e-153,-0.200526676651746,0.908,0.912,8.25595747831796e-149,"6","ATP6AP1"
"ILF2",1.98944723623845e-152,0.201606344972688,0.93,0.769,4.77407653280142e-148,"6","ILF2"
"TRA2B",4.27244664891587e-152,0.202935204183002,0.904,0.702,1.02525902234034e-147,"6","TRA2B"
"IDH2",7.52053373113812e-152,0.263005925245376,0.982,0.911,1.80470247946121e-147,"6","IDH2"
"SARAF",3.65482861602728e-149,-0.213549637497067,0.99,0.993,8.77049222988065e-145,"6","SARAF"
"TGFBR1.3",6.06643352046413e-149,-0.210722611388113,0.932,0.932,1.45576205190578e-144,"6","TGFBR1"
"COTL1.3",1.80668403894015e-148,0.211622477965732,1,0.999,4.33549968824468e-144,"6","COTL1"
"ADAMDEC1.3",2.40533872647026e-147,-0.274336781770721,0.275,0.388,5.77209134191069e-143,"6","ADAMDEC1"
"HNRNPA3",3.94708215625898e-145,0.242491755657613,0.996,0.98,9.47181305037468e-141,"6","HNRNPA3"
"EVI2B",2.37212532007076e-144,-0.242837674898649,0.888,0.936,5.69238913057381e-140,"6","EVI2B"
"GAPLINC.3",9.60318498676947e-144,-0.221727780563662,0.299,0.43,2.30447630127507e-139,"6","GAPLINC"
"CD63.5",1.3068449877911e-143,-0.248912744290579,0.999,1,3.13603591720231e-139,"6","CD63"
"MXD4",4.37741548390522e-143,-0.21102604560327,0.773,0.861,1.05044839367274e-138,"6","MXD4"
"FDPS.4",2.68497878287178e-142,0.247775833322357,0.932,0.784,6.44314358525741e-138,"6","FDPS"
"NUP62",2.22649033221918e-140,0.20883104075773,0.846,0.618,5.34290885022638e-136,"6","NUP62"
"TIMP2.3",1.19653132905924e-138,-0.206801081401815,0.967,0.955,2.87131623034346e-134,"6","TIMP2"
"XPO1",5.11761446482451e-137,0.224370958862337,0.928,0.744,1.22807394312394e-132,"6","XPO1"
"CTSA.3",2.72287825535516e-135,-0.223068291745024,0.869,0.853,6.53409094937577e-131,"6","CTSA"
"XRCC5",6.52464656165239e-134,0.24654968509406,0.994,0.972,1.56571943539972e-129,"6","XRCC5"
"SQSTM1.4",3.8389512027866e-130,-0.308207477461995,0.832,0.864,9.21233120132701e-126,"6","SQSTM1"
"CD86",7.00545733598051e-129,-0.227760826786259,0.724,0.808,1.68109959691524e-124,"6","CD86"
"SMCHD1",7.25567644199957e-129,0.202241277693522,0.809,0.562,1.74114467578664e-124,"6","SMCHD1"
"TUBB4B",2.52219027529314e-128,0.259517153662623,0.881,0.615,6.05250000362095e-124,"6","TUBB4B"
"EVI2A.1",4.62757998533466e-126,-0.204877470595586,0.677,0.771,1.11048036908076e-121,"6","EVI2A"
"DHCR24.2",1.51254636117852e-121,0.20835940113834,0.761,0.497,3.6296575029201e-117,"6","DHCR24"
"CXCL16",2.79900406200477e-119,-0.228363096118728,0.53,0.663,6.71677004759284e-115,"6","CXCL16"
"DNASE2.3",3.98095347311058e-118,-0.224515375879471,0.868,0.857,9.55309404942347e-114,"6","DNASE2"
"CEBPD.2",5.55487462443544e-117,-0.227009122130629,0.489,0.597,1.33300326362577e-112,"6","CEBPD"
"VSIG4.4",7.05185152795645e-114,-0.27262208440025,0.38,0.467,1.69223281116371e-109,"6","VSIG4"
"HSD17B14.3",1.68787028895643e-113,-0.200293917112799,0.517,0.618,4.05038233240875e-109,"6","HSD17B14"
"TXNIP.1",8.87815674061673e-113,-0.262007573118126,0.895,0.925,2.1304912730458e-108,"6","TXNIP"
"STAB1.4",1.29117673264972e-111,-0.213797958183154,0.885,0.866,3.09843680533952e-107,"6","STAB1"
"C1QA.4",3.77091863381521e-111,-0.222948162293348,1,0.999,9.04907344556636e-107,"6","C1QA"
"HSP90AB1.2",1.13816458930672e-106,0.221069558722358,1,0.996,2.73125356495934e-102,"6","HSP90AB1"
"LGMN.3",1.61643548338277e-101,-0.204596201267394,0.508,0.557,3.87896022947364e-97,"6","LGMN"
"GPNMB.5",4.13978058598688e-99,-0.672770031521548,0.131,0.227,9.93423147219271e-95,"6","GPNMB"
"ATP1B1.3",2.16831136782236e-94,-0.224175716216147,0.647,0.674,5.20329678936333e-90,"6","ATP1B1"
"NUCKS1",1.72068749027902e-93,0.229731979022531,0.997,0.971,4.12913377042255e-89,"6","NUCKS1"
"SELENOP.4",2.06803923013681e-92,-0.277482699254132,0.285,0.354,4.96267374055931e-88,"6","SELENOP"
"LY96.3",5.01769395418228e-89,-0.224910698158038,0.709,0.746,1.20409601818512e-84,"6","LY96"
"LGALS1.2",6.20021429680824e-87,-0.285253503949908,1,0.999,1.48786542480507e-82,"6","LGALS1"
"LGALS3.4",4.165792893951e-84,-0.30327538712598,0.329,0.416,9.99665320761422e-80,"6","LGALS3"
"APOE.4",4.4178496268763e-80,-0.495730273674117,0.582,0.611,1.0601513749615e-75,"6","APOE"
"ACY3.4",4.14061635614316e-73,0.519287320566678,0.448,0.299,9.93623706983673e-69,"6","ACY3"
"CREM.1",7.00636724327487e-73,-0.205165546368703,0.492,0.582,1.68131794736867e-68,"6","CREM"
"LYZ.2",4.0505862002442e-69,-0.204137772628368,0.857,0.858,9.720191704726e-65,"6","LYZ"
"HNRNPU",1.70190923108064e-63,0.201626699914251,0.997,0.979,4.0840715818242e-59,"6","HNRNPU"
"RAB42.5",1.5397144769031e-57,-0.22142660647755,0.569,0.556,3.69485283022437e-53,"6","RAB42"
"RPS27L",9.39570040540138e-50,-0.227889452335859,0.991,0.988,2.25468622628417e-45,"6","RPS27L"
"CST7.2",1.10183542366798e-49,-0.208171082898437,0.246,0.355,2.64407446617605e-45,"6","CST7"
"NCF1.3",1.80930323418952e-46,-0.257175611565126,0.983,0.975,4.3417849710846e-42,"6","NCF1"
"CCL2.1",1.01477428072565e-42,0.232763672901369,0.593,0.409,2.43515384145734e-38,"6","CCL2"
"RETN.2",2.86673555397283e-29,0.220790284516524,0.664,0.628,6.8793053088686e-25,"6","RETN"
"APOC1.4",5.57050725092601e-26,-0.320276403697172,0.754,0.694,1.33675462500471e-21,"6","APOC1"
"CCL3.4",1.12520906578404e-25,-0.291834045660444,0.179,0.247,2.70016419516197e-21,"6","CCL3"
"CD14.4",3.78093872271386e-19,-0.21437598455203,0.576,0.576,9.07311865289645e-15,"6","CD14"
"CD9.3",9.29572785702477e-18,-0.248482194318492,0.825,0.799,2.23069581385023e-13,"6","CD9"
"MT-ND5.3",1.1135931503576e-17,-0.206128072514686,0.998,0.997,2.67228948291312e-13,"6","MT-ND5"
"HLA-DPB1.5",5.78573093755611e-14,-0.220232140523928,0.963,0.928,1.38840185308534e-09,"6","HLA-DPB1"
"HLA-DQB1.4",4.68734494917786e-12,-0.259358454874173,0.643,0.61,1.12482216745421e-07,"6","HLA-DQB1"
"FCER1A.4",6.13808477008826e-08,-0.250743031233433,0.441,0.429,0.00147295620227808,"6","FCER1A"
"HLA-DRA.3",8.66337583779298e-08,-0.212720174988813,0.987,0.978,0.00207895029979518,"6","HLA-DRA"
"CCL4.3",2.95632447892065e-07,-0.241121010181001,0.112,0.152,0.00709429185206588,"6","CCL4"
"HLA-DQB1.5",0,1.17380620914383,0.97,0.596,0,"7","HLA-DQB1"
"HLA-DQA1.5",0,1.12386122010188,0.937,0.513,0,"7","HLA-DQA1"
"FCER1A.5",0,1.11858722914795,0.84,0.411,0,"7","FCER1A"
"HLA-DRA.4",0,1.03435092194575,1,0.977,0,"7","HLA-DRA"
"HLA-DPB1.6",0,1.0237293346694,0.999,0.927,0,"7","HLA-DPB1"
"HLA-DRB1.4",0,0.985692176173516,1,0.978,0,"7","HLA-DRB1"
"HLA-DPA1.5",0,0.927713981544833,1,0.979,0,"7","HLA-DPA1"
"TIMP1.1",0,0.82581811124686,0.995,0.968,0,"7","TIMP1"
"CCL22",0,0.816270844668612,0.427,0.048,0,"7","CCL22"
"CST7.3",0,0.758146928389455,0.722,0.333,0,"7","CST7"
"CD74.3",0,0.737555575312996,1,1,0,"7","CD74"
"IL7R",0,0.655101794334761,0.461,0.13,0,"7","IL7R"
"CREM.2",0,0.636956654289104,0.744,0.57,0,"7","CREM"
"JAML.3",0,0.581188072106808,0.955,0.796,0,"7","JAML"
"PHLDA1.1",0,0.580523722702787,0.744,0.45,0,"7","PHLDA1"
"SYNGR2",0,0.579838627754498,0.926,0.822,0,"7","SYNGR2"
"JUND.3",0,0.56905573308556,0.994,0.978,0,"7","JUND"
"PKIB.3",0,0.561095531247834,0.99,0.952,0,"7","PKIB"
"BASP1.2",0,0.53445197082782,0.915,0.758,0,"7","BASP1"
"PRDX6",0,0.523112425245645,0.968,0.947,0,"7","PRDX6"
"HLA-DMA.3",0,0.479909024547242,0.985,0.88,0,"7","HLA-DMA"
"SRGN.4",0,0.475096600987988,0.999,0.996,0,"7","SRGN"
"RAMP1",0,0.455761905702756,0.651,0.366,0,"7","RAMP1"
"CIITA.3",0,0.453385872523369,0.813,0.49,0,"7","CIITA"
"ENTPD1",0,0.445756283665504,0.922,0.795,0,"7","ENTPD1"
"CSF2RA.1",0,0.431184182464878,0.918,0.807,0,"7","CSF2RA"
"HLA-A",0,0.418272437922166,0.97,0.919,0,"7","HLA-A"
"CXCL16.1",0,0.410271584738893,0.848,0.648,0,"7","CXCL16"
"BID",0,0.408634134187735,0.983,0.973,0,"7","BID"
"C12orf45",0,0.391249021686941,0.809,0.681,0,"7","C12orf45"
"MALAT1.2",0,0.38481815732509,1,0.999,0,"7","MALAT1"
"REL",0,0.379641847542617,0.877,0.818,0,"7","REL"
"PLSCR1.1",0,0.377904560305109,0.846,0.726,0,"7","PLSCR1"
"MALT1",0,0.377245724506749,0.729,0.551,0,"7","MALT1"
"RALA",0,0.359154659683792,0.749,0.614,0,"7","RALA"
"TSPAN33.1",0,0.357880339644703,0.852,0.703,0,"7","TSPAN33"
"PXDC1",0,0.348314598061401,0.765,0.61,0,"7","PXDC1"
"GPX3",0,0.345355368723114,0.607,0.368,0,"7","GPX3"
"HLA-DOA.1",0,0.339902431220127,0.607,0.277,0,"7","HLA-DOA"
"CYTIP",0,0.314697591552731,0.539,0.337,0,"7","CYTIP"
"SYTL3",0,0.289571454396262,0.379,0.1,0,"7","SYTL3"
"PALLD",0,0.28231700650845,0.474,0.211,0,"7","PALLD"
"CHST2",0,0.281600339669787,0.494,0.309,0,"7","CHST2"
"NET1",0,0.251098032050229,0.409,0.179,0,"7","NET1"
"CALM2",0,-0.411644678041862,0.963,0.998,0,"7","CALM2"
"C3.2",0,-0.443308995739977,0.987,0.998,0,"7","C3"
"FCGR1A.4",0,-0.500769248794203,0.307,0.745,0,"7","FCGR1A"
"S100A9.4",0,-0.740919187130399,0.852,0.977,0,"7","S100A9"
"SPP1.3",0,-1.20195697464124,0.961,0.986,0,"7","SPP1"
"GPRIN3",4.94065645841247e-324,0.349662126510336,0.927,0.869,1.18560933032524e-319,"7","GPRIN3"
"FAM107B.1",1.20533068290251e-306,0.349501773125946,0.592,0.33,2.89243203976116e-302,"7","FAM107B"
"CD1E.4",8.58515277513259e-306,0.613971135384284,0.751,0.387,2.06017911144857e-301,"7","CD1E"
"SERPINB9",3.34602433132827e-300,0.393123851701111,0.579,0.44,8.02945458788846e-296,"7","SERPINB9"
"ZNF706",3.36865963672515e-298,0.311565556209583,0.964,0.944,8.08377253024933e-294,"7","ZNF706"
"LAMP3",2.09238621948227e-293,0.242863932265263,0.182,0.014,5.02109921089161e-289,"7","LAMP3"
"LDHB.2",2.35749720763165e-286,-0.34442391183556,0.974,0.996,5.65728604915366e-282,"7","LDHB"
"NAMPT",1.12769979556667e-279,0.343682422326285,0.672,0.59,2.70614119942133e-275,"7","NAMPT"
"RBPJ.3",6.15500526894898e-276,0.338500296721296,0.974,0.948,1.47701661438969e-271,"7","RBPJ"
"NABP1.1",2.20908230332847e-267,0.311322212364837,0.794,0.708,5.30113480329733e-263,"7","NABP1"
"GPAT3",3.13858889969552e-265,0.298285869315495,0.819,0.703,7.53167178259933e-261,"7","GPAT3"
"UQCR10",7.09387931772864e-264,-0.221478923138625,1,1,1.70231821987534e-259,"7","UQCR10"
"SMAP2",7.19777466617466e-262,0.312648059338141,0.902,0.841,1.72724998664193e-257,"7","SMAP2"
"ATP5ME",7.15016921499272e-261,-0.285101501901454,0.977,0.995,1.7158261065218e-256,"7","ATP5ME"
"RPS6",1.15096361951306e-255,-0.226894061180359,1,1,2.7619673977455e-251,"7","RPS6"
"CST3.1",3.55586756118381e-254,0.346789970600176,1,1,8.53301538657279e-250,"7","CST3"
"ETS2",2.55388446945318e-253,0.323309434572653,0.916,0.859,6.1285565613468e-249,"7","ETS2"
"NDUFB2",4.42611058542764e-252,-0.240309040449447,0.989,0.998,1.06213375718507e-247,"7","NDUFB2"
"HTRA1.2",3.29378254870732e-249,-0.556799792375739,0.498,0.815,7.90408998213296e-245,"7","HTRA1"
"DOK2",8.64458251770399e-244,0.306590448897869,0.736,0.515,2.07444046677343e-239,"7","DOK2"
"FGL2.2",4.04839610314139e-243,0.461672553581315,0.755,0.588,9.7149361287084e-239,"7","FGL2"
"CD86.1",2.31518684323565e-242,0.321139417617505,0.882,0.8,5.55575386771259e-238,"7","CD86"
"PYGL.3",4.99715836021066e-241,-0.367565254538592,0.137,0.538,1.19916809169975e-236,"7","PYGL"
"FCGRT.3",3.63729519420154e-240,-0.289347203570434,0.998,1,8.72841727752543e-236,"7","FCGRT"
"IRF4",3.09553516041078e-237,0.233393133680048,0.458,0.196,7.42835572443775e-233,"7","IRF4"
"CLEC10A.3",4.26256866812564e-237,0.510920757000235,0.477,0.185,1.02288860329011e-232,"7","CLEC10A"
"HLA-B",2.00382086076423e-234,0.353910780793474,0.96,0.882,4.80856891957593e-230,"7","HLA-B"
"CTSL.4",2.25564558054859e-231,-0.752153369025329,0.386,0.718,5.41287269964244e-227,"7","CTSL"
"H3F3A.1",1.84648313106435e-226,0.220622345151162,1,1,4.43100556961513e-222,"7","H3F3A"
"CD81.1",3.71229896557476e-226,-0.230601966125713,1,1,8.90840382768975e-222,"7","CD81"
"CD1C.5",4.33153773556261e-226,0.54932733325485,0.829,0.603,1.03943911040296e-221,"7","CD1C"
"CD9.4",1.69735632009888e-225,0.490164669193572,0.965,0.792,4.07314596134129e-221,"7","CD9"
"FAM129A.2",2.99050063165487e-223,0.281831942869,0.552,0.324,7.17630436578219e-219,"7","FAM129A"
"MTR.1",7.458423559172e-222,0.264819481945547,0.745,0.641,1.7897979014945e-217,"7","MTR"
"UQCRQ",7.31883899646784e-221,-0.265452626401417,0.975,0.995,1.75630179398239e-216,"7","UQCRQ"
"NAP1L1.1",5.88573580239837e-215,0.26752378642837,0.998,0.999,1.41240002050154e-210,"7","NAP1L1"
"CDKN1C",4.4061187256985e-214,0.321818428096251,0.575,0.355,1.05733631060587e-209,"7","CDKN1C"
"FTH1.5",8.44234596495822e-211,0.456796019919012,1,1,2.02590976121102e-206,"7","FTH1"
"HPGDS",1.79584393158071e-210,-0.285443626135177,0.824,0.963,4.30948668261423e-206,"7","HPGDS"
"STAB1.5",6.78609561530888e-210,-0.668714351340905,0.722,0.874,1.62845936480567e-205,"7","STAB1"
"ITGB1",7.30102276404233e-210,0.263106718809805,0.874,0.805,1.75202643268724e-205,"7","ITGB1"
"SLC11A1.4",4.91157879940714e-205,-0.360521132426301,0.134,0.49,1.17863156449373e-200,"7","SLC11A1"
"COX7B",3.9992878419285e-202,-0.226053474529583,0.988,0.997,9.59709103427582e-198,"7","COX7B"
"TMCC3",1.73771857287841e-201,0.203285505020197,0.436,0.268,4.17000325933632e-197,"7","TMCC3"
"ATP5MPL",2.38379164537474e-200,-0.204859614282162,0.994,0.998,5.72038481140576e-196,"7","ATP5MPL"
"VAMP8",5.66178866611412e-199,-0.206485688177171,0.995,0.999,1.35865942620741e-194,"7","VAMP8"
"CD207.5",7.03228026221738e-198,0.770354776092067,0.45,0.157,1.68753629452431e-193,"7","CD207"
"CTTNBP2.1",7.16812732458031e-198,0.273310369056676,0.844,0.729,1.72013551407954e-193,"7","CTTNBP2"
"ATP5MC1.1",1.25888528966603e-192,-0.31915442031263,0.778,0.931,3.02094702961158e-188,"7","ATP5MC1"
"PLAGL1",5.56701255196137e-190,0.208596429889178,0.613,0.488,1.33591600209417e-185,"7","PLAGL1"
"PSAP.3",6.87714868021547e-190,-0.424013328302471,1,1,1.65030936879131e-185,"7","PSAP"
"CYBB.1",1.38685645648984e-183,-0.321201507511817,0.925,0.987,3.32803943863866e-179,"7","CYBB"
"RNASE2.4",6.17427018782359e-183,-0.398854703963392,0.147,0.502,1.48163961697203e-178,"7","RNASE2"
"FAM49A",1.59703951983553e-181,0.209604264312034,0.547,0.405,3.83241573574932e-177,"7","FAM49A"
"RPL27A",3.93432876663537e-180,-0.20451350829588,1,1,9.44120874129491e-176,"7","RPL27A"
"CYFIP1.2",1.6532405743688e-179,-0.355790142765522,0.88,0.974,3.96728140631281e-175,"7","CYFIP1"
"TGFBR1.4",3.81650056661591e-179,-0.434328447233365,0.8,0.938,9.15845640970821e-175,"7","TGFBR1"
"B4GALT1",1.6242431165139e-176,0.214719114883499,0.6,0.483,3.89769620669842e-172,"7","B4GALT1"
"TNFRSF18",3.25291722875568e-176,0.288165081351349,0.359,0.129,7.80602547384502e-172,"7","TNFRSF18"
"RPL35.1",8.39078482559972e-176,-0.20064478836767,1,1,2.01353663459916e-171,"7","RPL35"
"HSPA5",8.58355418813496e-175,-0.371657867706148,0.865,0.976,2.05979549852675e-170,"7","HSPA5"
"TREM2.5",1.19993113814838e-173,-0.518878246165867,0.694,0.873,2.87947475221467e-169,"7","TREM2"
"SERPINF1.3",3.49910922612305e-173,-0.418468739391337,0.813,0.943,8.39681240992749e-169,"7","SERPINF1"
"HLA-C",2.83580628981332e-172,0.240959700172898,0.993,0.989,6.80508435366502e-168,"7","HLA-C"
"IL10RA.2",2.8924331901982e-171,0.238063803878337,0.775,0.687,6.94097192651861e-167,"7","IL10RA"
"PLEK",1.49341360991961e-170,0.304141499144536,0.875,0.85,3.58374463972408e-166,"7","PLEK"
"ASH1L",7.90190498543316e-170,0.203842566883699,0.795,0.762,1.8962201393544e-165,"7","ASH1L"
"CALR",8.2212088188746e-168,-0.361492749470151,0.921,0.986,1.97284348026534e-163,"7","CALR"
"FCGR1B.1",5.40906735849117e-167,-0.206007435836276,0.118,0.45,1.29801389401713e-162,"7","FCGR1B"
"CRYBB1.4",4.63294229459026e-165,-0.286983401274438,0.151,0.488,1.11176716243282e-160,"7","CRYBB1"
"CTSC",4.99125829984871e-165,-0.253828467013318,0.981,0.997,1.19775225421469e-160,"7","CTSC"
"DENND1B.1",7.5974912032062e-165,0.218463242858048,0.652,0.523,1.82316996403339e-160,"7","DENND1B"
"SLC7A7.1",9.05318424626769e-164,-0.336019113108921,0.625,0.876,2.17249262357686e-159,"7","SLC7A7"
"ATP5MC3.1",3.31646802301337e-162,-0.210511232544507,0.997,0.999,7.95852831482517e-158,"7","ATP5MC3"
"DNASE2.4",1.05199284177308e-160,-0.424883414378336,0.646,0.868,2.52446722240286e-156,"7","DNASE2"
"FSCN1.2",1.0456381791379e-159,-0.314563298427436,0.198,0.561,2.50921793847721e-155,"7","FSCN1"
"NPL.4",2.47542261329131e-158,-0.37288256577558,0.354,0.649,5.94027164511515e-154,"7","NPL"
"DAPP1",1.83082991290955e-156,0.235349366317022,0.733,0.64,4.39344254200904e-152,"7","DAPP1"
"S100A10.3",3.17544212184237e-156,0.459319764056465,0.956,0.868,7.62010845978514e-152,"7","S100A10"
"OLFML3",1.54895880905543e-155,-0.295736916409681,0.795,0.947,3.71703645409031e-151,"7","OLFML3"
"GAPLINC.4",2.36732006722222e-155,-0.341237726938101,0.147,0.436,5.68085796531315e-151,"7","GAPLINC"
"CYCS.1",2.64361876086185e-155,-0.291224781054575,0.878,0.965,6.34389194044018e-151,"7","CYCS"
"C1QC.3",3.99086236727176e-155,-0.251165527481946,0.997,1,9.57687242274205e-151,"7","C1QC"
"JAK1",6.66714265642214e-155,0.213449712410468,0.908,0.869,1.59991422326162e-150,"7","JAK1"
"TMIGD3.2",3.0800538331775e-154,-0.409006129948668,0.759,0.913,7.39120518347605e-150,"7","TMIGD3"
"GAPDH.1",1.28032094874393e-153,0.223784030999311,1,1,3.0723861807008e-149,"7","GAPDH"
"CHCHD10",1.14612808467885e-152,-0.229319915785448,0.972,0.993,2.75036356480384e-148,"7","CHCHD10"
"IER5",2.8326494369185e-152,0.22883522835647,0.687,0.557,6.79750885377331e-148,"7","IER5"
"LY96.4",2.20302917812011e-150,-0.346161520099112,0.526,0.754,5.28660911873482e-146,"7","LY96"
"GPR183",3.0194264884999e-149,0.32233576623165,0.632,0.565,7.24571774445321e-145,"7","GPR183"
"IL1RN",8.16978295016403e-147,0.206190485170913,0.323,0.158,1.96050281455086e-142,"7","IL1RN"
"SCPEP1",8.95002710706186e-145,-0.215698331812801,0.936,0.99,2.14773800488163e-140,"7","SCPEP1"
"HSPE1.1",2.06446784929388e-144,-0.288476392665678,0.863,0.96,4.95410349795053e-140,"7","HSPE1"
"CTSD.5",2.69884271582033e-144,-0.61322826994753,0.963,0.991,6.47641286515405e-140,"7","CTSD"
"RASSF4.2",3.27252186599901e-144,-0.321805483592222,0.651,0.879,7.85307072183782e-140,"7","RASSF4"
"CHI3L1.2",4.49852677473116e-144,-0.414033967579757,0.49,0.752,1.07951147013224e-139,"7","CHI3L1"
"HSP90B1",9.2241279779839e-143,-0.314575356412151,0.928,0.985,2.2135139908768e-138,"7","HSP90B1"
"AKR1A1",1.21029346719505e-142,-0.223209088261938,0.921,0.982,2.90434123322795e-138,"7","AKR1A1"
"SELENOP.5",1.68748123862441e-141,-0.415768165466241,0.097,0.362,4.04944872832701e-137,"7","SELENOP"
"SLC18A2.3",3.94402953408711e-140,0.229977565033924,0.563,0.313,9.46448767294883e-136,"7","SLC18A2"
"HLA-E.1",6.9802673853247e-139,0.215429715061311,0.932,0.916,1.67505476445637e-134,"7","HLA-E"
"GRN.4",7.23849806886961e-139,-0.288155834653328,0.993,0.999,1.73702238158664e-134,"7","GRN"
"BAIAP2",1.32599967715668e-138,0.201772787648037,0.685,0.581,3.18200142527289e-134,"7","BAIAP2"
"MTUS1.4",2.36842138800443e-138,-0.393895432425172,0.53,0.803,5.68350080479422e-134,"7","MTUS1"
"CMTM6",1.60789332664589e-137,0.207225775768506,0.953,0.957,3.85846161595213e-133,"7","CMTM6"
"ORAI2",2.89477815466558e-136,0.204878839152542,0.657,0.561,6.94659913775099e-132,"7","ORAI2"
"CD163.5",4.61326300547654e-136,-0.429900544436956,0.261,0.577,1.10704472342421e-131,"7","CD163"
"MPZL2.1",2.34920449691065e-134,0.212211057668877,0.353,0.161,5.63738603123649e-130,"7","MPZL2"
"RPL10A.2",6.28383038133249e-134,-0.200794602730016,0.998,0.999,1.50793077660836e-129,"7","RPL10A"
"DBI.2",3.94700790341802e-133,-0.237678258543107,0.991,0.996,9.47163486583223e-129,"7","DBI"
"SAT1.4",5.36065080127542e-133,0.274292889354435,1,1,1.28639537278206e-128,"7","SAT1"
"ENO1.2",2.48091476680065e-132,-0.258547767510421,0.975,0.995,5.95345116589151e-128,"7","ENO1"
"PLD3.5",1.84680847607882e-127,-0.431371516287313,0.869,0.956,4.43178630004634e-123,"7","PLD3"
"CXXC5",1.32492792540995e-126,0.215128092885531,0.685,0.571,3.17942954260626e-122,"7","CXXC5"
"MBD4.3",2.41040185354325e-124,-0.373226044877504,0.651,0.863,5.78424132794774e-120,"7","MBD4"
"IGFBP4.4",3.8767596986098e-124,-0.260538196741074,0.109,0.387,9.30306024875395e-120,"7","IGFBP4"
"TXNIP.2",2.81651372036568e-123,0.281296923923919,0.932,0.924,6.75878797476152e-119,"7","TXNIP"
"S100A8.2",3.00597090423866e-123,-0.502201962960712,0.492,0.771,7.21342837890152e-119,"7","S100A8"
"BRI3.4",6.9917415005416e-123,-0.253749608572114,0.997,1,1.67780820788497e-118,"7","BRI3"
"TYMP",3.02293425772985e-122,0.245908299814583,0.931,0.909,7.25413533827433e-118,"7","TYMP"
"ALDH2.2",3.45063579516598e-122,0.231394774283533,0.975,0.967,8.28049071765981e-118,"7","ALDH2"
"METTL7A",2.75990972940643e-120,0.212000276743528,0.697,0.604,6.62295537765661e-116,"7","METTL7A"
"CTSA.4",1.33181262394659e-119,-0.370042999218651,0.685,0.861,3.19595075368463e-115,"7","CTSA"
"PDIA6",6.39195199583239e-119,-0.291754189760647,0.71,0.905,1.5338767204399e-114,"7","PDIA6"
"QPRT",3.89595723439989e-118,-0.232967794862094,0.91,0.972,9.34912857538942e-114,"7","QPRT"
"TIFAB",7.61391434985064e-117,0.244167926949911,0.616,0.509,1.82711102653366e-112,"7","TIFAB"
"C20orf27",8.05336478674157e-117,-0.252686343177802,0.562,0.814,1.93256594787437e-112,"7","C20orf27"
"GPR84.2",8.7203082904012e-117,-0.341976467907706,0.587,0.836,2.09261238044758e-112,"7","GPR84"
"VSIG4.5",1.00021618841146e-116,-0.549810155692422,0.211,0.474,2.40021878733098e-112,"7","VSIG4"
"SLIRP.1",2.66867199069699e-115,-0.220481403251278,0.738,0.905,6.40401217607557e-111,"7","SLIRP"
"KCTD12.2",5.74532908886062e-115,-0.256738217373313,0.964,0.993,1.37870662145388e-110,"7","KCTD12"
"TPST2.1",6.06286479040136e-115,-0.260261352858189,0.636,0.873,1.45490566375262e-110,"7","TPST2"
"RETN.3",1.78841960632217e-114,-0.664906015345381,0.479,0.637,4.29167052929131e-110,"7","RETN"
"BHLHE41.3",3.02055706675056e-114,0.30616909836906,0.716,0.593,7.24843079308131e-110,"7","BHLHE41"
"PPA1.5",5.88821169169474e-114,0.270039610416535,0.881,0.831,1.41299415965599e-109,"7","PPA1"
"RAB42.6",1.57226821255811e-113,-0.382543648888104,0.281,0.569,3.7729720296757e-109,"7","RAB42"
"GPR34.4",2.98099513381844e-113,-0.296726321694077,0.777,0.919,7.15349402262411e-109,"7","GPR34"
"TIMM8B",1.58741752669609e-112,-0.200111108593482,0.85,0.95,3.80932583881261e-108,"7","TIMM8B"
"CD68.4",2.50558073264841e-111,-0.372611582012163,0.856,0.927,6.01264208413639e-107,"7","CD68"
"PILRA.4",2.74110351849216e-111,0.259083500276642,0.945,0.876,6.57782611332565e-107,"7","PILRA"
"IFITM2.3",2.65063188563846e-109,0.304966102401376,0.866,0.764,6.36072133596662e-105,"7","IFITM2"
"LAT2",2.59639550710325e-108,-0.245419944488049,0.632,0.845,6.23057029839567e-104,"7","LAT2"
"NME1.3",1.43733281227843e-107,-0.267058631204234,0.625,0.83,3.44916754962454e-103,"7","NME1"
"BTG1",1.91240361623078e-107,0.25806512119673,0.945,0.938,4.589194957869e-103,"7","BTG1"
"NRP1.5",1.23971874760195e-105,-0.371209423619677,0.391,0.668,2.9749530786204e-101,"7","NRP1"
"GYPC.3",5.95361582815581e-105,-0.229559418697893,0.025,0.193,1.42868919028255e-100,"7","GYPC"
"FERMT3.1",6.5157262534922e-105,-0.240809540617643,0.736,0.905,1.56357882905052e-100,"7","FERMT3"
"SIGLEC14",9.75239992054015e-105,-0.203102558041381,0.329,0.631,2.34028340893202e-100,"7","SIGLEC14"
"DNPH1.1",9.41178591409134e-104,-0.238484349155773,0.709,0.882,2.2585462658045e-99,"7","DNPH1"
"CREG1.4",1.91479460839833e-102,-0.355808973303148,0.759,0.885,4.59493262177347e-98,"7","CREG1"
"PEA15.1",2.23676117803399e-102,0.210896737907864,0.786,0.763,5.36755579892816e-98,"7","PEA15"
"AP1B1.3",2.86108845918926e-102,-0.316332242760782,0.827,0.935,6.86575397551646e-98,"7","AP1B1"
"CLTC.2",1.50608523233963e-101,-0.271149303486621,0.876,0.968,3.61415273204542e-97,"7","CLTC"
"PTMS.3",8.97504304830863e-101,0.254814644121755,0.972,0.94,2.15374108030262e-96,"7","PTMS"
"GLMP.4",1.36003112265593e-100,-0.249459265037714,0.355,0.607,3.26366668503743e-96,"7","GLMP"
"NEAT1.5",1.17460548037747e-99,0.279427315701279,0.998,0.991,2.81870077126181e-95,"7","NEAT1"
"FCGR3A.4",8.48123001400766e-98,-0.272554069690926,0.074,0.283,2.03524076646142e-93,"7","FCGR3A"
"HSPD1.1",1.7062290069887e-96,-0.309858029031777,0.783,0.933,4.09443774807078e-92,"7","HSPD1"
"EMP3.1",2.16810945216638e-96,0.232633727485853,0.974,0.953,5.20281225236367e-92,"7","EMP3"
"GSTP1.1",3.18503099473311e-96,-0.252036301660983,0.97,0.992,7.64311887806104e-92,"7","GSTP1"
"CCL2.2",4.6837880291786e-96,-0.459520484407887,0.186,0.429,1.12396861336199e-91,"7","CCL2"
"BLVRB.3",7.65824528391909e-96,-0.27042335135921,0.807,0.917,1.83774912078206e-91,"7","BLVRB"
"MMP14.3",1.01677480828299e-95,-0.280824050355171,0.765,0.91,2.4399545074367e-91,"7","MMP14"
"IL17RA.1",1.07590461737348e-95,-0.263071854254178,0.698,0.899,2.58184831031115e-91,"7","IL17RA"
"ATP6V1F.3",1.1838626414645e-95,-0.230736777674955,0.998,0.999,2.84091518072237e-91,"7","ATP6V1F"
"LYZ.3",1.8870447334202e-95,0.319236723725665,0.836,0.859,4.52834124678845e-91,"7","LYZ"
"C1QBP.3",1.01833872667045e-94,-0.253238704538091,0.841,0.939,2.44370744239109e-90,"7","C1QBP"
"SUB1.3",2.10187071956598e-94,0.211025732605784,0.998,0.997,5.04385916574249e-90,"7","SUB1"
"CD83",2.6345549149524e-94,0.309438648542245,0.36,0.218,6.32214142941128e-90,"7","CD83"
"CD33.1",7.40273613382527e-94,-0.207826280465712,0.483,0.743,1.77643459003405e-89,"7","CD33"
"RPL22L1.3",1.03059858376792e-93,-0.264207251952233,0.696,0.853,2.47312742146787e-89,"7","RPL22L1"
"PSTPIP2.2",2.45621804160514e-93,0.228168348969393,0.871,0.818,5.89418643443986e-89,"7","PSTPIP2"
"MRPL12.1",1.17927245063181e-92,-0.220108486403255,0.445,0.717,2.82990009978115e-88,"7","MRPL12"
"PNRC1.1",2.15392169245025e-91,0.212065367006604,0.952,0.936,5.16876588537287e-87,"7","PNRC1"
"ATP1B3",1.95220877702764e-89,0.216907232869284,0.947,0.974,4.68471540223322e-85,"7","ATP1B3"
"HERPUD1.4",1.74949281445819e-87,0.233609845831997,0.996,0.995,4.19825790685532e-83,"7","HERPUD1"
"PDXK",3.77970817197114e-87,-0.20772486992078,0.811,0.941,9.07016570027915e-83,"7","PDXK"
"SLCO2B1.4",7.41938439617761e-87,-0.299921540377428,0.63,0.848,1.78042967355074e-82,"7","SLCO2B1"
"LINC01480.2",2.77555573068278e-86,0.286190040444302,0.828,0.748,6.66050108691946e-82,"7","LINC01480"
"CANX.2",2.90211044838093e-86,-0.231754354564404,0.914,0.978,6.96419444297972e-82,"7","CANX"
"ASAH1.5",1.06344578246311e-84,-0.487847240843811,0.917,0.959,2.55195084417673e-80,"7","ASAH1"
"RGS16.2",1.23651312557266e-83,-0.369879480068838,0.279,0.52,2.96726054743671e-79,"7","RGS16"
"SMIM4.2",1.57821360266494e-83,-0.302367639814879,0.813,0.944,3.78723918231505e-79,"7","SMIM4"
"SLAMF8.3",1.61205555877466e-83,-0.20886688404694,0.238,0.489,3.86844972439156e-79,"7","SLAMF8"
"ATOX1.3",2.28917913263653e-83,-0.214031852985269,0.966,0.99,5.49334316458788e-79,"7","ATOX1"
"ABCE1",4.18839342699519e-83,-0.204156045580915,0.431,0.708,1.00508877067604e-78,"7","ABCE1"
"DAB2.5",9.17135344593673e-83,-0.36636585261249,0.828,0.938,2.20084968642144e-78,"7","DAB2"
"FXYD5.3",1.90290387721563e-82,0.208732907000536,0.955,0.931,4.56639843415436e-78,"7","FXYD5"
"EIF4EBP1.1",2.79236242492014e-82,-0.20769216438449,0.749,0.899,6.70083211108086e-78,"7","EIF4EBP1"
"GNPDA1.3",4.97371993353455e-82,-0.271085758036245,0.567,0.793,1.19354357245029e-77,"7","GNPDA1"
"BST2.2",1.40669089072785e-80,-0.207466272746146,0.899,0.968,3.37563613047963e-76,"7","BST2"
"SCD.2",2.26619161051256e-80,-0.307102861203022,0.608,0.806,5.43818000774698e-76,"7","SCD"
"GATM.3",2.55863032738754e-80,-0.242330574684437,0.453,0.723,6.13994519663188e-76,"7","GATM"
"SERBP1.1",7.86650683142128e-80,-0.204308051851249,0.952,0.985,1.88772564433616e-75,"7","SERBP1"
"TIMP2.4",4.58532896513835e-77,-0.263893988260137,0.887,0.959,1.10034139176425e-72,"7","TIMP2"
"AGR2.2",1.98722847989317e-75,-0.264842817222822,0.254,0.505,4.76875218319964e-71,"7","AGR2"
"NPC2.5",4.93663848839716e-75,-0.200466741664948,1,1,1.18464513806067e-70,"7","NPC2"
"C1QA.5",1.17171091348963e-73,-0.28588526422877,0.997,1,2.81175467910106e-69,"7","C1QA"
"YPEL3",3.22414759036243e-71,0.207523229206439,0.674,0.585,7.73698697259273e-67,"7","YPEL3"
"RNASET2.2",3.22708386829812e-71,-0.213722002003272,0.983,0.995,7.74403315875501e-67,"7","RNASET2"
"NISCH.4",4.9709632991001e-70,-0.253783636555777,0.494,0.745,1.19288206288505e-65,"7","NISCH"
"IDH1.3",1.06299970553776e-69,-0.229288263784561,0.616,0.815,2.55088039337896e-65,"7","IDH1"
"PGA5.2",6.52031981654467e-67,-0.348759001358998,0.407,0.678,1.56468114637622e-62,"7","PGA5"
"FUCA1.4",1.40872763808286e-66,-0.626368690446755,0.89,0.924,3.38052371310744e-62,"7","FUCA1"
"ATP6AP1.4",3.13852232886474e-66,-0.204074946033342,0.816,0.917,7.53151203257671e-62,"7","ATP6AP1"
"NT5DC2.3",1.69432908686405e-65,-0.385305516398937,0.797,0.934,4.06588150974765e-61,"7","NT5DC2"
"CLEC11A.2",3.64292585560113e-65,-0.218799768409407,0.79,0.914,8.74192917568604e-61,"7","CLEC11A"
"IGF1.5",4.00603040545059e-65,-0.342859708761497,0.359,0.591,9.61327116395977e-61,"7","IGF1"
"C15orf48",6.7154867912378e-65,0.269867168599723,0.302,0.193,1.61151536529333e-60,"7","C15orf48"
"MMD.3",1.0646163975549e-64,-0.234929363372366,0.377,0.641,2.5547599692125e-60,"7","MMD"
"FTL.5",2.19006201495469e-64,-0.236482716731242,1,1,5.25549181728678e-60,"7","FTL"
"PIGR",6.88595332712086e-64,-0.215370466988634,0.549,0.778,1.65242221990919e-59,"7","PIGR"
"ANTXR1.1",7.29053151038778e-64,-0.26071971297564,0.625,0.826,1.74950884654776e-59,"7","ANTXR1"
"SOCS6.1",5.85462693422991e-63,-0.211919205849655,0.618,0.812,1.40493482540715e-58,"7","SOCS6"
"ADAMDEC1.4",1.15370301201578e-62,-0.298613018624327,0.179,0.391,2.76854111793428e-58,"7","ADAMDEC1"
"SERPINB6.3",3.9990609532733e-62,-0.222779983676492,0.723,0.867,9.59654656956993e-58,"7","SERPINB6"
"TOP2A.6",2.70247650150748e-61,-0.460361749611521,0.058,0.263,6.48513286066749e-57,"7","TOP2A"
"APOE.5",3.53502663426621e-61,-0.663641542613688,0.434,0.618,8.48300341424863e-57,"7","APOE"
"ATP1B1.4",3.68548357051585e-60,-0.273352209582532,0.545,0.679,8.84405492416687e-56,"7","ATP1B1"
"MPP1.3",2.18401873383886e-58,-0.204672200847725,0.398,0.63,5.24098975559311e-54,"7","MPP1"
"ANXA6.3",9.70711235865476e-58,-0.203826402361823,0.465,0.677,2.32941575270638e-53,"7","ANXA6"
"EPB41L2.1",1.37936148996478e-56,-0.211353362246777,0.294,0.564,3.31005376746848e-52,"7","EPB41L2"
"CCND1.1",1.78094752805702e-54,-0.234012203662107,0.675,0.863,4.27373978307844e-50,"7","CCND1"
"TLR2.2",7.05273974400386e-54,-0.205455054786567,0.562,0.768,1.69244595636861e-49,"7","TLR2"
"CD84.4",1.21015439195301e-52,-0.231360779941231,0.699,0.853,2.90400749436964e-48,"7","CD84"
"SDF2L1.2",3.90503194521761e-51,-0.240886934898316,0.716,0.863,9.37090515893871e-47,"7","SDF2L1"
"GPNMB.6",8.67651375287906e-49,-0.670855099064254,0.126,0.227,2.08210300527839e-44,"7","GPNMB"
"ID2.1",2.78559783780432e-46,-0.202222383310829,0.914,0.979,6.68459913137902e-42,"7","ID2"
"SMYD3.4",3.25564475739502e-45,-0.246417180797092,0.472,0.654,7.81257072432084e-41,"7","SMYD3"
"RAN.2",7.7583632796156e-45,-0.213192758189626,0.965,0.984,1.86177443620935e-40,"7","RAN"
"PPM1N.3",9.46254096582801e-45,0.201597811679018,0.786,0.696,2.27072595556975e-40,"7","PPM1N"
"TUBB.5",2.81640315028466e-43,-0.469540995569393,0.892,0.963,6.7585226397381e-39,"7","TUBB"
"GCLC.3",1.48418889608878e-42,-0.20075635962362,0.601,0.789,3.56160809394425e-38,"7","GCLC"
"ABCA1.5",2.52581710143553e-42,-0.220875995603314,0.25,0.337,6.06120329831484e-38,"7","ABCA1"
"ADAP2.3",1.73355043669784e-41,-0.217605487675101,0.909,0.971,4.1600009829438e-37,"7","ADAP2"
"APOC1.5",1.54696485938356e-40,-0.436876409872504,0.561,0.703,3.71225157306274e-36,"7","APOC1"
"CTSS.4",2.05353203074984e-40,-0.224664046574377,0.991,0.998,4.9278608141904e-36,"7","CTSS"
"LIPA.4",6.76169644261353e-39,-0.326866626887119,0.925,0.956,1.62260429533397e-34,"7","LIPA"
"TTYH3.3",6.77187097430803e-39,-0.208155836549503,0.749,0.862,1.6250458777047e-34,"7","TTYH3"
"HSP90AA1.1",7.98492763920054e-39,-0.218459070829784,0.995,0.998,1.91614308557895e-34,"7","HSP90AA1"
"MAF.5",1.27498148564616e-34,-0.221029698119931,0.899,0.959,3.05957307110508e-30,"7","MAF"
"CCR1.4",5.11661407202854e-34,-0.214135664568431,0.566,0.764,1.22783387886469e-29,"7","CCR1"
"S100A6.3",6.32169596607539e-34,0.249338615411875,0.954,0.932,1.51701738097911e-29,"7","S100A6"
"CD36.4",8.73257093258384e-31,-0.22366839451638,0.823,0.89,2.09555504669214e-26,"7","CD36"
"FDPS.5",7.55597095637383e-30,-0.200605957349117,0.691,0.795,1.81320635040103e-25,"7","FDPS"
"KPNA2.2",8.53881537561327e-30,-0.280073473919041,0.578,0.775,2.04905952568592e-25,"7","KPNA2"
"GM2A.4",2.7578125791103e-29,-0.278445254907739,0.924,0.946,6.61792284609098e-25,"7","GM2A"
"FABP5.3",1.64020014780499e-28,0.22306898368495,0.903,0.947,3.93598829468763e-24,"7","FABP5"
"CCL3.5",4.90899052891103e-25,-0.320915744206812,0.188,0.246,1.17801045722278e-20,"7","CCL3"
"MTRNR2L8.5",1.48799315049779e-24,-0.200651670999776,0.978,0.989,3.57073716324954e-20,"7","MTRNR2L8"
"NCL.3",5.35996177511269e-23,-0.213845980377279,0.96,0.986,1.28623002717379e-18,"7","NCL"
"PCLAF.6",1.43251743928208e-21,-0.31846923782824,0.076,0.193,3.43761209904521e-17,"7","PCLAF"
"CCL4.4",1.87440107360337e-20,-0.258570286786587,0.165,0.15,4.49800025632602e-16,"7","CCL4"
"MTRNR2L1.5",2.60583520794831e-16,-0.205191634906391,0.954,0.956,6.25322274851356e-12,"7","MTRNR2L1"
"TUBA1C.1",7.31219831661027e-16,-0.218359045781144,0.683,0.805,1.75470823003697e-11,"7","TUBA1C"
"MMP9.3",7.69389048022069e-16,-0.209149491232451,0.239,0.354,1.84630289853856e-11,"7","MMP9"
"MKI67.6",4.52983108055009e-15,-0.334825217993942,0.026,0.103,1.0870235643996e-10,"7","MKI67"
"CDK1.5",6.64816157663912e-15,-0.205321392923643,0.03,0.121,1.59535933354609e-10,"7","CDK1"
"TYMS.6",1.27925847077178e-11,-0.24852449304426,0.045,0.132,3.06983655231104e-07,"7","TYMS"
"TPX2.6",1.76843530277275e-08,-0.211827867650413,0.064,0.158,0.000424371419606376,"7","TPX2"
"HMGN2.5",1.4447745658426e-07,-0.225366656036834,0.932,0.958,0.00346702552565248,"7","HMGN2"
"CCL4.5",0,1.80490751784505,0.624,0.135,0,"8","CCL4"
"CCL3.6",0,1.72228307798092,0.754,0.227,0,"8","CCL3"
"SPP1.4",0,1.56491986306282,0.999,0.984,0,"8","SPP1"
"GPNMB.7",0,1.47684476779254,0.685,0.208,0,"8","GPNMB"
"SOD2.2",0,1.3400782017513,0.93,0.687,0,"8","SOD2"
"CCL4L2",0,1.29437483588797,0.403,0.061,0,"8","CCL4L2"
"CXCL8",0,1.20560630301646,0.581,0.136,0,"8","CXCL8"
"LGALS3.5",0,1.19605609604384,0.865,0.398,0,"8","LGALS3"
"CTSD.6",0,1.10001891964288,0.999,0.989,0,"8","CTSD"
"CTSL.5",0,1.09582351395556,0.954,0.695,0,"8","CTSL"
"FABP5.4",0,1.03255773657998,0.987,0.944,0,"8","FABP5"
"APOC1.6",0,1.00779737987026,0.922,0.69,0,"8","APOC1"
"FTH1.6",0,1.00524984565182,1,1,0,"8","FTH1"
"PLA2G7.5",0,1.00106143938946,0.978,0.668,0,"8","PLA2G7"
"C15orf48.1",0,0.991660519844886,0.64,0.184,0,"8","C15orf48"
"CSTB.2",0,0.912707182020285,1,0.999,0,"8","CSTB"
"NEAT1.6",0,0.868387321780448,0.99,0.991,0,"8","NEAT1"
"CTSB.6",0,0.865962664110443,0.998,0.977,0,"8","CTSB"
"SQSTM1.5",0,0.864088049320728,0.983,0.859,0,"8","SQSTM1"
"CCL3L1",0,0.84562350648038,0.419,0.058,0,"8","CCL3L1"
"ASAH1.6",0,0.843628337492966,1,0.956,0,"8","ASAH1"
"TXN.1",0,0.81629091418837,0.997,0.981,0,"8","TXN"
"CD9.5",0,0.730691557897825,0.945,0.795,0,"8","CD9"
"RAB42.7",0,0.728305305398576,0.933,0.544,0,"8","RAB42"
"CD83.1",0,0.717858115132495,0.727,0.208,0,"8","CD83"
"GM2A.5",0,0.67988128279194,0.997,0.943,0,"8","GM2A"
"MGST3.1",0,0.629917862874684,0.999,0.988,0,"8","MGST3"
"INSIG1.2",0,0.623631824473679,0.831,0.478,0,"8","INSIG1"
"DBI.3",0,0.619089157104174,0.998,0.996,0,"8","DBI"
"TREM2.6",0,0.608650227609308,0.993,0.862,0,"8","TREM2"
"CD68.5",0,0.57800312240286,0.996,0.922,0,"8","CD68"
"CD63.6",0,0.577944564582654,1,1,0,"8","CD63"
"SCD.3",0,0.574172478233684,0.958,0.792,0,"8","SCD"
"SDS.3",0,0.573780893095865,0.704,0.284,0,"8","SDS"
"ATP6V1F.4",0,0.572405539964144,1,0.999,0,"8","ATP6V1F"
"SAT1.5",0,0.567397205250096,1,1,0,"8","SAT1"
"LGMN.4",0,0.557494846224797,0.802,0.547,0,"8","LGMN"
"SGK1.1",0,0.549128528799469,0.871,0.539,0,"8","SGK1"
"UGCG",0,0.545089704119327,0.889,0.639,0,"8","UGCG"
"MALAT1.3",0,0.541343573545737,0.999,0.999,0,"8","MALAT1"
"TALDO1",0,0.501644776464363,0.993,0.978,0,"8","TALDO1"
"TXNRD1",0,0.499184186862815,0.925,0.781,0,"8","TXNRD1"
"MAFB.4",0,0.498935820773891,0.975,0.819,0,"8","MAFB"
"CTSZ.3",0,0.498724964503667,0.999,0.997,0,"8","CTSZ"
"GSTO1.3",0,0.490333524793229,0.99,0.938,0,"8","GSTO1"
"NFE2L2.2",0,0.490161051544617,0.955,0.812,0,"8","NFE2L2"
"TMEM251.3",0,0.488088569642117,0.936,0.654,0,"8","TMEM251"
"PDE4DIP.3",0,0.485173683903675,0.738,0.388,0,"8","PDE4DIP"
"FNIP2.2",0,0.483613034567563,0.865,0.591,0,"8","FNIP2"
"SDCBP.4",0,0.475838205105116,0.997,0.981,0,"8","SDCBP"
"LIMS1.1",0,0.469012277902861,0.999,0.99,0,"8","LIMS1"
"PSAP.4",0,0.453143321362972,0.999,1,0,"8","PSAP"
"HSD17B14.4",0,0.448000149814731,0.939,0.603,0,"8","HSD17B14"
"CYSTM1",0,0.447309445283115,0.844,0.525,0,"8","CYSTM1"
"CYP27A1",0,0.446968243727964,0.377,0.057,0,"8","CYP27A1"
"ATP6V1G1.2",0,0.444617940742323,0.999,0.998,0,"8","ATP6V1G1"
"GLA",0,0.443520090761786,0.802,0.571,0,"8","GLA"
"SLC15A3.4",0,0.437733303170836,0.933,0.698,0,"8","SLC15A3"
"NPL.5",0,0.437605926238055,0.927,0.627,0,"8","NPL"
"MPP1.4",0,0.426181852018899,0.872,0.612,0,"8","MPP1"
"TFRC",0,0.422981909192621,0.739,0.51,0,"8","TFRC"
"GNB4.3",0,0.42019654452459,0.939,0.75,0,"8","GNB4"
"CTSA.5",0,0.417239758636641,0.986,0.85,0,"8","CTSA"
"BCL2A1",0,0.409728528083855,0.658,0.274,0,"8","BCL2A1"
"VAT1.1",0,0.404256468986173,0.754,0.321,0,"8","VAT1"
"BRI3.5",0,0.401228905923907,0.999,0.999,0,"8","BRI3"
"TNFRSF14.3",0,0.399792480407894,0.931,0.683,0,"8","TNFRSF14"
"PRDX1.1",0,0.398596831065459,1,0.999,0,"8","PRDX1"
"GRINA",0,0.388556580934403,0.946,0.796,0,"8","GRINA"
"HM13.1",0,0.377651549265356,0.994,0.974,0,"8","HM13"
"ATP6V0D2.1",0,0.368444919623999,0.582,0.158,0,"8","ATP6V0D2"
"ATP6AP1.5",0,0.366081404039842,0.988,0.91,0,"8","ATP6AP1"
"GSR",0,0.363270322851328,0.876,0.658,0,"8","GSR"
"RNF13.4",0,0.363031233569991,0.956,0.831,0,"8","RNF13"
"NQO1",0,0.355625493974036,0.48,0.131,0,"8","NQO1"
"ATP6V1D",0,0.354154921699847,0.918,0.727,0,"8","ATP6V1D"
"MYO1E",0,0.339973520691171,0.709,0.323,0,"8","MYO1E"
"NEU1",0,0.339116536187566,0.907,0.667,0,"8","NEU1"
"ARID5B",0,0.317077530177286,0.591,0.223,0,"8","ARID5B"
"HTRA4",0,0.288531939666687,0.357,0.035,0,"8","HTRA4"
"KLHL6",0,0.269943006368159,0.572,0.228,0,"8","KLHL6"
"LINC01857",0,0.234259870100657,0.399,0.059,0,"8","LINC01857"
"RPL28",0,-0.203639981210052,1,1,0,"8","RPL28"
"RPS13",0,-0.207615568677649,1,1,0,"8","RPS13"
"RPS23",0,-0.207861145934186,1,1,0,"8","RPS23"
"RPL13",0,-0.208081973242724,1,1,0,"8","RPL13"
"RPS3A",0,-0.208609252468481,1,1,0,"8","RPS3A"
"RPL32",0,-0.213284288373381,1,1,0,"8","RPL32"
"RPS3.1",0,-0.213366072737619,1,1,0,"8","RPS3"
"RPL35A",0,-0.218063854147192,1,1,0,"8","RPL35A"
"RPL36",0,-0.221840590995216,0.999,1,0,"8","RPL36"
"RPS25",0,-0.231886808886218,0.999,1,0,"8","RPS25"
"RPS5.1",0,-0.235594364878889,0.999,1,0,"8","RPS5"
"RPL34",0,-0.236902036383642,1,1,0,"8","RPL34"
"RPL21",0,-0.237614030366663,1,1,0,"8","RPL21"
"RPL23A.2",0,-0.239740451370454,0.999,1,0,"8","RPL23A"
"RPL7A.2",0,-0.239981319606135,1,1,0,"8","RPL7A"
"RPL6.2",0,-0.2400123492232,1,1,0,"8","RPL6"
"RPS2.2",0,-0.244028484257968,1,1,0,"8","RPS2"
"RPL30",0,-0.244932448177945,0.999,1,0,"8","RPL30"
"RPS15",0,-0.250461660384607,0.999,1,0,"8","RPS15"
"RPL37A",0,-0.252694540399482,1,1,0,"8","RPL37A"
"RPL37",0,-0.255120074922807,1,1,0,"8","RPL37"
"RPLP2",0,-0.256619064618731,1,1,0,"8","RPLP2"
"RPL41",0,-0.256880562455945,1,1,0,"8","RPL41"
"RPS27",0,-0.25973398393573,1,1,0,"8","RPS27"
"RPL27",0,-0.262941880449826,0.999,1,0,"8","RPL27"
"RPS14.2",0,-0.267232133464026,1,1,0,"8","RPS14"
"RPS15A",0,-0.269632985976698,0.999,1,0,"8","RPS15A"
"RPS8",0,-0.273488767454742,1,1,0,"8","RPS8"
"RPL18A.2",0,-0.278149726687882,1,1,0,"8","RPL18A"
"RPS18.2",0,-0.282837128634881,1,1,0,"8","RPS18"
"RPS19.2",0,-0.306183347370476,1,1,0,"8","RPS19"
"RPS21.1",0,-0.317910660908899,1,1,0,"8","RPS21"
"RPL35.2",0,-0.331858243170336,1,1,0,"8","RPL35"
"CYBA",0,-0.335309500209236,1,1,0,"8","CYBA"
"RPSA.2",0,-0.339723599832039,0.999,1,0,"8","RPSA"
"ARHGDIB.1",0,-0.371472791464802,0.966,0.997,0,"8","ARHGDIB"
"ACTG1.3",0,-0.40109751081083,0.994,1,0,"8","ACTG1"
"COTL1.4",0,-0.444243047052983,0.992,0.999,0,"8","COTL1"
"VSIR",0,-0.464743052724204,0.509,0.857,0,"8","VSIR"
"PRELID1.3",0,-0.474147819343398,0.969,0.994,0,"8","PRELID1"
"TMSB10.2",0,-0.479619825687576,1,1,0,"8","TMSB10"
"GLIPR1.1",0,-0.481298491290084,0.7,0.94,0,"8","GLIPR1"
"PKIB.4",0,-0.487987940750644,0.837,0.957,0,"8","PKIB"
"ITGB7.1",0,-0.493992412982239,0.774,0.955,0,"8","ITGB7"
"LST1.2",0,-0.498600370913298,0.995,1,0,"8","LST1"
"CAMK1.1",0,-0.501873245558102,0.851,0.958,0,"8","CAMK1"
"PYCARD.3",0,-0.515573148613107,0.946,0.997,0,"8","PYCARD"
"CORO1A.2",0,-0.522830160151745,0.963,0.997,0,"8","CORO1A"
"AIF1.1",0,-0.542155084095939,0.999,1,0,"8","AIF1"
"ACTB.4",0,-0.576913419000693,1,1,0,"8","ACTB"
"ALOX5AP.3",0,-0.580035642285314,0.999,1,0,"8","ALOX5AP"
"CX3CR1.3",0,-0.601314919221359,0.505,0.891,0,"8","CX3CR1"
"S100A4.4",0,-0.669200669565999,1,1,0,"8","S100A4"
"YWHAH.4",0,-0.685393779940761,0.932,0.992,0,"8","YWHAH"
"MS4A6A.2",0,-0.726178731196955,0.92,0.997,0,"8","MS4A6A"
"C12orf75.5",0,-0.743221807773595,0.874,0.985,0,"8","C12orf75"
"PLAC8.3",0,-1.06236834268695,0.589,0.901,0,"8","PLAC8"
"RPS6.1",9.73309322307256e-322,-0.208787088104454,1,1,2.33565038074072e-317,"8","RPS6"
"OTOA.1",8.20643037742311e-321,0.330307077875407,0.529,0.134,1.96929709767022e-316,"8","OTOA"
"JAML.4",9.12045182222941e-321,-0.568068419099593,0.482,0.813,2.18863482378039e-316,"8","JAML"
"SLAMF7.1",9.16738805858433e-320,0.401735228628277,0.865,0.594,2.19989811241848e-315,"8","SLAMF7"
"GNAI2",1.39840340398906e-319,-0.34347659150797,0.997,1,3.35574864855256e-315,"8","GNAI2"
"ATP6V1C1.1",1.08919736019578e-318,0.333988914092976,0.905,0.716,2.61374690526181e-314,"8","ATP6V1C1"
"VEGFB.3",5.03563563816899e-316,0.334737178624998,0.984,0.87,1.20840148409141e-311,"8","VEGFB"
"PLD4",2.74885309254561e-312,-0.408322066100286,0.944,0.993,6.59642276618169e-308,"8","PLD4"
"RPS16.1",5.50206795519295e-312,-0.21002878828545,1,1,1.32033124720765e-307,"8","RPS16"
"RPL4.2",6.09497106103828e-309,-0.282563949775146,0.998,0.999,1.46261020551736e-304,"8","RPL4"
"RPL27A.1",1.05207972793221e-305,-0.249402230190066,1,1,2.52467572311894e-301,"8","RPL27A"
"FABP3.1",2.06533027297122e-305,0.328192453495287,0.516,0.134,4.95617305604904e-301,"8","FABP3"
"M6PR.3",1.30464377584485e-304,0.3219116861465,0.997,0.981,3.13075366889489e-300,"8","M6PR"
"RPL24",3.35454293537904e-304,-0.20066004021529,0.999,1,8.04989668202907e-300,"8","RPL24"
"RPS11",3.55079122095038e-304,-0.212018965911881,1,1,8.52083369291464e-300,"8","RPS11"
"LPL",4.13204127894308e-304,0.355993583416119,0.422,0.116,9.91565945707971e-300,"8","LPL"
"HMOX1.5",1.16290208021141e-301,0.603810508409331,0.967,0.891,2.79061612188331e-297,"8","HMOX1"
"RPL8.2",2.25121178307493e-301,-0.214595868230934,1,1,5.40223291584491e-297,"8","RPL8"
"UQCRH",1.36993908733383e-294,-0.239214038370112,0.999,0.999,3.287442827875e-290,"8","UQCRH"
"RTN4",1.67105806807876e-293,0.322124295994797,0.991,0.972,4.01003804596859e-289,"8","RTN4"
"RPS29",3.59244295714224e-293,-0.300639631230102,0.999,1,8.62078536425423e-289,"8","RPS29"
"RPL13A",6.95014282570768e-292,-0.231575150800325,1,1,1.66782577388507e-287,"8","RPL13A"
"PFN1.2",1.50722942027637e-291,-0.315768472237747,0.999,1,3.61689843983719e-287,"8","PFN1"
"GK",2.08774545309072e-288,0.259843715822064,0.522,0.199,5.00996276378179e-284,"8","GK"
"SAMHD1",8.98168091216509e-288,-0.394643548581551,0.95,0.991,2.15533396849226e-283,"8","SAMHD1"
"FTL.6",2.97360837022314e-286,0.397845207634483,1,1,7.13576800602447e-282,"8","FTL"
"GPX4.3",3.18310748798589e-286,0.314820577348125,0.999,0.999,7.63850303891975e-282,"8","GPX4"
"ACP5",1.00399687247379e-285,0.442647522613852,0.546,0.247,2.40929129487535e-281,"8","ACP5"
"ANXA2.1",3.30982655630512e-285,0.455506541637873,0.985,0.921,7.9425907871654e-281,"8","ANXA2"
"CXCL16.2",2.34277351566741e-282,0.341215119430739,0.859,0.651,5.62195360554709e-278,"8","CXCL16"
"RAB20",3.73664046757915e-281,0.254538661815266,0.606,0.257,8.96681613004968e-277,"8","RAB20"
"MSMO1.2",1.06378740242072e-279,0.434935124650938,0.734,0.435,2.55277062958901e-275,"8","MSMO1"
"LIPA.5",2.50719422531865e-279,0.456067401813672,0.995,0.954,6.01651398249716e-275,"8","LIPA"
"HAVCR2.2",3.37986367253726e-279,0.323524488734292,0.954,0.862,8.11065885498767e-275,"8","HAVCR2"
"PAK1.2",2.45031090646926e-276,-0.39641413839872,0.799,0.936,5.88001108225429e-272,"8","PAK1"
"LAMP1.3",3.12257901963697e-276,0.32677155967678,0.947,0.792,7.49325287342284e-272,"8","LAMP1"
"TIMP3",1.60279099959042e-275,0.46878749807256,0.247,0.029,3.84621756171713e-271,"8","TIMP3"
"RPL10A.3",4.78626279578675e-275,-0.260664446970526,0.998,0.999,1.14855948310495e-270,"8","RPL10A"
"AMDHD2.1",9.62601814975932e-275,0.283124479164516,0.806,0.481,2.30995557539774e-270,"8","AMDHD2"
"RPL14.1",1.14267247603164e-274,-0.204157535522024,0.999,1,2.74207114073313e-270,"8","RPL14"
"CLN8.1",1.67876268436596e-272,0.297669982109161,0.772,0.47,4.02852681367299e-268,"8","CLN8"
"ATP6V0B.1",9.59715742434277e-272,0.279558314894908,0.999,0.999,2.30302986711953e-267,"8","ATP6V0B"
"RPL5.2",1.3543487401999e-271,-0.225995003354214,1,1,3.25003067185769e-267,"8","RPL5"
"HMGCS1.2",7.40108022952371e-271,0.475968670767331,0.76,0.464,1.7760372226788e-266,"8","HMGCS1"
"CTNNB1.3",2.38945106317669e-270,0.36190770760145,0.975,0.887,5.73396571630511e-266,"8","CTNNB1"
"RNASET2.3",9.22795179164331e-270,-0.362128515691781,0.963,0.996,2.21443159144065e-265,"8","RNASET2"
"ABCC5.3",5.64515528931361e-269,0.327123488254894,0.728,0.39,1.35466791477659e-264,"8","ABCC5"
"ABHD12.3",5.41129995323282e-268,0.309001699594004,0.959,0.831,1.29854964977728e-263,"8","ABHD12"
"CD74.4",6.78368710107011e-266,-0.739555751626459,0.999,1,1.62788139364379e-261,"8","CD74"
"GABARAPL2",1.33809733476109e-263,0.351614975821404,0.991,0.982,3.21103217422618e-259,"8","GABARAPL2"
"IDI1.2",2.79947874082661e-263,0.434345511906632,0.873,0.674,6.71790913436161e-259,"8","IDI1"
"ITGAX",2.61099301839552e-262,0.285041642500791,0.793,0.512,6.26559994624373e-258,"8","ITGAX"
"ZFYVE16",1.08064754900841e-261,0.300137950363907,0.808,0.618,2.59322992335547e-257,"8","ZFYVE16"
"PHLDA1.2",7.15753626670088e-261,0.468921789969758,0.725,0.454,1.71759397792021e-256,"8","PHLDA1"
"OLR1.1",1.05755432344354e-259,0.38854986984239,0.918,0.744,2.53781310996746e-255,"8","OLR1"
"CD1C.6",5.11386613488716e-259,-0.585516912584,0.292,0.623,1.22717445638887e-254,"8","CD1C"
"CEBPB.2",2.35771679195106e-257,0.438230097601908,0.972,0.925,5.65781298564497e-253,"8","CEBPB"
"SGTB.1",3.12366152118908e-257,0.298758851392687,0.633,0.32,7.49585055239743e-253,"8","SGTB"
"CADM1.1",2.11002105974957e-254,0.315206744639714,0.814,0.542,5.06341753708105e-250,"8","CADM1"
"RASGRP3",4.63985724724036e-254,0.295499565614058,0.944,0.842,1.11342654362027e-249,"8","RASGRP3"
"ZFP36L2",1.02710437510987e-253,-0.433920538828338,0.934,0.99,2.46474236895116e-249,"8","ZFP36L2"
"SLC16A10",1.51373596489328e-252,0.333103609276446,0.324,0.063,3.6325121949544e-248,"8","SLC16A10"
"ATOX1.4",3.30436504326872e-252,0.398809154837204,0.994,0.989,7.92948479433195e-248,"8","ATOX1"
"WARS",1.56704377275581e-251,0.23671564169973,0.641,0.37,3.76043494148212e-247,"8","WARS"
"ANXA1.2",5.21963724943999e-247,-0.367750538131509,0.69,0.862,1.25255635074811e-242,"8","ANXA1"
"P2RY13.2",1.25948317089801e-244,-0.33803483342577,0.262,0.623,3.02238176520395e-240,"8","P2RY13"
"PLEKHO1.3",3.85087342987847e-244,-0.429175117098987,0.842,0.951,9.24094096967936e-240,"8","PLEKHO1"
"SQLE.3",3.85828800447126e-244,0.417079190723537,0.827,0.5,9.25873372432968e-240,"8","SQLE"
"CST7.4",4.05903708423411e-244,0.452752231815861,0.671,0.34,9.74047129103659e-240,"8","CST7"
"EEF1B2.2",1.14815858505257e-243,-0.234517143905115,0.998,1,2.75523615655065e-239,"8","EEF1B2"
"PARM1",1.03564773682047e-242,-0.376918618546901,0.564,0.839,2.48524387404808e-238,"8","PARM1"
"MGAT1.3",1.13465457826245e-242,0.285265982430072,0.931,0.809,2.7228305914564e-238,"8","MGAT1"
"RGS1.4",2.29121609274911e-242,0.593986912194041,0.536,0.22,5.49823125777004e-238,"8","RGS1"
"CD33.2",2.57898452290293e-242,-0.313806275874314,0.463,0.74,6.18878915961015e-238,"8","CD33"
"FAM213A",8.21246151591348e-240,0.299187332675271,0.86,0.625,1.97074438997376e-235,"8","FAM213A"
"RIT1",1.20312403109363e-239,0.267105879602661,0.805,0.571,2.88713673741539e-235,"8","RIT1"
"S100B.2",1.15260487045853e-238,-0.251215604879686,0.986,0.997,2.76590590763934e-234,"8","S100B"
"ELL2",1.16190836964471e-238,0.215552488914509,0.473,0.169,2.78823151463641e-234,"8","ELL2"
"CHI3L1.3",4.07338450515833e-238,0.579192185474032,0.909,0.735,9.77490079702845e-234,"8","CHI3L1"
"FKBP1A",5.15764527069397e-238,-0.280972300841953,0.974,0.992,1.23768013560843e-233,"8","FKBP1A"
"DENND2D",2.25361732000233e-237,0.20068002358582,0.554,0.208,5.40800548280958e-233,"8","DENND2D"
"TMA7",3.74709358366935e-235,-0.230150798903803,0.998,0.999,8.99190047273135e-231,"8","TMA7"
"SPART",1.15043599633245e-234,0.256365470935445,0.829,0.572,2.76070126039898e-230,"8","SPART"
"FCGRT.4",1.54281219694581e-231,-0.288533443738242,0.998,1,3.70228642901086e-227,"8","FCGRT"
"RXRA",6.45546776725016e-231,-0.416945844156004,0.729,0.909,1.54911860010702e-226,"8","RXRA"
"NCOA4.4",4.79383857125631e-230,0.297999030119759,0.98,0.937,1.15037744194438e-225,"8","NCOA4"
"DNASE2.5",5.90116048262485e-230,0.373001932268922,0.972,0.854,1.41610148101549e-225,"8","DNASE2"
"RPL3.1",1.8488270411345e-229,-0.218351764903026,1,1,4.43663025061046e-225,"8","RPL3"
"PARK7.1",3.40858373148124e-229,-0.260622232255761,0.98,0.992,8.17957838043553e-225,"8","PARK7"
"TLR10.3",3.9594081245453e-229,-0.325158331165914,0.303,0.642,9.50139167647135e-225,"8","TLR10"
"FGL2.3",9.08859713516416e-229,-0.482933523822621,0.271,0.606,2.18099065452534e-224,"8","FGL2"
"ME1",1.71370182029744e-228,0.233819707229126,0.503,0.184,4.11237025816777e-224,"8","ME1"
"SNHG12.1",1.57493250706338e-227,0.334107950701095,0.863,0.634,3.7793655372e-223,"8","SNHG12"
"SOAT1",1.7855147475195e-227,0.254279573530058,0.817,0.593,4.28469973962255e-223,"8","SOAT1"
"IFI30",2.36356542787326e-226,0.254734918322232,0.621,0.289,5.67184795726746e-222,"8","IFI30"
"SLC5A3",4.9677695492954e-226,0.294907337475832,0.632,0.45,1.19211565874442e-221,"8","SLC5A3"
"TNFAIP2",7.04328091407024e-226,0.256175560763459,0.726,0.421,1.69017612094944e-221,"8","TNFAIP2"
"ELOC",3.89492818492445e-224,0.3253330480338,0.967,0.923,9.34665916536321e-220,"8","ELOC"
"IER5L.1",6.07125890372719e-224,0.336526486526739,0.851,0.584,1.45691999912741e-219,"8","IER5L"
"PLIN2.3",7.98960395639417e-224,0.412956164999344,0.681,0.462,1.91726526141591e-219,"8","PLIN2"
"HEXB.3",2.62013886743263e-223,0.282869698210113,0.944,0.813,6.28754724017808e-219,"8","HEXB"
"MITF.1",5.89298286572736e-223,0.231448172012739,0.543,0.308,1.41413909828859e-218,"8","MITF"
"GABARAPL1",1.26922683438685e-221,0.242862594058257,0.651,0.354,3.04576363447812e-217,"8","GABARAPL1"
"CCDC85B.1",2.09520640535432e-221,-0.358636289131032,0.761,0.916,5.02786681092877e-217,"8","CCDC85B"
"RRAGD",3.09648106142467e-220,0.258622385498434,0.821,0.556,7.43062560310077e-216,"8","RRAGD"
"COL4A3BP.1",1.19208603502837e-219,0.255879921322582,0.866,0.669,2.86064885825758e-215,"8","COL4A3BP"
"RENBP.2",4.46953855128678e-219,0.238154678617069,0.729,0.384,1.07255516615229e-214,"8","RENBP"
"ATF3",9.02382039585744e-218,0.205371471697226,0.216,0.039,2.16544618039391e-213,"8","ATF3"
"TMEM144.3",1.72265255517133e-217,0.291988238662236,0.843,0.58,4.13384933664464e-213,"8","TMEM144"
"ATP6V1B2.3",1.57229770092356e-216,0.285803401213117,0.984,0.946,3.77304279290626e-212,"8","ATP6V1B2"
"CREG1.5",3.998016222257e-215,0.313598476677513,0.99,0.876,9.59403952855012e-211,"8","CREG1"
"RPN2",5.25634323831309e-215,-0.292444520833007,0.956,0.988,1.26136468689799e-210,"8","RPN2"
"ANXA4",1.13401930729848e-213,0.261288459601495,0.851,0.684,2.72130613172417e-209,"8","ANXA4"
"FAM20C.3",3.04956829242495e-213,0.310891583335918,0.861,0.722,7.31804903133216e-209,"8","FAM20C"
"TGFBR1.5",4.82673106758861e-213,0.290584947110148,0.987,0.93,1.15827065428924e-208,"8","TGFBR1"
"SC5D",8.06115609363887e-212,0.240947941503167,0.692,0.402,1.93443562779052e-207,"8","SC5D"
"AL034397.3.2",1.25966132705613e-211,-0.374596366226809,0.398,0.71,3.0228092865366e-207,"8","AL034397.3"
"HLA-DPA1.6",1.79981846846127e-211,-0.863469176380165,0.963,0.98,4.31902437876651e-207,"8","HLA-DPA1"
"CYBB.2",2.85959452112698e-209,-0.362453616744311,0.925,0.986,6.86216897234842e-205,"8","CYBB"
"GCLM",1.55684354968673e-208,0.224005463411151,0.527,0.322,3.73595746618325e-204,"8","GCLM"
"PSMC4.2",6.46228828536262e-208,-0.411320902935192,0.937,0.971,1.55075531983847e-203,"8","PSMC4"
"RPL38",2.00723256879576e-207,-0.223993056167551,0.999,1,4.81675599533919e-203,"8","RPL38"
"ICAM3.3",1.36942997883902e-206,-0.423652632569347,0.704,0.87,3.28622112021998e-202,"8","ICAM3"
"RPS26.1",8.91250639668754e-206,-0.251957309264502,0.997,0.999,2.13873416001311e-201,"8","RPS26"
"CDS2",1.55097250035807e-205,0.22126728142516,0.711,0.455,3.72186870910925e-201,"8","CDS2"
"FILIP1L.3",1.05999291900885e-204,-0.391203557669221,0.463,0.734,2.54366500774554e-200,"8","FILIP1L"
"ARPC2.1",1.14495045808038e-203,-0.209716459586469,0.999,1,2.74753761425549e-199,"8","ARPC2"
"TCEAL9.1",9.6801681902031e-202,0.29427306515141,0.462,0.178,2.32294996060304e-197,"8","TCEAL9"
"C1QA.6",1.43874366623222e-201,-0.364942593005012,0.998,1,3.45255317585747e-197,"8","C1QA"
"GRN.5",5.39455222493644e-201,0.247800393120395,0.999,0.999,1.294530697418e-196,"8","GRN"
"GADD45B",9.16141731825274e-200,0.220090016467049,0.39,0.129,2.19846531386111e-195,"8","GADD45B"
"NOP10.1",1.75932797045307e-199,0.292798688648881,0.998,0.997,4.22185933069622e-195,"8","NOP10"
"APOE.6",3.12884499168495e-199,0.815135763923854,0.8,0.604,7.50828932654638e-195,"8","APOE"
"SLC11A2.1",1.61999991108995e-198,0.246772491081207,0.829,0.602,3.88751378664255e-194,"8","SLC11A2"
"GAPT.2",3.41369811460236e-198,-0.316703447761226,0.455,0.737,8.19185136561129e-194,"8","GAPT"
"C5AR1.3",3.53157421254572e-198,0.330703596950444,0.735,0.518,8.47471863784597e-194,"8","C5AR1"
"P2RX4",1.28158452160451e-197,0.233347633281478,0.82,0.603,3.07541837649433e-193,"8","P2RX4"
"DUSP4",4.43568818882837e-197,0.263140400516655,0.669,0.394,1.06443209467314e-192,"8","DUSP4"
"IL4I1",1.41363548496625e-196,0.292561447002596,0.519,0.196,3.3923010732735e-192,"8","IL4I1"
"LITAF.1",2.01420709441868e-196,0.296939973172312,0.969,0.925,4.83349276447651e-192,"8","LITAF"
"CSF1R",2.98812679778116e-196,-0.368218221717293,0.937,0.989,7.17060787663544e-192,"8","CSF1R"
"TUBA1A.1",3.92109672947264e-196,0.476446125647391,0.965,0.905,9.4094558217155e-192,"8","TUBA1A"
"FADS1.4",3.57031465818019e-195,0.373606556701974,0.857,0.639,8.56768408523501e-191,"8","FADS1"
"IGF2R.1",1.59961950040432e-194,0.221910936488389,0.764,0.508,3.83860691512025e-190,"8","IGF2R"
"CYSLTR1",3.08808793863741e-194,-0.28933149870582,0.556,0.802,7.41048462634819e-190,"8","CYSLTR1"
"RALA.1",3.37937688616799e-194,0.280295687289831,0.8,0.614,8.10949071373732e-190,"8","RALA"
"PSME2.3",3.50380223951511e-194,-0.301995705297412,0.769,0.881,8.40807423416441e-190,"8","PSME2"
"RFLNB.2",4.903302094353e-194,-0.413851253976054,0.552,0.801,1.17664540358189e-189,"8","RFLNB"
"SLC17A5",4.78899515658606e-193,0.217648376909224,0.638,0.352,1.14921516772596e-188,"8","SLC17A5"
"TTYH3.4",7.3390505870956e-193,0.266310719081169,0.96,0.854,1.76115196938533e-188,"8","TTYH3"
"PPA1.6",8.05600417252642e-193,-0.361593441020793,0.668,0.838,1.93319932128116e-188,"8","PPA1"
"SERPINI1",1.35935679149356e-192,0.206088911928144,0.332,0.085,3.2620484925471e-188,"8","SERPINI1"
"GNA13",1.65419999215963e-192,0.231837940735921,0.729,0.555,3.96958372118548e-188,"8","GNA13"
"IQGAP2.2",1.26726980802812e-189,0.263690421498258,0.913,0.758,3.04106735832509e-185,"8","IQGAP2"
"ITGAM.1",1.35007236830001e-189,-0.259219930877888,0.346,0.632,3.23976866220954e-185,"8","ITGAM"
"ASGR2.3",3.51885086834976e-189,-0.411321289039475,0.794,0.924,8.44418642877893e-185,"8","ASGR2"
"CAP1",6.00730788110063e-189,-0.284349794912086,0.996,0.999,1.44157367222772e-184,"8","CAP1"
"CFL1.1",6.1328789514863e-189,-0.213426794887346,1,1,1.47170696198817e-184,"8","CFL1"
"RAB1A.1",9.7642941858043e-189,0.242924769895503,0.93,0.793,2.34313767576746e-184,"8","RAB1A"
"PALD1",1.44882991086264e-188,-0.308620251161127,0.621,0.856,3.47675713709707e-184,"8","PALD1"
"LAMP2.3",5.70683578723977e-188,0.255199414760798,0.973,0.892,1.36946938386393e-183,"8","LAMP2"
"APBB1IP.2",6.85157578903437e-188,-0.324241922558192,0.812,0.933,1.64417264209458e-183,"8","APBB1IP"
"NDRG2.1",9.17859933789366e-188,-0.305108671119077,0.789,0.923,2.20258848311434e-183,"8","NDRG2"
"PGD",1.6685057567851e-187,0.254564063529356,0.92,0.807,4.00391326455721e-183,"8","PGD"
"ZFAND5.1",1.55493792643463e-182,0.244585793832376,0.892,0.749,3.73138454206517e-178,"8","ZFAND5"
"GLMP.5",5.24982863502022e-181,0.255362140356623,0.852,0.588,1.2598013775458e-176,"8","GLMP"
"RAP2B.3",8.9919633915175e-181,0.254746793469241,0.858,0.638,2.15780145506246e-176,"8","RAP2B"
"TIMP2.5",2.101694830988e-180,0.262481747141732,0.99,0.955,5.0434370859219e-176,"8","TIMP2"
"MARCKSL1.1",8.7785635669265e-180,-0.372734704614916,0.65,0.81,2.10659189915535e-175,"8","MARCKSL1"
"A2M.4",1.24911427277381e-177,0.337174128717293,0.995,0.991,2.99749952037532e-173,"8","A2M"
"HLA-DPB1.7",2.56420584279212e-177,-0.912668057712193,0.899,0.931,6.15332476094826e-173,"8","HLA-DPB1"
"NUAK1.2",4.82944822750854e-177,0.22702893459867,0.633,0.341,1.15892269115522e-172,"8","NUAK1"
"SIRPA",5.00093554247534e-177,0.231509789069888,0.929,0.857,1.20007450212781e-172,"8","SIRPA"
"COMMD6.1",1.26545674265718e-176,-0.224115879134268,0.99,0.997,3.03671654535443e-172,"8","COMMD6"
"ZC3H12C",7.12699324363895e-176,0.203439614796169,0.603,0.342,1.71026456867604e-171,"8","ZC3H12C"
"SNCA",7.8224982033351e-176,0.261978223543208,0.993,0.962,1.87716489385432e-171,"8","SNCA"
"HLA-DRB1.5",2.75843134329147e-174,-0.731831499444208,0.961,0.979,6.61940769449654e-170,"8","HLA-DRB1"
"ALAS1",1.2077799656786e-172,0.251588239551061,0.841,0.663,2.89830958363894e-168,"8","ALAS1"
"RRAGC",2.86804213046371e-172,0.217195696031825,0.848,0.639,6.88244070047377e-168,"8","RRAGC"
"SMS.1",4.59933498584034e-171,0.25072486216034,0.882,0.75,1.10370241655211e-166,"8","SMS"
"FCER1A.6",5.4654393416268e-171,-0.784100023257091,0.175,0.438,1.31154147881018e-166,"8","FCER1A"
"PRKCA",6.25663447334219e-170,-0.31487170658424,0.744,0.895,1.50140457456793e-165,"8","PRKCA"
"PTMA.3",2.39672547351537e-169,-0.29288899985048,1,1,5.75142211879483e-165,"8","PTMA"
"NDUFA12.1",3.75746211690954e-169,-0.229095375204088,0.927,0.964,9.01678184194783e-165,"8","NDUFA12"
"TMEM70",1.24255485577776e-168,0.240143482783444,0.822,0.645,2.98175888740989e-164,"8","TMEM70"
"CALCOCO2",2.20672127842086e-168,-0.261535750603173,0.446,0.696,5.29546905182653e-164,"8","CALCOCO2"
"MT-ND1",4.09659644179435e-168,-0.216251077950926,0.995,1,9.83060248137391e-164,"8","MT-ND1"
"MEF2C",1.77167844400775e-167,-0.298805954024444,0.927,0.993,4.25149676208539e-163,"8","MEF2C"
"GMFG",3.79592365710976e-167,-0.216542612403931,0.972,0.99,9.1090779999663e-163,"8","GMFG"
"PLAUR.1",7.39264380515728e-167,0.42495038765115,0.817,0.706,1.77401273392359e-162,"8","PLAUR"
"ID2.2",2.12607745739337e-166,-0.388473781146214,0.929,0.978,5.10194807450686e-162,"8","ID2"
"CD84.5",2.52122664026186e-166,0.296650952367738,0.938,0.843,6.05018756863638e-162,"8","CD84"
"MRPS6",3.13415984349109e-166,0.294114590768237,0.897,0.771,7.52104337642558e-162,"8","MRPS6"
"VAMP8.1",3.56141411449932e-166,-0.213058511155377,0.997,0.999,8.54632545056401e-162,"8","VAMP8"
"CARD9.1",2.97385091084648e-165,-0.275396784363432,0.467,0.725,7.13635003075831e-161,"8","CARD9"
"UQCR10.1",8.53085602776539e-165,-0.202787120124575,0.999,1,2.04714952098286e-160,"8","UQCR10"
"CYB561A3",2.57894424775682e-164,0.269953087754672,0.934,0.811,6.18869251134205e-160,"8","CYB561A3"
"PTCRA",3.15321336234932e-164,0.217518212007232,0.514,0.214,7.56676610562965e-160,"8","PTCRA"
"MARCH1.1",1.60127735704714e-163,-0.313049341883558,0.813,0.951,3.84258527370602e-159,"8","MARCH1"
"HSD17B4.2",8.89670070205718e-163,0.22821516377139,0.941,0.824,2.13494126747266e-158,"8","HSD17B4"
"APRT.2",2.01077822774267e-162,-0.230415645924485,0.979,0.99,4.8252645131141e-158,"8","APRT"
"LGALS1.3",4.78364595723569e-162,0.315495641779732,1,0.999,1.14793152035785e-157,"8","LGALS1"
"GOLIM4.1",6.25592878337337e-162,0.222301797450069,0.738,0.511,1.50123523014611e-157,"8","GOLIM4"
"ATP5IF1",4.90465928836643e-161,-0.231313304007637,0.96,0.987,1.17697108942929e-156,"8","ATP5IF1"
"CCR6.3",4.11207289390256e-160,-0.271892632818626,0.247,0.545,9.86774132349797e-156,"8","CCR6"
"RGS18",7.50375454045061e-160,-0.215430988208669,0.224,0.512,1.80067597707193e-155,"8","RGS18"
"RAC1",1.93211339304898e-159,-0.220778554375006,0.998,1,4.63649250929964e-155,"8","RAC1"
"C3AR1.2",3.12463503906231e-159,0.262852179768085,0.978,0.95,7.49818670323784e-155,"8","C3AR1"
"GNPDA1.4",7.27474850160988e-159,0.237550491665048,0.945,0.778,1.74572139793132e-154,"8","GNPDA1"
"WBP2",1.76258162825404e-158,0.207910477475625,0.862,0.672,4.22966713332121e-154,"8","WBP2"
"CD1E.5",3.36172062447845e-158,-0.465526584373146,0.142,0.411,8.06712098256093e-154,"8","CD1E"
"RPL31",4.76464879764543e-158,-0.204273805338565,0.994,0.998,1.14337277197097e-153,"8","RPL31"
"IL18.2",3.84648334756481e-157,-0.329256532765105,0.504,0.717,9.23040608915126e-153,"8","IL18"
"ADGRG1.2",1.32666516253351e-156,-0.292106306099602,0.198,0.494,3.18359839053165e-152,"8","ADGRG1"
"HCLS1",2.6902822167197e-154,-0.268357547275677,0.929,0.971,6.45587023546226e-150,"8","HCLS1"
"MMP14.4",3.57109514981884e-154,0.21519049258131,0.96,0.902,8.56955703102028e-150,"8","MMP14"
"MCOLN1",2.16726399406871e-153,0.201102680110713,0.745,0.52,5.20078340656668e-149,"8","MCOLN1"
"STARD4",4.03872501119466e-152,0.231761421769406,0.675,0.417,9.69172840936384e-148,"8","STARD4"
"PLBD1.1",6.38335706196852e-152,-0.261535053539821,0.347,0.582,1.53181419416059e-147,"8","PLBD1"
"KLHL24.1",1.45346348247965e-151,0.202052686244143,0.703,0.46,3.48787631890642e-147,"8","KLHL24"
"ADAM9.3",2.10648550618848e-148,0.239213824999088,0.901,0.747,5.0549332692005e-144,"8","ADAM9"
"ABCC4",8.68989630941096e-148,-0.310580962994384,0.693,0.877,2.08531441736935e-143,"8","ABCC4"
"CKLF.4",4.6647023384878e-147,-0.318764516930423,0.975,0.991,1.11938862016692e-142,"8","CKLF"
"SLC11A1.5",7.05207541806574e-147,0.269126185695002,0.744,0.466,1.69228653807323e-142,"8","SLC11A1"
"CCND1.2",1.19353285095232e-146,-0.344151870521255,0.715,0.859,2.86412078243029e-142,"8","CCND1"
"RGS19",1.74402746466652e-146,-0.273506055101514,0.905,0.965,4.18514270696025e-142,"8","RGS19"
"RHOQ",7.48888618017398e-146,0.210462530382826,0.897,0.751,1.79710801665635e-141,"8","RHOQ"
"ADGRG5",3.49580942289765e-144,-0.206316227614883,0.218,0.502,8.38889387212749e-140,"8","ADGRG5"
"HEXA.4",1.09731856488338e-143,0.217510959971354,0.988,0.958,2.63323536015065e-139,"8","HEXA"
"CTNND1",4.15613476649591e-143,-0.309029188657082,0.785,0.916,9.97347659916023e-139,"8","CTNND1"
"MKNK1",4.20387788395398e-143,-0.286943143132025,0.848,0.93,1.00880457581244e-138,"8","MKNK1"
"SUSD3.2",1.75462756127254e-142,-0.278389883590589,0.742,0.881,4.21057975878572e-138,"8","SUSD3"
"PHPT1",2.32602606055512e-142,-0.247563631279939,0.941,0.975,5.58176473751411e-138,"8","PHPT1"
"GLUL.3",4.18428296017987e-142,0.29983729463177,0.785,0.634,1.00410238195436e-137,"8","GLUL"
"LCP1.4",1.51852697052071e-141,-0.336415876136037,0.957,0.983,3.64400917115854e-137,"8","LCP1"
"CST3.2",7.47357609469305e-141,-0.214788718043934,1,1,1.79343405544349e-136,"8","CST3"
"NDUFAF8",1.97211303588884e-140,-0.228904101262929,0.846,0.92,4.73247965222244e-136,"8","NDUFAF8"
"ASAP1",9.78607915272418e-140,0.215649677850647,0.825,0.649,2.34836541427922e-135,"8","ASAP1"
"ANXA5",1.6165262613127e-139,0.207331519131424,1,0.999,3.8791780692721e-135,"8","ANXA5"
"GNS.3",2.15192564624884e-139,0.206087223593426,0.86,0.689,5.16397597330335e-135,"8","GNS"
"YWHAB",8.65610525903969e-139,-0.236249361742322,0.993,0.997,2.07720557901175e-134,"8","YWHAB"
"OTULINL",5.20628509069772e-138,-0.275790695857921,0.774,0.903,1.24935223321473e-133,"8","OTULINL"
"SFMBT2",3.6427924401228e-137,-0.295060667589295,0.658,0.847,8.74160901856268e-133,"8","SFMBT2"
"EZR",1.47162511116662e-136,-0.284492846377599,0.745,0.876,3.53145877926655e-132,"8","EZR"
"ACAT2.5",3.66338964187295e-136,0.388775300380544,0.821,0.586,8.79103612360253e-132,"8","ACAT2"
"DHCR7",1.49737419131802e-135,0.214248232594462,0.561,0.283,3.59324884690586e-131,"8","DHCR7"
"GCLC.4",4.90854850397003e-133,0.265504177674943,0.902,0.777,1.17790438449769e-128,"8","GCLC"
"RUNX3.2",4.83541929715261e-132,-0.370569918647748,0.898,0.965,1.16035556873771e-127,"8","RUNX3"
"FERMT3.2",9.07307924184224e-132,0.221022927344978,0.973,0.896,2.17726682566488e-127,"8","FERMT3"
"RHOG.1",1.54946664974357e-131,-0.306399395497579,0.92,0.963,3.71825511938963e-127,"8","RHOG"
"SUCNR1.1",2.62052494946916e-131,0.218183228867385,0.452,0.199,6.28847372124115e-127,"8","SUCNR1"
"GPR183.1",3.80029963162331e-131,0.32651229876181,0.669,0.565,9.11957902600645e-127,"8","GPR183"
"C1QBP.4",1.38911470094134e-130,-0.254554820709865,0.881,0.937,3.33345854784894e-126,"8","C1QBP"
"SLC39A1",7.34422001214859e-130,0.202435570441136,0.839,0.686,1.7623924763153e-125,"8","SLC39A1"
"NCF1.4",1.33367617649074e-129,-0.404054345591284,0.934,0.977,3.20042272072483e-125,"8","NCF1"
"RB1",9.61088339196254e-129,-0.290145538015139,0.924,0.974,2.30632368756925e-124,"8","RB1"
"VASP.3",1.05842574925103e-128,-0.304777633400526,0.88,0.932,2.5399042704777e-124,"8","VASP"
"NCF4",1.14712377169573e-128,-0.244680619505913,0.967,0.99,2.75275291493825e-124,"8","NCF4"
"FPR1",6.14796747743885e-128,-0.280215648828158,0.417,0.661,1.475327755561e-123,"8","FPR1"
"CPED1",8.26319934537967e-128,-0.246825274578781,0.477,0.712,1.98291994691076e-123,"8","CPED1"
"FDFT1.4",1.18500760009237e-127,0.30962372206427,0.874,0.666,2.84366273794166e-123,"8","FDFT1"
"HLA-DRA.5",1.92513742776181e-127,-0.731573407226177,0.966,0.979,4.61975228540002e-123,"8","HLA-DRA"
"AKR7A2.2",4.12056835054966e-127,-0.23873221771257,0.81,0.9,9.88812787081403e-123,"8","AKR7A2"
"PPM1G.2",3.45804522409798e-125,-0.278408040386658,0.79,0.883,8.29827112426792e-121,"8","PPM1G"
"FFAR4",1.28877880497987e-124,-0.216027489090991,0.372,0.628,3.0926824983102e-120,"8","FFAR4"
"ARPC1B.2",1.60828687117647e-124,-0.21668557703807,0.995,0.997,3.85940600476217e-120,"8","ARPC1B"
"ACTR2",3.74870007689915e-124,-0.228705233182458,0.999,0.999,8.99575557453489e-120,"8","ACTR2"
"NAGK.2",5.40865906387421e-124,0.205469390824919,0.95,0.874,1.29791591555789e-119,"8","NAGK"
"APEX1.2",8.43370098351516e-124,-0.25289179464259,0.845,0.929,2.02383522501413e-119,"8","APEX1"
"IFITM2.4",1.10464502354429e-123,-0.314794989507231,0.584,0.774,2.65081666299923e-119,"8","IFITM2"
"GIMAP4",1.52588132291784e-122,-0.241565295093219,0.49,0.698,3.66165741060594e-118,"8","GIMAP4"
"CCL20",2.30724290935209e-121,0.458964872128244,0.277,0.175,5.53669080957222e-117,"8","CCL20"
"RGCC",6.83466006887011e-121,0.318452087255251,0.271,0.12,1.64011337672676e-116,"8","RGCC"
"AC244090.1",5.14500979096109e-120,0.200500748396357,0.788,0.579,1.23464799953693e-115,"8","AC244090.1"
"CALM2.1",3.75492204196921e-119,-0.264526576109863,0.991,0.997,9.01068642411351e-115,"8","CALM2"
"FYB1",1.07874791711013e-118,-0.257488935087427,0.919,0.985,2.58867137668917e-114,"8","FYB1"
"P2RY6",1.61674739976946e-118,-0.227482917313156,0.681,0.841,3.87970873522678e-114,"8","P2RY6"
"RANBP1.2",9.89443160711716e-118,-0.287347494975278,0.734,0.845,2.37436675275991e-113,"8","RANBP1"
"ARHGAP9.1",2.59820003215268e-117,-0.229463868926281,0.637,0.808,6.23490061715678e-113,"8","ARHGAP9"
"FDPS.6",4.11826592910137e-117,0.371265603290487,0.902,0.787,9.88260275006457e-113,"8","FDPS"
"MAP1LC3B",6.26279455108563e-116,0.209475228768108,0.967,0.922,1.50288280842402e-111,"8","MAP1LC3B"
"HTRA1.3",6.699373743708e-116,0.299319153783959,0.914,0.798,1.60764871727761e-111,"8","HTRA1"
"KCNK6.1",7.24597760430922e-116,-0.294545024426577,0.689,0.853,1.73881724570608e-111,"8","KCNK6"
"MYH9",5.7563433479459e-115,-0.277437123923206,0.752,0.881,1.38134971320658e-110,"8","MYH9"
"LY96.5",1.51058190550841e-114,0.279674946657625,0.905,0.739,3.62494339864853e-110,"8","LY96"
"NAMPT.1",6.63630293582236e-114,0.236825195938076,0.76,0.588,1.59251361550929e-109,"8","NAMPT"
"MEF2A",6.96187450034795e-114,-0.286883703128367,0.853,0.941,1.6706410238485e-109,"8","MEF2A"
"FGD2",4.82508611316389e-113,-0.213212391591478,0.409,0.64,1.15787591457594e-108,"8","FGD2"
"MBNL1",2.27927189522234e-111,-0.273633259293762,0.848,0.931,5.46956876696504e-107,"8","MBNL1"
"CLTB",1.79737768301561e-110,-0.209388172268281,0.801,0.892,4.31316722593256e-106,"8","CLTB"
"LSM7.2",3.61018972272642e-110,-0.214375411223411,0.85,0.918,8.6633722776266e-106,"8","LSM7"
"UQCRQ.1",8.81021894115237e-110,-0.200158731639654,0.99,0.994,2.11418823930833e-105,"8","UQCRQ"
"TGFB1.1",1.37205164275111e-109,-0.232893989755635,0.898,0.943,3.29251232710984e-105,"8","TGFB1"
"NME1.4",2.81223833168684e-109,-0.243741526957897,0.713,0.825,6.74852832454891e-105,"8","NME1"
"DAPP1.1",3.19034567891384e-109,-0.219054765704645,0.433,0.65,7.65587252568954e-105,"8","DAPP1"
"GDI2.1",7.05740865880734e-109,-0.234684655093915,0.954,0.974,1.693566355854e-104,"8","GDI2"
"HACD4",3.93766771498186e-108,-0.201939023954758,0.403,0.621,9.44922121564196e-104,"8","HACD4"
"HMGCR",8.98216837472893e-107,0.217483413013436,0.683,0.481,2.1554509448837e-102,"8","HMGCR"
"SIGLEC10",1.18659647558669e-106,-0.226637473246375,0.546,0.735,2.84747556246539e-102,"8","SIGLEC10"
"MTDH.1",1.57136227801531e-106,-0.247372111294523,0.979,0.988,3.77079805855333e-102,"8","MTDH"
"TMEM97.2",1.89090426704844e-106,0.275660735334285,0.781,0.623,4.53760296963613e-102,"8","TMEM97"
"CCND3.1",6.80674552023181e-106,-0.225848646150527,0.416,0.622,1.63341472249003e-101,"8","CCND3"
"EFHD2",9.4042107821145e-106,-0.20861462627384,0.963,0.978,2.25672846138402e-101,"8","EFHD2"
"MLEC",4.34182084677831e-105,-0.243917506303704,0.876,0.946,1.04190674860139e-100,"8","MLEC"
"STK17B.1",5.90042237568456e-105,-0.217529244904766,0.42,0.649,1.41592435749302e-100,"8","STK17B"
"TKT",6.42146274069585e-105,0.205676644071509,0.996,0.982,1.54095841388478e-100,"8","TKT"
"ABI3",1.37347052480499e-103,-0.250970871545291,0.879,0.948,3.29591721837455e-99,"8","ABI3"
"FNBP1",1.92181117249688e-103,-0.238600711244448,0.73,0.856,4.61177027064076e-99,"8","FNBP1"
"TNFAIP8L2",2.31301655873208e-103,-0.202998185155789,0.703,0.837,5.55054583598937e-99,"8","TNFAIP8L2"
"CKB.5",2.975769855978e-103,-0.338035024268185,0.531,0.655,7.1409549233904e-99,"8","CKB"
"HERPUD1.5",3.48170801509962e-103,-0.317249860467016,0.968,0.996,8.35505472383457e-99,"8","HERPUD1"
"TSPAN33.2",5.66036631363155e-103,-0.213110104621638,0.539,0.714,1.35831810428216e-98,"8","TSPAN33"
"GNA15.2",3.15526892779367e-102,-0.255193245760091,0.686,0.823,7.57169884602648e-98,"8","GNA15"
"RDH11.1",1.16497851599826e-101,0.206096993654621,0.873,0.724,2.79559894484101e-97,"8","RDH11"
"PREX1",1.54392595476637e-101,-0.251374989711217,0.792,0.901,3.70495911365286e-97,"8","PREX1"
"PRKDC.1",2.94185178624142e-100,-0.25795346488819,0.724,0.843,7.05956173144354e-96,"8","PRKDC"
"TUBB.6",4.783557206656e-99,-0.438898104397919,0.944,0.96,1.14791022288124e-94,"8","TUBB"
"HNRNPA1.1",1.1733555800294e-98,-0.206101327238206,0.983,0.991,2.81570138539656e-94,"8","HNRNPA1"
"NHP2.2",8.54884082134579e-98,-0.209472923421485,0.697,0.815,2.05146533189835e-93,"8","NHP2"
"EHD1.2",2.56308372488542e-97,-0.249489951607415,0.439,0.646,6.15063201460755e-93,"8","EHD1"
"DCTPP1.2",2.91022522502731e-97,-0.218863248532266,0.512,0.668,6.98366747249802e-93,"8","DCTPP1"
"CDK2AP2.2",5.50494988929511e-97,-0.235169479828566,0.726,0.857,1.32102282493415e-92,"8","CDK2AP2"
"TIMP1.2",7.46520339484684e-97,-0.277081331578385,0.945,0.97,1.7914248586614e-92,"8","TIMP1"
"NAA38",9.77216150471853e-97,-0.204558575749412,0.916,0.959,2.3450255962873e-92,"8","NAA38"
"TESC.1",5.49017223919649e-96,-0.241365456064824,0.811,0.897,1.31747663223998e-91,"8","TESC"
"RAB13.2",7.83105243617825e-96,0.201746876048514,0.674,0.48,1.87921765310969e-91,"8","RAB13"
"SRM.1",9.80621980615231e-96,-0.207552149216352,0.569,0.72,2.35319856688237e-91,"8","SRM"
"NUCKS1.1",1.79222010818883e-95,-0.275758550611712,0.948,0.973,4.30079059362072e-91,"8","NUCKS1"
"ERCC1.2",3.44004918252892e-95,-0.221610429872139,0.786,0.877,8.25508602331465e-91,"8","ERCC1"
"MYO1F",4.32753676896273e-94,-0.250944972473484,0.924,0.969,1.03847899844799e-89,"8","MYO1F"
"SLA",8.16313193637074e-94,-0.252775486221868,0.885,0.954,1.95890677077089e-89,"8","SLA"
"LTB.5",1.06437907263422e-93,-0.385516015120428,0.352,0.54,2.55419046060033e-89,"8","LTB"
"TGFBI.4",1.14999251209159e-92,0.330152248454043,0.973,0.971,2.75963703126619e-88,"8","TGFBI"
"ATP1B1.5",1.29440651347897e-92,0.285135630943744,0.858,0.667,3.1061873103955e-88,"8","ATP1B1"
"CD4",2.0301619866496e-92,-0.22750369625964,0.797,0.9,4.87177971936304e-88,"8","CD4"
"HMGN2.6",2.71864736366397e-92,-0.430640113478089,0.911,0.958,6.52393807858444e-88,"8","HMGN2"
"RPS6KA3",9.79435018865332e-92,-0.242830114308987,0.792,0.894,2.35035021477114e-87,"8","RPS6KA3"
"LRPAP1",4.25767739170932e-91,0.204837536342286,0.937,0.892,1.02171484368849e-86,"8","LRPAP1"
"DOCK8",5.81731055825661e-91,-0.228421037791145,0.862,0.937,1.39598001466484e-86,"8","DOCK8"
"TXNIP.3",1.25849092949165e-89,-0.29354586174976,0.858,0.926,3.02000068350112e-85,"8","TXNIP"
"GRK2",3.8220750747981e-89,-0.212881121692189,0.729,0.841,9.171833556993e-85,"8","GRK2"
"SPN",1.6370786068509e-88,-0.255277935002846,0.844,0.938,3.92849753286009e-84,"8","SPN"
"CNN2.1",2.72745137062299e-88,-0.201986607655328,0.394,0.589,6.54506505408399e-84,"8","CNN2"
"ADAMDEC1.5",6.31535506041881e-88,0.27897773777361,0.59,0.376,1.5154957538487e-83,"8","ADAMDEC1"
"PARP1.1",2.88388641282907e-87,-0.216408511188921,0.62,0.754,6.92046222486592e-83,"8","PARP1"
"TOP1.2",3.12401913516165e-87,-0.236996625511477,0.888,0.934,7.49670871864741e-83,"8","TOP1"
"H2AFV.1",1.16700630762315e-86,-0.247499808109916,0.942,0.968,2.80046503640327e-82,"8","H2AFV"
"C3.3",1.7948887327375e-86,-0.262673118426357,0.994,0.997,4.30719449195019e-82,"8","C3"
"GYPC.4",2.85099331314469e-86,0.259457080157142,0.391,0.179,6.8415286535533e-82,"8","GYPC"
"RBPJ.4",2.12301891610852e-85,-0.271529951968555,0.905,0.951,5.09460849298562e-81,"8","RBPJ"
"PPP1R14B.3",8.87723027609888e-85,-0.225281029170104,0.904,0.937,2.13026894935545e-80,"8","PPP1R14B"
"ALDH2.3",2.84132136250102e-84,-0.232406483064909,0.945,0.968,6.81831887359369e-80,"8","ALDH2"
"SH3BP1",2.90014475978299e-84,-0.205827195296327,0.649,0.786,6.95947738005125e-80,"8","SH3BP1"
"HMGB1.4",7.3625756145956e-84,-0.338422147650883,0.993,0.997,1.76679727023451e-79,"8","HMGB1"
"MSR1.3",2.89787639961289e-83,0.289809259265623,0.523,0.359,6.95403399615104e-79,"8","MSR1"
"CIITA.4",3.85637246261372e-83,-0.23068419667729,0.297,0.51,9.25413699853415e-79,"8","CIITA"
"HLA-DQB1.6",1.13399914639541e-82,-0.498608689093828,0.45,0.617,2.72125775160507e-78,"8","HLA-DQB1"
"FUCA1.5",2.17045657983444e-82,0.316303349160263,0.977,0.921,5.2084446546287e-78,"8","FUCA1"
"NCL.4",6.36579370071067e-82,-0.300647984132576,0.967,0.985,1.52759951435954e-77,"8","NCL"
"DUSP23",1.37470973851063e-80,-0.202326849851905,0.88,0.927,3.29889095950396e-76,"8","DUSP23"
"INPP5D",1.83563596895772e-78,-0.212939303406366,0.714,0.845,4.40497563470785e-74,"8","INPP5D"
"AKNA",3.63023787773162e-78,-0.215759412974417,0.669,0.814,8.71148183519257e-74,"8","AKNA"
"TAGLN2.1",5.68825760270811e-78,-0.20492988012587,0.661,0.777,1.36501117692187e-73,"8","TAGLN2"
"CD52.3",6.73297497262093e-78,0.347309603275134,0.5,0.343,1.61571200417985e-73,"8","CD52"
"CTTNBP2.2",6.75922906046312e-78,-0.224912637399024,0.571,0.739,1.62201219763934e-73,"8","CTTNBP2"
"ARL4C.4",7.47943052892726e-78,0.22388290624082,0.77,0.619,1.79483894402668e-73,"8","ARL4C"
"AGR2.3",1.45037411592335e-77,-0.238972717356421,0.359,0.498,3.48046276598125e-73,"8","AGR2"
"IL1B.2",1.8556916731999e-77,-0.254863475112179,0.648,0.796,4.45310330817781e-73,"8","IL1B"
"SNRPD1.2",2.73201977521449e-76,-0.201221701646847,0.853,0.896,6.55602785458222e-72,"8","SNRPD1"
"SSR1",2.86608184907055e-76,-0.225804670042752,0.928,0.969,6.87773661321459e-72,"8","SSR1"
"C1orf162",7.18022898275983e-76,-0.366648356889124,0.572,0.673,1.72303954899288e-71,"8","C1orf162"
"BIN2",5.53513043237133e-73,-0.219207741759817,0.877,0.932,1.32826524985615e-68,"8","BIN2"
"PPM1N.4",2.09007058203157e-72,-0.23285050766266,0.585,0.704,5.01554237570117e-68,"8","PPM1N"
"LTC4S",7.89733284373848e-72,-0.232412421626954,0.471,0.654,1.89512296251192e-67,"8","LTC4S"
"STK17A.3",5.04959307816985e-70,-0.207575242697617,0.71,0.801,1.21175085096842e-65,"8","STK17A"
"PCLAF.7",2.57669187236567e-69,-0.349624001236705,0.065,0.192,6.18328748611589e-65,"8","PCLAF"
"MIR503HG.2",4.83048199278017e-69,-0.243596209007228,0.451,0.614,1.15917076380746e-64,"8","MIR503HG"
"ANP32B.3",8.25328260315771e-67,-0.235144470505529,0.912,0.942,1.98054022627975e-62,"8","ANP32B"
"PILRA.5",5.82787206634597e-66,0.200881427180477,0.951,0.877,1.39851445976104e-61,"8","PILRA"
"SNRPB.2",1.13341597468422e-65,-0.20011854177431,0.93,0.939,2.71985831444972e-61,"8","SNRPB"
"PA2G4.2",3.52774803654229e-64,-0.215745687538985,0.839,0.891,8.46553696329053e-60,"8","PA2G4"
"CLEC10A.4",1.44523779163898e-63,-0.262289340390347,0.068,0.202,3.46813712859606e-59,"8","CLEC10A"
"RAN.3",1.28598116707912e-62,-0.203681042013614,0.979,0.983,3.08596900663977e-58,"8","RAN"
"IL17RA.2",2.04509108269917e-62,-0.21485095856847,0.82,0.892,4.9076050711532e-58,"8","IL17RA"
"SRSF3.2",6.89732453234087e-62,-0.20568723383837,0.861,0.907,1.65515096802584e-57,"8","SRSF3"
"IL6ST",1.0914356347946e-61,-0.200163540123765,0.661,0.803,2.6191180928166e-57,"8","IL6ST"
"DUT.4",3.11395749355269e-60,-0.269418256674189,0.693,0.771,7.47256379727838e-56,"8","DUT"
"S100A9.5",1.13788118353082e-59,-0.385271702897704,0.989,0.972,2.7305734761189e-55,"8","S100A9"
"TPM3.1",3.52492275846151e-59,-0.208156642004685,0.987,0.993,8.45875714348008e-55,"8","TPM3"
"DEK.3",1.66495334604892e-58,-0.269048656498987,0.853,0.894,3.99538854451359e-54,"8","DEK"
"PGA5.3",3.18770879389878e-58,-0.313011460163902,0.586,0.669,7.64954479271889e-54,"8","PGA5"
"OLFML3.1",1.11606733392887e-57,-0.206288266707157,0.878,0.942,2.67822678122911e-53,"8","OLFML3"
"TMPO.1",1.16317397231688e-57,-0.230341531519017,0.479,0.609,2.79126858136882e-53,"8","TMPO"
"HNRNPAB.2",1.6316096336645e-57,-0.229832675712038,0.832,0.873,3.91537363790469e-53,"8","HNRNPAB"
"S100A8.3",1.89093965121714e-57,-0.463903723171722,0.732,0.76,4.53768788102578e-53,"8","S100A8"
"HNRNPA2B1.2",5.06954911181441e-56,-0.202037712875041,0.997,0.998,1.2165397003621e-51,"8","HNRNPA2B1"
"PRPF38B",8.40669428802815e-55,-0.20574319860189,0.84,0.901,2.01735442829811e-50,"8","PRPF38B"
"CD207.6",1.08315527898425e-54,-0.377878520057274,0.069,0.173,2.5992477229785e-50,"8","CD207"
"RETN.4",1.53017631441611e-54,-0.341569565206525,0.635,0.63,3.67196410170433e-50,"8","RETN"
"CKS1B.3",1.86253006741657e-53,-0.216566975359985,0.349,0.459,4.46951340277955e-49,"8","CKS1B"
"HLA-DMA.4",6.12159437353049e-52,-0.252427758641817,0.822,0.886,1.46899900181611e-47,"8","HLA-DMA"
"GPRIN3.1",2.14703609218688e-51,-0.214163528676692,0.79,0.874,5.15224251042087e-47,"8","GPRIN3"
"NT5DC2.4",2.94302145938419e-51,-0.287543211620825,0.91,0.929,7.06236859608425e-47,"8","NT5DC2"
"HIST1H4C.7",3.97980405449533e-51,-0.458374100602173,0.611,0.698,9.55033578957244e-47,"8","HIST1H4C"
"FCGBP.4",1.68144702396332e-50,-0.479654345262933,0.727,0.794,4.03496842340478e-46,"8","FCGBP"
"TOP2A.7",2.53529421880544e-49,-0.421977258602061,0.134,0.258,6.08394553686741e-45,"8","TOP2A"
"PIGR.1",1.43234737333207e-48,-0.211419381532439,0.676,0.771,3.43720399178498e-44,"8","PIGR"
"TYMS.7",2.8380841603363e-47,-0.258334020129599,0.033,0.131,6.81055055955902e-43,"8","TYMS"
"GPR84.3",6.26355486107852e-47,-0.216502681262299,0.773,0.827,1.50306526001301e-42,"8","GPR84"
"HLA-DQA1.6",1.82948905653349e-46,-0.376104079180731,0.429,0.535,4.39022488896341e-42,"8","HLA-DQA1"
"NASP.1",6.24139343927465e-44,-0.204383041679046,0.68,0.749,1.49774718362274e-39,"8","NASP"
"MKI67.7",4.16053496425867e-42,-0.335427683269726,0.021,0.102,9.98403575373153e-38,"8","MKI67"
"SRGN.5",2.46044020016533e-37,0.251950794930289,0.997,0.996,5.90431834833675e-33,"8","SRGN"
"STMN1.5",9.60353441396839e-37,-0.374615766494476,0.929,0.936,2.30456015332e-32,"8","STMN1"
"ACY3.6",3.58156215718715e-36,-0.590041901767093,0.21,0.309,8.59467470860201e-32,"8","ACY3"
"TPX2.7",1.35341147986305e-34,-0.214786086845669,0.069,0.156,3.24778152822736e-30,"8","TPX2"
"CENPF.6",1.42197801034857e-29,-0.359193235053951,0.123,0.192,3.41232063143346e-25,"8","CENPF"
"MT2A",2.61132741796678e-29,0.220545095761587,0.172,0.096,6.26640240489489e-25,"8","MT2A"
"HMGB2.6",1.72644221311142e-25,-0.308190130179256,0.506,0.523,4.14294337880348e-21,"8","HMGB2"
"H2AFZ.5",8.2649269654846e-20,-0.249416802732106,0.995,0.993,1.98333452390734e-15,"8","H2AFZ"
"TUBA1B.4",3.21041701201526e-19,-0.217406959765154,0.993,0.996,7.70403770373303e-15,"8","TUBA1B"
"MT-ND5.4",3.81183607669575e-14,0.259363659851362,0.993,0.997,9.1472630332468e-10,"8","MT-ND5"
"CENPF.7",0,2.09139381467118,0.971,0.17,0,"9","CENPF"
"TOP2A.8",0,1.92310908772445,0.898,0.237,0,"9","TOP2A"
"MKI67.8",0,1.6588827505565,0.939,0.078,0,"9","MKI67"
"UBE2C.1",0,1.56399569564513,0.68,0.065,0,"9","UBE2C"
"TPX2.8",0,1.50386578903734,0.906,0.134,0,"9","TPX2"
"HMGB2.7",0,1.50278969209025,0.944,0.511,0,"9","HMGB2"
"KPNA2.3",0,1.49338163769592,0.959,0.761,0,"9","KPNA2"
"HMGN2.7",0,1.48476530740547,0.999,0.956,0,"9","HMGN2"
"STMN1.6",0,1.47197701457486,1,0.934,0,"9","STMN1"
"ASPM.1",0,1.45539871363443,0.808,0.055,0,"9","ASPM"
"PTTG1",0,1.41370682922753,0.961,0.245,0,"9","PTTG1"
"TUBA1B.5",0,1.35489977511789,1,0.996,0,"9","TUBA1B"
"CCNB1",0,1.35051455450058,0.845,0.143,0,"9","CCNB1"
"NUSAP1.6",0,1.30556575315179,0.887,0.214,0,"9","NUSAP1"
"HMMR",0,1.28329687119449,0.849,0.066,0,"9","HMMR"
"CDK1.6",0,1.22651007853585,0.631,0.104,0,"9","CDK1"
"TUBB.7",0,1.22433056181874,0.993,0.959,0,"9","TUBB"
"TUBB4B.1",0,1.21813659061633,0.86,0.622,0,"9","TUBB4B"
"PCLAF.8",0,1.17179085363068,0.972,0.167,0,"9","PCLAF"
"CKS1B.4",0,1.15070670076024,0.943,0.443,0,"9","CKS1B"
"CCNB2",0,1.12402272814336,0.894,0.092,0,"9","CCNB2"
"UBE2S",0,1.11715988418192,0.825,0.565,0,"9","UBE2S"
"CENPE",0,1.10556616428214,0.793,0.103,0,"9","CENPE"
"H2AFZ.6",0,1.08786546209777,1,0.992,0,"9","H2AFZ"
"TUBA1C.2",0,1.07328287574601,0.936,0.796,0,"9","TUBA1C"
"CDC20",0,1.06949392275314,0.811,0.054,0,"9","CDC20"
"HMGB1.5",0,1.02643661316829,1,0.997,0,"9","HMGB1"
"BIRC5",0,1.00179671325019,0.928,0.061,0,"9","BIRC5"
"CDKN3",0,0.97977497853543,0.831,0.066,0,"9","CDKN3"
"CKS2",0,0.95936618648408,0.867,0.473,0,"9","CKS2"
"DLGAP5",0,0.899973331438761,0.802,0.036,0,"9","DLGAP5"
"H2AFV.2",0,0.899043622252278,0.999,0.967,0,"9","H2AFV"
"ARL6IP1.3",0,0.894338412585974,0.978,0.889,0,"9","ARL6IP1"
"PLK1",0,0.89352284599045,0.72,0.049,0,"9","PLK1"
"NUCKS1.2",0,0.883744578848054,0.999,0.972,0,"9","NUCKS1"
"CEP55",0,0.855553402021297,0.836,0.054,0,"9","CEP55"
"GTSE1",0,0.853161943237827,0.759,0.046,0,"9","GTSE1"
"AURKA",0,0.845572689060868,0.725,0.273,0,"9","AURKA"
"CKAP2",0,0.83287009123205,0.839,0.422,0,"9","CKAP2"
"HMGB3",0,0.827168893905197,0.944,0.329,0,"9","HMGB3"
"SMC4.1",0,0.81837723866038,0.833,0.259,0,"9","SMC4"
"PHF19.2",0,0.808218889115674,0.959,0.423,0,"9","PHF19"
"TROAP",0,0.79810187634416,0.899,0.043,0,"9","TROAP"
"SMC2.1",0,0.788729941156451,0.943,0.453,0,"9","SMC2"
"ANP32E",0,0.780691574531374,0.966,0.564,0,"9","ANP32E"
"RAD21",0,0.769836589465517,0.95,0.69,0,"9","RAD21"
"SGO2",0,0.750484027486418,0.744,0.177,0,"9","SGO2"
"KIF20B.1",0,0.745640489133221,0.784,0.331,0,"9","KIF20B"
"DTYMK.1",0,0.725923649143956,0.933,0.452,0,"9","DTYMK"
"CCNA2",0,0.709887630497413,0.7,0.068,0,"9","CCNA2"
"JPT1",0,0.70399233611854,0.996,0.984,0,"9","JPT1"
"KNL1.1",0,0.703265295742549,0.75,0.095,0,"9","KNL1"
"NCAPD2",0,0.701416299554763,0.869,0.219,0,"9","NCAPD2"
"TMPO.2",0,0.699593310647753,0.904,0.597,0,"9","TMPO"
"SFPQ.1",0,0.682687290612889,0.992,0.918,0,"9","SFPQ"
"HP1BP3",0,0.677222258774388,0.977,0.819,0,"9","HP1BP3"
"KIF14",0,0.672020498861709,0.691,0.033,0,"9","KIF14"
"AURKB",0,0.671859029772101,0.706,0.06,0,"9","AURKB"
"SKA2.1",0,0.649694878580825,0.945,0.483,0,"9","SKA2"
"TYMS.8",0,0.649234893772235,0.842,0.11,0,"9","TYMS"
"KIF11",0,0.633619422695122,0.71,0.089,0,"9","KIF11"
"CENPA",0,0.630243561839186,0.689,0.055,0,"9","CENPA"
"PTMS.4",0,0.622809767840716,0.997,0.94,0,"9","PTMS"
"ANP32B.4",0,0.61690363244589,0.995,0.94,0,"9","ANP32B"
"CKAP5",0,0.616342164525027,0.834,0.405,0,"9","CKAP5"
"RAN.4",0,0.614538114398168,0.999,0.983,0,"9","RAN"
"MZT2B",0,0.614450177548213,0.999,0.969,0,"9","MZT2B"
"HNRNPA2B1.3",0,0.602547393324433,1,0.998,0,"9","HNRNPA2B1"
"LSM5.1",0,0.593753087134612,0.993,0.901,0,"9","LSM5"
"CDKN2C",0,0.592009647684949,0.694,0.135,0,"9","CDKN2C"
"DEK.4",0,0.584484281628427,0.992,0.89,0,"9","DEK"
"H2AFX.1",0,0.582698061691706,0.759,0.305,0,"9","H2AFX"
"CENPW.1",0,0.580696935892107,0.876,0.348,0,"9","CENPW"
"NEK2",0,0.576009247034216,0.659,0.023,0,"9","NEK2"
"KIF2C",0,0.570584796333654,0.689,0.037,0,"9","KIF2C"
"NUF2",0,0.570441665358704,0.66,0.05,0,"9","NUF2"
"LBR",0,0.570189938056999,0.966,0.801,0,"9","LBR"
"MAD2L1.1",0,0.567714452785929,0.789,0.17,0,"9","MAD2L1"
"GGH.1",0,0.567421871221939,0.871,0.186,0,"9","GGH"
"TACC3",0,0.556167527566735,0.784,0.341,0,"9","TACC3"
"DDX39A",0,0.554873704996667,0.93,0.611,0,"9","DDX39A"
"PRR11",0,0.552778281193676,0.779,0.2,0,"9","PRR11"
"LDHA.2",0,0.552365462325342,0.985,0.836,0,"9","LDHA"
"CALM3.2",0,0.549416420396476,0.996,0.925,0,"9","CALM3"
"PTMA.4",0,0.545373610554619,1,1,0,"9","PTMA"
"CDCA8",0,0.541592476191041,0.634,0.062,0,"9","CDCA8"
"NCAPG.1",0,0.534159689139478,0.607,0.058,0,"9","NCAPG"
"BUB3",0,0.509965589351642,0.819,0.628,0,"9","BUB3"
"CDCA3",0,0.504436608612562,0.614,0.043,0,"9","CDCA3"
"CENPM.1",0,0.501867052489783,0.753,0.11,0,"9","CENPM"
"KIF23",0,0.499095943578174,0.577,0.038,0,"9","KIF23"
"MZT2A.2",0,0.495357011407807,0.982,0.836,0,"9","MZT2A"
"HNRNPA1.2",0,0.494718990992901,0.999,0.99,0,"9","HNRNPA1"
"NUDT1",0,0.494263707272429,0.978,0.743,0,"9","NUDT1"
"DEPDC1",0,0.486516333033611,0.583,0.024,0,"9","DEPDC1"
"KIF4A",0,0.481519449126992,0.72,0.033,0,"9","KIF4A"
"CNTRL",0,0.478158233622956,0.832,0.501,0,"9","CNTRL"
"ANLN",0,0.473790952307515,0.583,0.047,0,"9","ANLN"
"BUB1B",0,0.473178598943785,0.638,0.067,0,"9","BUB1B"
"KNSTRN",0,0.470911599798289,0.688,0.295,0,"9","KNSTRN"
"CDC25B",0,0.467957662565146,0.699,0.119,0,"9","CDC25B"
"DCTN3",0,0.467351855942698,0.973,0.791,0,"9","DCTN3"
"CKAP2L",0,0.465867444034014,0.597,0.044,0,"9","CKAP2L"
"LGALS1.4",0,0.463689913960678,1,0.999,0,"9","LGALS1"
"LMNB1.2",0,0.463187288053192,0.795,0.29,0,"9","LMNB1"
"NDC80",0,0.4610695760156,0.578,0.043,0,"9","NDC80"
"CIT",0,0.458839979014831,0.704,0.049,0,"9","CIT"
"MT-ND6.2",0,0.458802191466829,0.973,0.85,0,"9","MT-ND6"
"RACGAP1",0,0.457077625554851,0.676,0.136,0,"9","RACGAP1"
"SHCBP1.1",0,0.454663169252723,0.698,0.141,0,"9","SHCBP1"
"ZWINT.1",0,0.453706492198252,0.746,0.157,0,"9","ZWINT"
"ARHGAP11A",0,0.453509479502084,0.6,0.063,0,"9","ARHGAP11A"
"CCT5.1",0,0.451702374769531,0.973,0.815,0,"9","CCT5"
"BUB1",0,0.446111894373346,0.642,0.067,0,"9","BUB1"
"PRC1",0,0.436467412637408,0.642,0.076,0,"9","PRC1"
"LSM4.2",0,0.423906616141428,0.995,0.932,0,"9","LSM4"
"CENPN",0,0.419672845314408,0.742,0.099,0,"9","CENPN"
"GPSM2",0,0.416435873609665,0.642,0.123,0,"9","GPSM2"
"UBALD2",0,0.416178241449125,0.818,0.628,0,"9","UBALD2"
"HDGF",0,0.411235027054547,0.962,0.786,0,"9","HDGF"
"HNRNPH3",0,0.40541701038118,0.948,0.733,0,"9","HNRNPH3"
"FOXM1",0,0.404999063557893,0.625,0.057,0,"9","FOXM1"
"MZT1",0,0.404409386869743,0.823,0.469,0,"9","MZT1"
"HMG20B",0,0.398842492422542,0.862,0.504,0,"9","HMG20B"
"CBX5.1",0,0.398339926277852,0.907,0.768,0,"9","CBX5"
"SPAG5",0,0.398314590381014,0.623,0.044,0,"9","SPAG5"
"HNRNPM.1",0,0.393020307861875,0.985,0.89,0,"9","HNRNPM"
"MIS18BP1",0,0.386228519894141,0.812,0.471,0,"9","MIS18BP1"
"MAZ",0,0.383843310418657,0.953,0.73,0,"9","MAZ"
"KIF20A",0,0.381811135790964,0.551,0.017,0,"9","KIF20A"
"NCAPH",0,0.3816633623262,0.613,0.069,0,"9","NCAPH"
"ILF2.1",0,0.380282767280685,0.946,0.772,0,"9","ILF2"
"CENPK.1",0,0.379848065943679,0.707,0.15,0,"9","CENPK"
"KIF22",0,0.379295572333776,0.697,0.254,0,"9","KIF22"
"TTK",0,0.377316822490393,0.552,0.051,0,"9","TTK"
"SNRPB.3",0,0.375255239973955,0.995,0.937,0,"9","SNRPB"
"B3GNT5",0,0.373277317450909,0.908,0.655,0,"9","B3GNT5"
"ENY2",0,0.3723211703906,0.997,0.979,0,"9","ENY2"
"SAPCD2",0,0.370644669799945,0.639,0.188,0,"9","SAPCD2"
"COX8A",0,0.368068535558614,1,0.999,0,"9","COX8A"
"CCDC18",0,0.368050504722872,0.694,0.29,0,"9","CCDC18"
"MRPL51",0,0.367125627749211,0.992,0.951,0,"9","MRPL51"
"PIF1",0,0.36433736308879,0.413,0.015,0,"9","PIF1"
"DBF4",0,0.362510172385138,0.74,0.413,0,"9","DBF4"
"CDCA2",0,0.359023302030556,0.512,0.038,0,"9","CDCA2"
"LMO7",0,0.358364572058732,0.773,0.407,0,"9","LMO7"
"TTF2.1",0,0.355623021615226,0.769,0.404,0,"9","TTF2"
"RPL39L.1",0,0.350749162592321,0.76,0.326,0,"9","RPL39L"
"DIAPH3",0,0.34472277418302,0.597,0.043,0,"9","DIAPH3"
"GLRX5",0,0.34173218510674,0.957,0.811,0,"9","GLRX5"
"H3F3B",0,0.340567876720329,1,0.999,0,"9","H3F3B"
"TK1.1",0,0.333759845786309,0.674,0.081,0,"9","TK1"
"KIFC1",0,0.328060077753898,0.53,0.041,0,"9","KIFC1"
"SPDL1",0,0.326337261419955,0.611,0.154,0,"9","SPDL1"
"RANGAP1",0,0.316849926085436,0.723,0.318,0,"9","RANGAP1"
"CIP2A",0,0.312337251361446,0.575,0.117,0,"9","CIP2A"
"HSD17B11",0,0.307703998001749,0.916,0.688,0,"9","HSD17B11"
"ECT2",0,0.306826892337714,0.581,0.138,0,"9","ECT2"
"CRNDE",0,0.306558528462715,0.615,0.123,0,"9","CRNDE"
"PARPBP",0,0.304744444262723,0.609,0.131,0,"9","PARPBP"
"INCENP",0,0.301327763420469,0.537,0.088,0,"9","INCENP"
"HJURP",0,0.288751002135932,0.441,0.033,0,"9","HJURP"
"BCL2L12",0,0.288255192549344,0.74,0.326,0,"9","BCL2L12"
"SGO1",0,0.284300225962906,0.55,0.084,0,"9","SGO1"
"TMEM71",0,0.283119475765428,0.56,0.074,0,"9","TMEM71"
"SCLT1",0,0.269996054082212,0.655,0.277,0,"9","SCLT1"
"EMC9",0,0.268840057089452,0.693,0.315,0,"9","EMC9"
"KIF15",0,0.265086044180499,0.491,0.04,0,"9","KIF15"
"KIF18A",0,0.249939038382261,0.455,0.041,0,"9","KIF18A"
"ODF2",0,0.249128613813832,0.6,0.152,0,"9","ODF2"
"DEPDC1B",0,0.248113354623068,0.479,0.025,0,"9","DEPDC1B"
"G2E3",0,0.231187005888019,0.57,0.248,0,"9","G2E3"
"RNF26",0,0.226275223181505,0.574,0.188,0,"9","RNF26"
"SPC24",0,0.214353009165564,0.451,0.037,0,"9","SPC24"
"FCER1G.1",0,-0.373313278933804,1,1,0,"9","FCER1G"
"CHCHD10.1",0,-0.441369031290069,0.976,0.992,0,"9","CHCHD10"
"MALAT1.4",0,-0.508807970498045,0.999,0.999,0,"9","MALAT1"
"UBE2F",4.94065645841247e-324,0.302796178590937,0.913,0.756,1.18560933032524e-319,"9","UBE2F"
"HMGN1.1",5.43472210425371e-323,0.370535429436356,0.999,0.993,1.30417026335776e-318,"9","HMGN1"
"FAM83D",1.71505526019192e-311,0.224050129763984,0.405,0.04,4.11561810788254e-307,"9","FAM83D"
"CCNF",3.64131192845065e-311,0.286981951592776,0.441,0.053,8.73805623470302e-307,"9","CCNF"
"ITGA6",5.88708995294995e-310,0.31682459344862,0.727,0.352,1.4127249760094e-305,"9","ITGA6"
"CDK2AP2.3",1.10939870003518e-305,0.347774855697584,0.976,0.85,2.66222406047443e-301,"9","CDK2AP2"
"MELK.1",1.6473405277415e-295,0.230612202320453,0.492,0.066,3.95312306442127e-291,"9","MELK"
"HNRNPUL1",2.10301010496861e-295,0.309460597137641,0.913,0.737,5.04659334889318e-291,"9","HNRNPUL1"
"PSMA4",1.66236975273771e-291,0.327159333274016,0.98,0.9,3.98918869564469e-287,"9","PSMA4"
"ENHO",1.31954773704902e-282,0.347531057448326,0.598,0.178,3.16651870459654e-278,"9","ENHO"
"SRSF3.3",1.15885123115463e-278,0.365544233156198,0.985,0.903,2.78089529940176e-274,"9","SRSF3"
"HERC5",4.22596947970233e-278,0.320060384822995,0.513,0.172,1.01410589604417e-273,"9","HERC5"
"TXNDC12",5.72210089214745e-278,0.296416262669789,0.918,0.723,1.37313255108862e-273,"9","TXNDC12"
"KHDRBS1",2.50323313701621e-276,0.33335543672422,0.976,0.896,6.0070085588978e-272,"9","KHDRBS1"
"FDPS.7",1.06742193845616e-270,0.539553611435135,0.95,0.786,2.56149242571325e-266,"9","FDPS"
"TYROBP.1",1.78900368121911e-269,-0.337145556118577,1,1,4.29307213382149e-265,"9","TYROBP"
"BANF1.1",5.6360117318092e-267,0.327379677654376,0.987,0.921,1.35247373528225e-262,"9","BANF1"
"BRI3BP.1",1.92811422132197e-266,0.334121535672809,0.947,0.818,4.62689569690634e-262,"9","BRI3BP"
"CALM2.2",5.07557747024235e-266,0.420439509428813,1,0.996,1.21798632553406e-261,"9","CALM2"
"UBB",1.83151302409734e-265,0.32973267045501,1,0.998,4.39508180392639e-261,"9","UBB"
"ATP6V1F.5",9.54101308041506e-264,-0.421248765739549,0.999,0.999,2.2895569089072e-259,"9","ATP6V1F"
"H3F3A.2",4.09668752019323e-259,0.253265066225953,1,1,9.83082104220769e-255,"9","H3F3A"
"GNAI2.1",5.29075333561312e-255,0.284249583875228,1,1,1.26962207794708e-250,"9","GNAI2"
"RCCD1",1.7320160193948e-254,0.208262767716529,0.531,0.166,4.15631884174169e-250,"9","RCCD1"
"IDH2.1",2.90661875714557e-253,0.369631664278549,0.976,0.913,6.97501303152222e-249,"9","IDH2"
"ATP1B1.6",2.77554095194741e-247,-0.507305710076989,0.388,0.68,6.66046562238821e-243,"9","ATP1B1"
"C4orf48.1",3.31863287678571e-244,-0.386573871061933,0.906,0.972,7.96372331442268e-240,"9","C4orf48"
"BRCA2.1",1.46655343220132e-243,0.319572708047581,0.615,0.194,3.51928827125351e-239,"9","BRCA2"
"DCK.1",1.84358318007061e-243,0.286372580940636,0.846,0.649,4.42404655721545e-239,"9","DCK"
"SMC1A.1",9.84174002454352e-243,0.353649645182592,0.896,0.77,2.36172235368971e-238,"9","SMC1A"
"HADHA",2.51015570456181e-241,0.320084104252414,0.985,0.943,6.02362064423696e-237,"9","HADHA"
"ARPC3.1",1.96914937373653e-239,0.210949692587409,1,1,4.72536775215554e-235,"9","ARPC3"
"FDFT1.5",2.03287640211387e-239,0.420868524396794,0.874,0.667,4.87829350215266e-235,"9","FDFT1"
"HNRNPC",1.48435092527841e-238,0.314639647647045,0.994,0.986,3.56199691539061e-234,"9","HNRNPC"
"YWHAZ",2.20186920643254e-238,0.313270666312669,0.989,0.941,5.28382553467618e-234,"9","YWHAZ"
"RPS27L.1",3.51923961248943e-238,0.358728636712638,1,0.988,8.44511929809089e-234,"9","RPS27L"
"VIM.3",2.06370756453831e-237,0.406149645381878,1,0.998,4.95227904262259e-233,"9","VIM"
"HNRNPH1",4.05539486519596e-237,0.313029609656249,0.968,0.88,9.73173105801075e-233,"9","HNRNPH1"
"SUN2",7.63966077863263e-236,0.208890642469015,0.644,0.37,1.83328939704847e-231,"9","SUN2"
"RPA3.1",5.61412724071134e-235,0.327295573550675,0.898,0.603,1.3472221139535e-230,"9","RPA3"
"ANAPC15",4.78971892852223e-231,0.264828437567399,0.923,0.718,1.14938885127748e-226,"9","ANAPC15"
"LIPA.6",1.33915460396692e-230,-0.669513357428301,0.925,0.956,3.21356930313941e-226,"9","LIPA"
"ALDH7A1",1.97980817270055e-230,0.241640830922193,0.681,0.296,4.75094567202951e-226,"9","ALDH7A1"
"FANCI.1",2.14378125237676e-230,0.214459877857728,0.517,0.103,5.14443187132852e-226,"9","FANCI"
"ATP6V0E1.3",6.88708362382972e-226,-0.335673254616782,0.997,0.999,1.65269345721042e-221,"9","ATP6V0E1"
"GM2A.6",1.27430261930838e-224,-0.551490653047774,0.858,0.947,3.05794399555431e-220,"9","GM2A"
"S100A8.4",7.62850179057156e-224,0.722791252940069,0.949,0.754,1.83061157468346e-219,"9","S100A8"
"NCAPG2",3.32956136203952e-223,0.210137930902632,0.477,0.087,7.98994840048625e-219,"9","NCAPG2"
"SEPT7",3.48956532834165e-223,0.27962353562874,0.997,0.977,8.37390991842146e-219,"9","SEPT7"
"PPIA.1",6.13042616791117e-221,0.290326974641366,1,0.999,1.47111836751364e-216,"9","PPIA"
"LSM3.1",8.19113020049723e-221,0.285720932891501,0.98,0.908,1.96562551421332e-216,"9","LSM3"
"CFL1.2",4.08179107074774e-220,0.226080115826168,1,1,9.79507403247336e-216,"9","CFL1"
"PPP1CA",1.40686366276389e-215,0.286956643606579,0.996,0.976,3.37605073153451e-211,"9","PPP1CA"
"RAB32",3.89847402534284e-211,-0.336347107235439,0.985,0.994,9.3551681186152e-207,"9","RAB32"
"ANAPC11",1.28469112141072e-210,0.288854374678645,0.992,0.963,3.08287328404931e-206,"9","ANAPC11"
"ARPC2.2",4.76896367484128e-210,0.249963746366587,1,1,1.14440821305166e-205,"9","ARPC2"
"MTPN",9.95855781673283e-209,0.275853052464394,0.983,0.925,2.38975511928138e-204,"9","MTPN"
"TMEM160.1",2.86716950924124e-208,0.275594097319005,0.967,0.885,6.88034667132621e-204,"9","TMEM160"
"RAC1.1",3.16515339213373e-208,0.261656659036386,1,1,7.59541859510331e-204,"9","RAC1"
"HSP90B1.1",1.96554983398564e-206,0.362574640633984,0.999,0.982,4.71672993661535e-202,"9","HSP90B1"
"RNF5",6.73410163977809e-206,0.218062052457485,0.815,0.594,1.61598237049755e-201,"9","RNF5"
"SNRPG.2",1.07235138047991e-205,0.287959408126558,0.995,0.969,2.57332160773763e-201,"9","SNRPG"
"NEAT1.7",1.2446691651937e-204,-0.700605017698181,0.968,0.992,2.98683259571533e-200,"9","NEAT1"
"HNRNPR.1",2.52564442169896e-203,0.294904679791178,0.96,0.829,6.060788918751e-199,"9","HNRNPR"
"BST2.3",4.02142332086478e-203,-0.354605594220429,0.914,0.966,9.65020954307921e-199,"9","BST2"
"PTGES3.1",2.28261853619749e-202,0.295303051994133,0.99,0.953,5.47759970131313e-198,"9","PTGES3"
"XRCC6",3.02231771799505e-202,0.290248480031684,0.981,0.9,7.25265582787272e-198,"9","XRCC6"
"CCAR1",4.07398187250917e-202,0.267596583474061,0.882,0.712,9.77633429946025e-198,"9","CCAR1"
"ERH.1",5.53349720599725e-202,0.269450874139049,0.995,0.948,1.32787332452316e-197,"9","ERH"
"SRP9.1",6.86468953320406e-202,0.264485505507551,0.976,0.901,1.64731954728298e-197,"9","SRP9"
"GNG5",1.33681824812423e-201,0.241178630390434,1,0.998,3.20796275002371e-197,"9","GNG5"
"KMT5A",3.80458108580324e-200,0.222714771159993,0.672,0.37,9.12985323160204e-196,"9","KMT5A"
"TIMM10",6.89977082637918e-200,0.272959086103466,0.945,0.842,1.65573800520621e-195,"9","TIMM10"
"SLCO2B1.5",2.79596975624924e-199,-0.411639318273348,0.699,0.842,6.7094886240713e-195,"9","SLCO2B1"
"CDKN2A",7.0518632946441e-196,0.2723476403679,0.771,0.441,1.69223563481574e-191,"9","CDKN2A"
"RBMX",1.47498416717154e-195,0.27439242606989,0.956,0.875,3.53951950596154e-191,"9","RBMX"
"DDX21.2",4.3728145077566e-195,0.334427581994712,0.898,0.756,1.04934429742635e-190,"9","DDX21"
"YWHAE",1.69662146124179e-194,0.28231751493425,0.999,0.975,4.07138252054192e-190,"9","YWHAE"
"EEF1A1",4.58914514272657e-193,-0.203629450369474,1,1,1.1012571599001e-188,"9","EEF1A1"
"CDK5RAP2",6.18633378326095e-193,0.212335409692831,0.614,0.287,1.48453451796913e-188,"9","CDK5RAP2"
"DNPH1.2",1.70095732466391e-192,-0.310138776294177,0.75,0.878,4.08178729199599e-188,"9","DNPH1"
"CST3.3",2.50741932216438e-192,-0.370455031177889,1,1,6.01705414739787e-188,"9","CST3"
"RAC2.1",3.89717106067951e-191,0.268322655525418,0.939,0.832,9.35204139431262e-187,"9","RAC2"
"PSMB6",9.84729647854369e-191,0.252369545596267,0.987,0.953,2.36305573595613e-186,"9","PSMB6"
"CBX3.3",2.96353486849023e-190,0.289241314578971,0.98,0.941,7.11159462391601e-186,"9","CBX3"
"RBM8A",1.20826849237427e-189,0.248433228506093,0.971,0.918,2.89948190115053e-185,"9","RBM8A"
"SNRPA",1.39221278983678e-188,0.224794564794549,0.762,0.467,3.34089303177131e-184,"9","SNRPA"
"PSMC3.1",2.96755881019329e-188,0.258729231665508,0.892,0.702,7.12125087682084e-184,"9","PSMC3"
"PFDN5",9.65276309915513e-188,-0.225411440067675,1,1,2.31637356090426e-183,"9","PFDN5"
"MS4A4A",5.19444228021152e-186,0.283878043580052,0.839,0.578,1.24651031398236e-181,"9","MS4A4A"
"CEP350",2.35211783784847e-185,0.2855855496033,0.89,0.841,5.64437717548498e-181,"9","CEP350"
"TOP1.3",3.87417498867074e-185,0.267473236090098,0.981,0.931,9.29685772031318e-181,"9","TOP1"
"PLIN3",5.91074852919348e-185,0.238627048346709,0.841,0.632,1.41840232455056e-180,"9","PLIN3"
"ZDHHC12",8.84150381255132e-185,0.253879551565808,0.852,0.674,2.12169566989794e-180,"9","ZDHHC12"
"LRP1.2",1.78386295177429e-184,-0.295982519478636,0.498,0.726,4.28073592537275e-180,"9","LRP1"
"ANXA1.3",3.635926333362e-184,0.37230911322092,0.969,0.854,8.72513242216878e-180,"9","ANXA1"
"NPTN",1.042808235802e-183,0.241921474738724,0.908,0.74,2.50242692345405e-179,"9","NPTN"
"COX20",5.13361492023512e-183,0.268395849551842,0.943,0.78,1.23191357240882e-178,"9","COX20"
"ASXL1",5.67678001283328e-183,0.218812150324568,0.787,0.522,1.3622568996796e-178,"9","ASXL1"
"C1QA.7",5.85484482463411e-180,-0.392769316221213,1,0.999,1.40498711256745e-175,"9","C1QA"
"FUOM",9.12867906426637e-180,-0.324305461136059,0.753,0.896,2.190609115052e-175,"9","FUOM"
"PILRA.6",2.04268784158013e-179,-0.450305591622785,0.72,0.884,4.90183801343983e-175,"9","PILRA"
"DCAF7",6.76703275458901e-179,0.241131527118536,0.85,0.746,1.62388485011873e-174,"9","DCAF7"
"LRRFIP1",8.55194426557629e-179,0.28662857550153,0.987,0.966,2.05221006541034e-174,"9","LRRFIP1"
"TRIOBP",4.20702970847035e-178,0.220744459426512,0.731,0.458,1.00956091914163e-173,"9","TRIOBP"
"PLXDC2.2",5.54386552288885e-178,-0.31046869627736,0.973,0.991,1.33036140952764e-173,"9","PLXDC2"
"HNRNPK",3.81462497753123e-176,0.253154301527117,0.999,0.99,9.1539555585817e-172,"9","HNRNPK"
"EXOSC8.1",9.98196763750137e-176,0.212911743979936,0.723,0.391,2.3953727739712e-171,"9","EXOSC8"
"HNRNPD.1",8.56571415443992e-173,0.277112579833299,0.986,0.933,2.05551442564095e-168,"9","HNRNPD"
"HMGN5",3.53888412171415e-172,0.23226452298234,0.707,0.391,8.49226022687744e-168,"9","HMGN5"
"SLAMF8.4",9.49344435996948e-171,-0.256869384847607,0.237,0.485,2.27814184306188e-166,"9","SLAMF8"
"ACTG1.4",3.70440561885195e-170,0.31886917643591,1,1,8.88946216355902e-166,"9","ACTG1"
"FUBP1",5.10807146012706e-170,0.210294385644387,0.76,0.486,1.22578390828669e-165,"9","FUBP1"
"DCXR.1",6.09429139044202e-169,0.255893705842019,0.951,0.825,1.46244710496437e-164,"9","DCXR"
"ITM2B.2",4.65187091101394e-168,-0.280063944365647,1,1,1.11630946251601e-163,"9","ITM2B"
"EIF4G2",8.48004003269789e-166,0.269452533997439,0.993,0.979,2.03495520664651e-161,"9","EIF4G2"
"DAZAP1",3.31111214142742e-165,0.213883849867372,0.82,0.573,7.94567580578337e-161,"9","DAZAP1"
"HMGCR.1",5.1138044520411e-165,0.273395401334753,0.741,0.481,1.2271596543563e-160,"9","HMGCR"
"BEX4",5.32787630389425e-165,-0.328629127835898,0.44,0.696,1.2785304766455e-160,"9","BEX4"
"SNCA.1",1.21979979073306e-164,0.261279210648353,0.992,0.962,2.92715355782213e-160,"9","SNCA"
"ENSA",1.49925804876478e-164,0.237475614790927,0.963,0.887,3.59776953962085e-160,"9","ENSA"
"TRMT112",2.88740234295108e-163,0.227721822306156,0.964,0.905,6.9288994023797e-159,"9","TRMT112"
"MCRIP2",3.27385863900149e-163,-0.219382751362611,0.342,0.578,7.85627857601188e-159,"9","MCRIP2"
"TEX264",2.81334623464774e-161,-0.289187852558185,0.702,0.856,6.75118695928417e-157,"9","TEX264"
"YWHAQ.1",1.35752030728225e-160,0.233884529806888,0.932,0.799,3.25764148138521e-156,"9","YWHAQ"
"PRR13",2.5773246356523e-159,0.233241760772056,0.99,0.972,6.18480592817483e-155,"9","PRR13"
"FTL.7",4.34009944206527e-159,-0.307138144645521,1,1,1.0414936631124e-154,"9","FTL"
"A2M.5",1.29460924581297e-158,-0.419874511661654,0.983,0.992,3.10667380717739e-154,"9","A2M"
"HSD17B14.5",1.66565164152217e-158,-0.303095485963654,0.355,0.62,3.99706424416076e-154,"9","HSD17B14"
"HLA-DMB.1",7.95607197031893e-158,-0.340151840169799,0.976,0.994,1.90921859071743e-153,"9","HLA-DMB"
"PCNT",1.40919018163624e-157,0.201354535495719,0.626,0.342,3.38163367887249e-153,"9","PCNT"
"DCP2",1.92390734240442e-157,0.230468600896648,0.923,0.8,4.61680044956788e-153,"9","DCP2"
"GNB2",7.86238081294913e-157,0.244027825565324,0.96,0.882,1.8867355236834e-152,"9","GNB2"
"YBX1",2.24265146642915e-156,0.2477498777374,1,1,5.38169072399003e-152,"9","YBX1"
"MRPS18C",3.95302179696777e-156,0.227796798888281,0.92,0.774,9.48606640618356e-152,"9","MRPS18C"
"ACAT2.6",3.03148465335697e-155,0.437956156096013,0.827,0.587,7.27465372266072e-151,"9","ACAT2"
"TMEM106C.1",1.00194336934046e-153,0.243273203301206,0.599,0.206,2.4043635034063e-149,"9","TMEM106C"
"TPR",9.6795958221271e-153,0.265212742486803,0.941,0.834,2.32281260943584e-148,"9","TPR"
"SNRPN",7.81409893283515e-151,-0.232835915571292,0.426,0.664,1.87514932091245e-146,"9","SNRPN"
"COX14",1.21703234559486e-150,-0.241021998413787,0.969,0.981,2.92051251972398e-146,"9","COX14"
"DDX6",3.59312535897695e-150,0.210175996878467,0.874,0.731,8.62242292393699e-146,"9","DDX6"
"IK",9.69476444772105e-150,0.214823072544119,0.904,0.735,2.32645262451962e-145,"9","IK"
"TMEM97.3",1.2183247349771e-149,0.299591755292259,0.843,0.622,2.92361386652454e-145,"9","TMEM97"
"CDC42",2.0266035796436e-149,0.220459384780094,1,0.997,4.86324061007075e-145,"9","CDC42"
"EMP3.2",1.06473678557901e-147,0.250558255900358,0.99,0.952,2.55504886435395e-143,"9","EMP3"
"SNRPA1.1",1.80993705740653e-147,0.231732241740907,0.781,0.506,4.34330595665845e-143,"9","SNRPA1"
"FSCN1.3",7.71387588733497e-146,-0.255483374058364,0.356,0.551,1.85109879668377e-141,"9","FSCN1"
"TPM3.2",1.47145822918276e-145,0.271169405461551,1,0.993,3.53105831256986e-141,"9","TPM3"
"FCGRT.5",1.6049597260515e-145,-0.255998782835984,1,1,3.85142185460579e-141,"9","FCGRT"
"CLIC1.2",2.60963291713336e-145,0.203286783838751,0.999,0.998,6.26233611124492e-141,"9","CLIC1"
"FCMR",2.89739189870754e-145,-0.222903421210064,0.257,0.505,6.95287133932848e-141,"9","FCMR"
"SNRPF.1",7.60372151938291e-145,0.23365420315688,0.964,0.857,1.82466505300632e-140,"9","SNRPF"
"LSP1.4",2.25204235329766e-144,0.226743388688735,0.999,0.968,5.4042260352084e-140,"9","LSP1"
"SNRPE.2",1.48057887950964e-143,0.240156794368248,0.964,0.887,3.55294513715928e-139,"9","SNRPE"
"BZW1",2.50211384210193e-142,0.236651571981997,0.975,0.905,6.00432258689199e-138,"9","BZW1"
"VSIG4.6",6.09663531347709e-142,-0.53217605451419,0.331,0.466,1.4630095761751e-137,"9","VSIG4"
"PTTG1IP",1.22253984515808e-141,0.210065865407595,0.877,0.705,2.93372886642585e-137,"9","PTTG1IP"
"EID1",4.69991500367492e-141,-0.249147307722414,0.953,0.983,1.12783860343187e-136,"9","EID1"
"FUCA1.6",1.30163772434093e-140,-0.696017092143613,0.887,0.923,3.12354004710093e-136,"9","FUCA1"
"CSTB.3",2.9115746229802e-140,-0.319387188239164,0.999,0.999,6.98690562276559e-136,"9","CSTB"
"PSME2.4",8.22884776974661e-138,0.274774912942394,0.976,0.875,1.97467659930609e-133,"9","PSME2"
"TUBA1A.2",1.06661429810143e-137,0.386312011472915,0.96,0.905,2.55955433115401e-133,"9","TUBA1A"
"ACTR3",3.42391453333157e-137,0.233080539951125,1,0.997,8.21636770563577e-133,"9","ACTR3"
"TPST2.2",4.72420952131552e-137,-0.278438055673112,0.768,0.865,1.13366855883009e-132,"9","TPST2"
"HNRNPA3.1",6.44715507866876e-137,0.248307204365276,0.999,0.98,1.54712380422814e-132,"9","HNRNPA3"
"RBBP7.1",8.53614406648447e-137,0.228494092789566,0.884,0.683,2.04841849163428e-132,"9","RBBP7"
"ENG.3",2.0911651693646e-136,-0.293085429309349,0.976,0.987,5.01816905692423e-132,"9","ENG"
"GAPDH.2",2.5493597945512e-136,0.210120744981461,1,1,6.11769869898452e-132,"9","GAPDH"
"CNIH4",4.13413504415607e-136,0.201789005355787,0.827,0.711,9.92068386546132e-132,"9","CNIH4"
"SET.2",9.98621304502021e-136,0.266469873009357,0.996,0.981,2.3963915444135e-131,"9","SET"
"DNAJC8",1.33206681992217e-135,0.218527128940818,0.983,0.937,3.19656074776724e-131,"9","DNAJC8"
"PSAP.5",2.70170331154735e-135,-0.305543847629812,1,1,6.48327743672018e-131,"9","PSAP"
"FADS1.5",2.33351601813235e-134,0.38237462328304,0.87,0.64,5.59973838871219e-130,"9","FADS1"
"PSMB3",1.80584839836098e-132,0.204499512121233,0.997,0.98,4.33349440154684e-128,"9","PSMB3"
"KIF5B",2.22568289884398e-132,0.236592827964333,0.931,0.897,5.3409712523559e-128,"9","KIF5B"
"LYZ.4",3.32019642114657e-131,0.396682166840598,0.963,0.856,7.96747535182543e-127,"9","LYZ"
"EBP.3",6.57447156622096e-131,0.309830463223362,0.874,0.704,1.57767594174604e-126,"9","EBP"
"RPL34.1",1.30365539275774e-130,-0.219648855367767,1,1,3.12838184600074e-126,"9","RPL34"
"ADA2.2",7.31432712506653e-130,-0.299149396109875,0.574,0.742,1.75521908020221e-125,"9","ADA2"
"CCDC85B.2",8.98879332662229e-130,-0.289336338751238,0.841,0.913,2.15704073458955e-125,"9","CCDC85B"
"IQGAP1",1.69163966836921e-129,0.239087331726758,0.98,0.928,4.05942771218559e-125,"9","IQGAP1"
"TMED9",4.20658011699319e-129,0.219213956605654,0.933,0.834,1.00945303067486e-124,"9","TMED9"
"ALYREF.1",2.0034441233646e-126,0.215832742326849,0.829,0.589,4.80766486283802e-122,"9","ALYREF"
"CYFIP1.3",3.14542730597296e-126,-0.239317119206837,0.952,0.97,7.54808190614332e-122,"9","CYFIP1"
"RUNX3.3",4.37185489129097e-126,0.264429284677274,0.985,0.962,1.04911401826309e-121,"9","RUNX3"
"GATM.4",7.45912044830098e-126,-0.235847039215866,0.574,0.715,1.78996513397879e-121,"9","GATM"
"FAM162A",1.62120410940948e-125,-0.250549333908081,0.737,0.858,3.89040350134993e-121,"9","FAM162A"
"LAMP1.4",5.76192638699392e-125,-0.295021809113583,0.685,0.8,1.38268947508693e-120,"9","LAMP1"
"LRMDA",4.42286128754236e-124,-0.224514713470903,0.554,0.725,1.06135402317154e-119,"9","LRMDA"
"C20orf27.1",8.08864089237248e-124,-0.231450804387745,0.708,0.806,1.94103115494262e-119,"9","C20orf27"
"ANP32A",1.19367847116716e-123,0.220506076072043,0.975,0.918,2.86447022725982e-119,"9","ANP32A"
"PYGL.4",1.69926329356578e-123,-0.243364689013818,0.37,0.525,4.07772212556981e-119,"9","PYGL"
"GAPLINC.5",3.92591943282678e-123,-0.286110498497051,0.23,0.429,9.42102886295443e-119,"9","GAPLINC"
"SQSTM1.6",5.00669574987848e-123,-0.385152725565319,0.76,0.865,1.20145677909834e-118,"9","SQSTM1"
"TCEAL8",1.58764008742747e-122,-0.261381903364698,0.537,0.731,3.8098599177997e-118,"9","TCEAL8"
"POLE3.1",3.43058727671212e-122,0.200595069006504,0.814,0.57,8.23238028792608e-118,"9","POLE3"
"SNRPD2",3.06339219938094e-121,0.202097602778011,0.969,0.899,7.35122226085445e-117,"9","SNRPD2"
"SON",8.7701078764856e-121,0.213663857839388,0.995,0.981,2.10456278712025e-116,"9","SON"
"GNB1",4.27441861658559e-120,0.206195438469571,0.983,0.949,1.02573223542204e-115,"9","GNB1"
"CD163.6",6.16037775429264e-120,-0.3218359093048,0.436,0.566,1.4783058496976e-115,"9","CD163"
"LINC01235.1",3.90059434282145e-119,0.278227473197166,0.971,0.873,9.36025624446863e-115,"9","LINC01235"
"TPM4.1",1.0945409810462e-118,0.23734512155999,0.948,0.862,2.62656999221657e-114,"9","TPM4"
"BARD1.1",1.46355040361097e-118,0.207641631978614,0.604,0.265,3.51208190354525e-114,"9","BARD1"
"RCBTB2.2",6.11137438852169e-118,0.30816146814055,0.834,0.687,1.46654651201355e-113,"9","RCBTB2"
"PSMD2",7.96133135350441e-117,0.212585600972472,0.936,0.813,1.91048068490045e-112,"9","PSMD2"
"SRSF7.2",9.23675812097951e-116,0.249823818455484,0.96,0.881,2.21654484629145e-111,"9","SRSF7"
"DNMT1.2",1.92312992103063e-115,0.250149206409513,0.941,0.81,4.6149348714972e-111,"9","DNMT1"
"ATP5IF1.1",2.89862717459565e-115,0.221000201238582,0.997,0.985,6.95583563087718e-111,"9","ATP5IF1"
"TRAPPC6A",6.85272270175978e-115,-0.21627291478037,0.564,0.729,1.64444786674129e-110,"9","TRAPPC6A"
"VDAC3",7.69754767083459e-115,0.208934103464675,0.909,0.796,1.84718051457018e-110,"9","VDAC3"
"APRT.3",8.85948194591739e-115,-0.239887906868307,0.979,0.99,2.1260098825618e-110,"9","APRT"
"NBDY",1.49414172779852e-114,-0.229271757514804,0.908,0.947,3.5854919041981e-110,"9","NBDY"
"NASP.2",1.501096973625e-114,0.245941353196211,0.936,0.742,3.60218240760791e-110,"9","NASP"
"SNRPD1.3",2.87258579233346e-114,0.231112273446699,0.967,0.893,6.8933441258626e-110,"9","SNRPD1"
"ACTR2.1",3.66116769616821e-114,0.209225248308096,1,0.999,8.78570412049486e-110,"9","ACTR2"
"HM13.2",8.37774915017201e-114,-0.293368481315311,0.953,0.975,2.01040846356678e-109,"9","HM13"
"CCND1.3",1.26237033185647e-113,-0.300699910863183,0.779,0.857,3.02931008535598e-109,"9","CCND1"
"VSIR.1",1.38548559755235e-113,0.240289509509412,0.95,0.843,3.32474978844637e-109,"9","VSIR"
"CCNI",2.07124528106273e-113,0.201793316664061,0.999,0.998,4.97036730096623e-109,"9","CCNI"
"CCDC88A",3.71014240551391e-113,0.226874451650724,0.988,0.987,8.90322873051172e-109,"9","CCDC88A"
"ATP6V1G1.3",8.07969709776833e-113,-0.214551083498017,0.995,0.998,1.93888491255147e-108,"9","ATP6V1G1"
"APBB1IP.3",6.31985334780279e-112,0.239572090657528,0.979,0.928,1.51657520787224e-107,"9","APBB1IP"
"MXD4.1",1.50050419381554e-111,-0.247335995486922,0.725,0.861,3.60075991389914e-107,"9","MXD4"
"BHLHE41.4",4.19757381465998e-111,0.228679171490839,0.832,0.592,1.00729178830395e-106,"9","BHLHE41"
"XPO1.1",6.14417500474695e-111,0.212088321562844,0.878,0.749,1.47441767588913e-106,"9","XPO1"
"CELF2",9.61913573891657e-111,0.202601402013673,0.963,0.901,2.30830400326781e-106,"9","CELF2"
"CDK6",1.43513389437438e-110,-0.200181052593972,0.401,0.588,3.44389080633021e-106,"9","CDK6"
"BAZ1A",1.21894343090974e-108,0.215049013847754,0.871,0.723,2.9250985511541e-104,"9","BAZ1A"
"CISD3",3.86684283445623e-108,-0.220766841521325,0.693,0.799,9.27926274984462e-104,"9","CISD3"
"HEXA.5",4.73845668378297e-108,-0.26612725021037,0.925,0.96,1.1370874504074e-103,"9","HEXA"
"ASAH1.7",5.51772864866814e-108,-0.55619060136217,0.94,0.958,1.32408934382089e-103,"9","ASAH1"
"ATOX1.5",7.7370844072204e-108,-0.273873285044303,0.988,0.989,1.85666814520068e-103,"9","ATOX1"
"GSTP1.2",1.96934332697099e-107,0.29015735302476,1,0.991,4.72583318173228e-103,"9","GSTP1"
"PRNP.1",1.61777677455693e-106,-0.218925942032922,0.465,0.631,3.88217892590427e-102,"9","PRNP"
"PDE4DIP.4",4.53082381316014e-106,-0.205086535263512,0.224,0.403,1.08726179044404e-101,"9","PDE4DIP"
"TCEAL4",1.80803145008189e-104,-0.233982293462022,0.634,0.777,4.33873307076151e-100,"9","TCEAL4"
"MRC1.4",3.87573207319948e-104,-0.235535746952193,0.181,0.345,9.30059425605679e-100,"9","MRC1"
"KPNB1.1",7.75752718721447e-104,0.244078195308557,0.972,0.909,1.86157379911586e-99,"9","KPNB1"
"IRF2BP2",9.94940833383874e-104,0.201497137933151,0.909,0.791,2.38755951787128e-99,"9","IRF2BP2"
"UQCR11",3.72755226333207e-102,-0.208007674598726,0.997,0.998,8.94500716631798e-98,"9","UQCR11"
"HNRNPDL.1",6.80882469529819e-102,0.212859777487157,0.979,0.933,1.63391366213071e-97,"9","HNRNPDL"
"MTHFD2",2.41602750359819e-101,0.205884945454251,0.901,0.835,5.79774120038458e-97,"9","MTHFD2"
"CTSC.1",8.23307419823419e-101,-0.214657990221454,0.992,0.996,1.97569081535026e-96,"9","CTSC"
"LIMD2.1",6.19159859390261e-100,-0.292416402143555,0.451,0.652,1.48579791457881e-95,"9","LIMD2"
"DYNLL1",7.91014186868364e-100,0.218828552495508,0.996,0.998,1.89819674422801e-95,"9","DYNLL1"
"EIF5A.3",1.13158270489911e-99,0.221453431325366,0.976,0.909,2.7154590169464e-95,"9","EIF5A"
"PRRC2C",4.4360254839872e-99,0.220886597189263,0.988,0.962,1.06451303539241e-94,"9","PRRC2C"
"CTSA.6",8.78754563061477e-99,-0.316847080719372,0.806,0.855,2.10874732497863e-94,"9","CTSA"
"ACER3",2.55872899479712e-98,-0.241826593107017,0.767,0.863,6.14018196881466e-94,"9","ACER3"
"HMOX1.6",2.28570059227429e-97,-0.402313592529809,0.823,0.895,5.4849957112806e-93,"9","HMOX1"
"FTH1.7",1.32986351872768e-96,-0.467022521029742,1,1,3.19127348589082e-92,"9","FTH1"
"GPR183.2",1.39687330308338e-95,0.217458401023142,0.784,0.563,3.35207686540919e-91,"9","GPR183"
"UQCC2.1",1.29259864876825e-94,0.201215153132185,0.927,0.822,3.10184897744916e-90,"9","UQCC2"
"ERG28",1.35240609017862e-94,0.209000651615696,0.725,0.501,3.24536889460163e-90,"9","ERG28"
"ID3.4",2.37832139393484e-94,-0.322059053897542,0.6,0.738,5.70725784902544e-90,"9","ID3"
"IDI1.3",2.4389342424712e-94,0.289668536024879,0.815,0.677,5.85271050165814e-90,"9","IDI1"
"C3AR1.3",8.99149573196137e-94,-0.248116857215604,0.916,0.951,2.15768923079877e-89,"9","C3AR1"
"N4BP2L2.2",2.08501252161726e-93,-0.264784246455089,0.941,0.969,5.00340454812493e-89,"9","N4BP2L2"
"ADORA3.1",3.01234144472189e-93,-0.233563798063861,0.806,0.878,7.22871576489911e-89,"9","ADORA3"
"DHCR24.3",1.56502023770415e-92,0.24555396603894,0.739,0.504,3.75557906441865e-88,"9","DHCR24"
"CD4.1",5.4662586199059e-92,-0.232502161904101,0.841,0.898,1.31173808101882e-87,"9","CD4"
"NME3",1.26537824366102e-91,-0.216170287200016,0.812,0.884,3.03652817131335e-87,"9","NME3"
"RNASET2.4",1.71891884280349e-91,-0.256776340869675,0.996,0.995,4.12488954707554e-87,"9","RNASET2"
"SERPINB6.4",3.10927155430537e-91,-0.204125958191612,0.82,0.862,7.46131894886659e-87,"9","SERPINB6"
"PEBP1.1",3.72822409600801e-91,-0.209667529877908,0.955,0.974,8.94661936319041e-87,"9","PEBP1"
"PEPD",5.99698567273567e-91,-0.21208125590795,0.8,0.87,1.43909665188638e-86,"9","PEPD"
"EIF4A2.1",1.02891595090854e-89,-0.219125771369887,0.783,0.858,2.46908960739523e-85,"9","EIF4A2"
"FCGR1A.5",1.22434353899629e-88,-0.239772385241013,0.651,0.729,2.93805719052941e-84,"9","FCGR1A"
"CHCHD2.1",7.38538708234482e-88,0.242940793778494,0.978,0.97,1.77227133815029e-83,"9","CHCHD2"
"YWHAH.5",1.25927053371558e-87,0.207730525984603,0.999,0.99,3.02187149975728e-83,"9","YWHAH"
"NABP1.2",2.57149580594945e-87,-0.233619055553633,0.584,0.715,6.17081848553689e-83,"9","NABP1"
"ADAM28.1",3.73887646774017e-87,-0.242619020202122,0.761,0.858,8.9721818596361e-83,"9","ADAM28"
"PRDX1.2",2.98715476241927e-86,-0.220845237364314,0.998,1,7.16827528337752e-82,"9","PRDX1"
"TMEM251.4",1.55174815234647e-85,-0.220872459459548,0.546,0.666,3.72373004118582e-81,"9","TMEM251"
"GSTM3",2.30092629366983e-85,-0.234125437933062,0.606,0.74,5.5215328269195e-81,"9","GSTM3"
"SMYD3.5",4.01504978806158e-85,-0.291175402278205,0.537,0.649,9.63491497641137e-81,"9","SMYD3"
"STAB1.6",1.5360283639919e-84,-0.392224992637824,0.831,0.868,3.68600726507137e-80,"9","STAB1"
"DSTN",4.67763603155019e-84,-0.206392591723362,0.718,0.821,1.1224923184911e-79,"9","DSTN"
"USP53.3",1.73910705287018e-83,-0.239754262219222,0.57,0.681,4.17333519477256e-79,"9","USP53"
"SOD2.3",3.03869983374155e-83,-0.317371728036751,0.606,0.696,7.2919679910296e-79,"9","SOD2"
"HIST1H1C",1.04025567821809e-82,0.225651046190382,0.553,0.285,2.49630155101996e-78,"9","HIST1H1C"
"KIAA1551",2.20746213955423e-82,-0.314939690170583,0.834,0.905,5.29724689628829e-78,"9","KIAA1551"
"AP1S2.4",7.17412715646345e-81,0.211771665416752,0.948,0.855,1.72157529373653e-76,"9","AP1S2"
"TIMP2.6",1.41768088076699e-80,-0.254918805365929,0.948,0.956,3.40200880957656e-76,"9","TIMP2"
"PNRC1.2",1.75800996012966e-78,-0.246448034381273,0.872,0.938,4.21869650132314e-74,"9","PNRC1"
"MT-ND5.5",3.34250238086851e-77,-0.27773093011262,0.992,0.997,8.02100296337016e-73,"9","MT-ND5"
"BLVRB.4",2.03421533313537e-76,-0.256002072742863,0.888,0.913,4.88150653492496e-72,"9","BLVRB"
"TNFRSF14.4",5.7560884179353e-76,-0.228735497087512,0.585,0.694,1.38128853765193e-71,"9","TNFRSF14"
"LY96.6",1.06549779719869e-75,-0.269842484883836,0.659,0.746,2.55687506393769e-71,"9","LY96"
"S100B.3",1.29560089207944e-75,-0.308011286440022,0.999,0.997,3.10905346072304e-71,"9","S100B"
"ASGR2.4",1.37254491977601e-75,0.210284914115759,0.976,0.918,3.2936960439865e-71,"9","ASGR2"
"HIST1H4C.8",1.413350942038e-75,0.436389826191658,0.84,0.692,3.3916182556086e-71,"9","HIST1H4C"
"CNFN",5.11938843535073e-75,-0.202963884903119,0.509,0.663,1.22849964283112e-70,"9","CNFN"
"SH3BGRL",6.15920684679156e-75,-0.204372038040352,0.997,0.998,1.47802486702457e-70,"9","SH3BGRL"
"DOCK4.3",2.92821006674049e-74,-0.21255360121105,0.802,0.88,7.02682569715715e-70,"9","DOCK4"
"TREM2.7",6.67789496371747e-74,-0.340056494206078,0.891,0.865,1.60249445444328e-69,"9","TREM2"
"MTRNR2L1.6",1.90674849207953e-73,-0.418984799882995,0.913,0.957,4.57562435644324e-69,"9","MTRNR2L1"
"IRF8.1",1.94878207158907e-73,0.21304803604534,0.932,0.792,4.67649233719229e-69,"9","IRF8"
"PLAC8.4",5.86191124928083e-73,0.245807547121619,0.974,0.889,1.40668284248992e-68,"9","PLAC8"
"ATP6AP2.3",3.25520961486698e-71,-0.225126608255987,0.992,0.997,7.81152651279629e-67,"9","ATP6AP2"
"MSR1.4",3.39511759076296e-70,-0.25087367572308,0.24,0.368,8.14726368255388e-66,"9","MSR1"
"NPL.6",6.08715776103555e-70,-0.245826459111128,0.553,0.639,1.4607352479157e-65,"9","NPL"
"TXN.2",5.71560917584984e-69,-0.224910558719561,0.971,0.982,1.37157473392869e-64,"9","TXN"
"SNHG8",1.20924526062121e-68,-0.20121260394542,0.938,0.959,2.90182585191272e-64,"9","SNHG8"
"IL1B.3",4.31886818285767e-68,-0.336511582605906,0.684,0.795,1.03639879784036e-63,"9","IL1B"
"PTPRE.2",2.88109990575511e-67,-0.249938552903738,0.771,0.841,6.91377544384054e-63,"9","PTPRE"
"HMGCS1.3",1.56763700148129e-65,0.260011047019907,0.674,0.468,3.76185851245466e-61,"9","HMGCS1"
"ZMAT3.2",1.65484524343978e-65,-0.274601121148327,0.687,0.786,3.97113213068244e-61,"9","ZMAT3"
"LGMN.5",3.09647634725146e-64,-0.225366836482469,0.474,0.557,7.43061429049933e-60,"9","LGMN"
"MTRNR2L12.5",1.46446912875203e-63,-0.264600569128839,0.998,0.997,3.51428656826625e-59,"9","MTRNR2L12"
"SAT1.6",2.60320457308824e-63,-0.290837505835872,0.999,1,6.24691001403984e-59,"9","SAT1"
"SERPINF1.4",4.24769169657065e-63,-0.234165317747279,0.929,0.937,1.01931857642606e-58,"9","SERPINF1"
"MTRNR2L8.6",2.76650546700027e-61,-0.284149044682686,0.985,0.988,6.63878316916054e-57,"9","MTRNR2L8"
"SELENOP.6",3.96710117496428e-60,-0.316351486408604,0.24,0.353,9.51985268956177e-56,"9","SELENOP"
"CTSD.7",4.49218266792123e-60,-0.45916333126728,0.985,0.99,1.07798907482106e-55,"9","CTSD"
"FABP5.5",4.27321028813026e-59,-0.266211641146999,0.922,0.946,1.02544227284262e-54,"9","FABP5"
"CD68.6",4.72283878459434e-58,-0.288309999370158,0.926,0.924,1.1333396231391e-53,"9","CD68"
"ENTPD1.1",6.06601139574723e-58,-0.221687279306866,0.697,0.803,1.45566075463746e-53,"9","ENTPD1"
"CXCL16.3",6.67706274066465e-57,-0.213764913916251,0.516,0.661,1.6022947458773e-52,"9","CXCL16"
"BTG2.1",1.12752972783996e-56,0.202032014516618,0.913,0.808,2.70573308789756e-52,"9","BTG2"
"SQLE.4",5.03983791713551e-55,0.218048172325026,0.703,0.505,1.20940990497501e-50,"9","SQLE"
"MSMO1.3",1.82970846861743e-54,0.204383983069616,0.607,0.44,4.39075141214125e-50,"9","MSMO1"
"LGALS3.6",4.60105208574316e-53,-0.290148527066822,0.292,0.415,1.10411446901579e-48,"9","LGALS3"
"CTSL.6",1.45513317592645e-52,-0.392426183979866,0.676,0.704,3.49188308227071e-48,"9","CTSL"
"MS4A7.4",3.00857149450442e-52,-0.353423555462063,0.868,0.878,7.21966901536227e-48,"9","MS4A7"
"CKB.6",1.5971955567572e-50,-0.259063028100185,0.525,0.654,3.83279017755024e-46,"9","CKB"
"COMT",2.32548493741571e-50,-0.211959146904451,0.611,0.697,5.58046620431648e-46,"9","COMT"
"MARCKSL1.2",3.2726387972045e-50,-0.206820341949393,0.778,0.806,7.85335132165164e-46,"9","MARCKSL1"
"SRGN.6",3.95563036137186e-49,-0.268139714619594,0.996,0.996,9.49232617818406e-45,"9","SRGN"
"MT-ATP6.3",4.27558847711359e-49,0.280927309147596,1,1,1.02601296685295e-44,"9","MT-ATP6"
"INSIG1.3",1.03779356084328e-47,0.202197814836185,0.677,0.484,2.49039320795563e-43,"9","INSIG1"
"CALR.1",3.05935680777782e-47,0.226279329617502,0.994,0.983,7.34153853162443e-43,"9","CALR"
"GPNMB.8",1.82299553065809e-45,-0.649473226082093,0.133,0.225,4.37464237492022e-41,"9","GPNMB"
"IGF1.6",5.64257823678915e-43,-0.225981266224906,0.527,0.583,1.35404949948229e-38,"9","IGF1"
"CTSB.7",1.97092650898554e-42,-0.336138872425986,0.985,0.977,4.7296323436126e-38,"9","CTSB"
"RNASE2.5",5.3988590354073e-41,0.250150690919438,0.695,0.482,1.29556420272669e-36,"9","RNASE2"
"TGFBR1.6",3.27690157946675e-40,-0.204334510561339,0.925,0.932,7.86358072024636e-36,"9","TGFBR1"
"GPR84.4",1.50790570257872e-39,-0.235179643069161,0.788,0.827,3.61852131447815e-35,"9","GPR84"
"DNASE2.6",6.22378689572431e-39,-0.201130017835519,0.846,0.858,1.49352214136696e-34,"9","DNASE2"
"CCL3.7",2.41566043610174e-38,-0.356004439079005,0.154,0.246,5.79686034851336e-34,"9","CCL3"
"PLA2G7.6",1.48627707050952e-37,-0.251599757403279,0.642,0.679,3.56661908610169e-33,"9","PLA2G7"
"ABCA1.6",3.91642541953267e-37,-0.241737440503702,0.217,0.336,9.39824607925255e-33,"9","ABCA1"
"ISG15",2.23600306471551e-36,-0.244994467866409,0.53,0.6,5.36573655439782e-32,"9","ISG15"
"LINC01480.3",3.47715455262314e-36,-0.246401504941225,0.684,0.754,8.34412777992976e-32,"9","LINC01480"
"ARL4C.5",3.95889234188887e-35,-0.235895860614831,0.514,0.627,9.50015395283072e-31,"9","ARL4C"
"ADAMDEC1.6",6.23140499395356e-34,-0.202128271336109,0.32,0.384,1.49535025639904e-29,"9","ADAMDEC1"
"CD14.5",1.29534175563449e-32,-0.355381155539579,0.527,0.577,3.10843161099609e-28,"9","CD14"
"CPVL.4",6.58482339834986e-32,-0.20304045176855,0.736,0.756,1.58016007090202e-27,"9","CPVL"
"PPM1N.5",7.65731301349572e-32,-0.225954384513865,0.62,0.702,1.83752540384857e-27,"9","PPM1N"
"RAB42.8",9.48351417894397e-32,-0.231339591819773,0.528,0.557,2.27575889752119e-27,"9","RAB42"
"APOE.7",6.69588106118956e-29,-0.473217256409093,0.593,0.61,1.60681057825366e-24,"9","APOE"
"FCER1A.7",1.85793635052021e-28,-0.525689027946442,0.297,0.433,4.45848986034334e-24,"9","FCER1A"
"S100A9.6",5.33925437818417e-26,0.271205540526049,0.991,0.972,1.28126087313286e-21,"9","S100A9"
"CCL4.6",6.87637811299857e-15,-0.316337120642321,0.111,0.151,1.65012445577627e-10,"9","CCL4"
"LTB.6",1.08197828665859e-14,-0.284352726336967,0.471,0.536,2.59642329449461e-10,"9","LTB"
"SPP1.5",4.03501071147878e-07,-0.264158967944959,0.993,0.985,0.00968281520433562,"9","SPP1"
"HLA-DQA1.7",5.28129195699146e-07,-0.335573881598813,0.471,0.533,0.0126735163091924,"9","HLA-DQA1"
"HIST1H4C.9",0,2.64236289437836,1,0.688,0,"10","HIST1H4C"
"MKI67.9",0,2.00528652391348,0.999,0.077,0,"10","MKI67"
"TOP2A.9",0,2.00161445929843,1,0.235,0,"10","TOP2A"
"HMGB2.8",0,1.83963707300395,1,0.51,0,"10","HMGB2"
"TUBB.8",0,1.7467428311371,1,0.959,0,"10","TUBB"
"CENPF.8",0,1.7387164959854,0.996,0.17,0,"10","CENPF"
"PCLAF.9",0,1.7331472661024,1,0.168,0,"10","PCLAF"
"TYMS.9",0,1.72791746670207,0.996,0.107,0,"10","TYMS"
"STMN1.7",0,1.66185045226955,1,0.934,0,"10","STMN1"
"TUBA1B.6",0,1.55181233404093,1,0.996,0,"10","TUBA1B"
"NUSAP1.7",0,1.54084872573529,0.999,0.212,0,"10","NUSAP1"
"H2AFZ.7",0,1.50845073613323,1,0.992,0,"10","H2AFZ"
"CDK1.7",0,1.45773279621759,0.999,0.096,0,"10","CDK1"
"HMGN2.8",0,1.45489212669776,1,0.956,0,"10","HMGN2"
"TPX2.9",0,1.45210210779094,0.998,0.133,0,"10","TPX2"
"UBE2C.2",0,1.43945720490974,0.998,0.058,0,"10","UBE2C"
"RRM2.1",0,1.28732219972038,0.981,0.045,0,"10","RRM2"
"HMGB1.6",0,1.25339928867884,1,0.997,0,"10","HMGB1"
"ASPM.2",0,1.21470755061725,0.989,0.052,0,"10","ASPM"
"TUBB4B.2",0,1.18979535074169,0.996,0.619,0,"10","TUBB4B"
"SMC4.2",0,1.16299109181983,0.996,0.256,0,"10","SMC4"
"CKS1B.5",0,1.16270957471168,0.998,0.442,0,"10","CKS1B"
"H2AFX.2",0,1.16171180174466,0.996,0.3,0,"10","H2AFX"
"DUT.5",0,1.14901284253968,0.998,0.762,0,"10","DUT"
"UBE2S.1",0,1.13850960714886,0.997,0.561,0,"10","UBE2S"
"TMPO.3",0,1.13009952885747,0.998,0.595,0,"10","TMPO"
"FAM111A.1",0,1.11276720714444,0.995,0.363,0,"10","FAM111A"
"DEK.5",0,1.09803707874769,1,0.89,0,"10","DEK"
"HMMR.1",0,1.06316857007037,0.983,0.064,0,"10","HMMR"
"CENPM.2",0,1.03134918997028,0.99,0.105,0,"10","CENPM"
"BIRC5.1",0,1.00712810018363,0.992,0.061,0,"10","BIRC5"
"AURKB.1",0,0.995896060253191,0.985,0.054,0,"10","AURKB"
"CKS2.1",0,0.985035246332377,0.988,0.47,0,"10","CKS2"
"GTSE1.1",0,0.983777802884815,0.979,0.042,0,"10","GTSE1"
"PCNA.2",0,0.981242227057072,0.972,0.591,0,"10","PCNA"
"KPNA2.4",0,0.980011710440597,0.998,0.76,0,"10","KPNA2"
"CDKN3.1",0,0.975443968536531,0.977,0.063,0,"10","CDKN3"
"SMC2.2",0,0.973382892551937,0.996,0.452,0,"10","SMC2"
"NCAPG.2",0,0.960097980167039,0.983,0.049,0,"10","NCAPG"
"ZWINT.2",0,0.936381333520255,0.982,0.152,0,"10","ZWINT"
"H2AFV.3",0,0.909662664694239,1,0.967,0,"10","H2AFV"
"KNL1.2",0,0.908596982765875,0.974,0.09,0,"10","KNL1"
"TK1.2",0,0.90432194265884,0.975,0.074,0,"10","TK1"
"PTTG1.1",0,0.890356554055633,0.973,0.245,0,"10","PTTG1"
"DTYMK.2",0,0.880921685612303,0.996,0.451,0,"10","DTYMK"
"TUBA1C.3",0,0.876006677700848,0.998,0.795,0,"10","TUBA1C"
"PHF19.3",0,0.869847848885358,0.994,0.423,0,"10","PHF19"
"TMEM106C.2",0,0.857763760462991,0.969,0.198,0,"10","TMEM106C"
"CDKN2C.1",0,0.857086890768288,0.964,0.129,0,"10","CDKN2C"
"HIST1H1B",0,0.85445973618788,0.907,0.017,0,"10","HIST1H1B"
"FEN1.1",0,0.847291365472293,0.961,0.23,0,"10","FEN1"
"ANP32E.1",0,0.846195099055936,0.993,0.564,0,"10","ANP32E"
"CENPE.1",0,0.84454231969069,0.922,0.101,0,"10","CENPE"
"ATAD2.1",0,0.836615862249942,0.948,0.272,0,"10","ATAD2"
"DLGAP5.1",0,0.834334483022,0.939,0.034,0,"10","DLGAP5"
"NDC80.1",0,0.831739216110503,0.964,0.034,0,"10","NDC80"
"RRM1.1",0,0.821125056363555,0.982,0.274,0,"10","RRM1"
"CCNA2.1",0,0.816047973214646,0.962,0.063,0,"10","CCNA2"
"KIF11.1",0,0.810980809854976,0.963,0.084,0,"10","KIF11"
"NUCKS1.3",0,0.805831773950178,1,0.972,0,"10","NUCKS1"
"ANP32B.5",0,0.804477732636006,1,0.94,0,"10","ANP32B"
"ESCO2.1",0,0.797286392343565,0.967,0.068,0,"10","ESCO2"
"HELLS.1",0,0.795087915324293,0.917,0.188,0,"10","HELLS"
"RANBP1.3",0,0.794291910219737,0.999,0.838,0,"10","RANBP1"
"CLSPN.1",0,0.792305442219696,0.933,0.08,0,"10","CLSPN"
"CCNB2.1",0,0.788418670421197,0.941,0.092,0,"10","CCNB2"
"SMC1A.2",0,0.786832908952833,0.993,0.768,0,"10","SMC1A"
"IDH2.2",0,0.774134217468109,1,0.913,0,"10","IDH2"
"AURKA.1",0,0.766710209968647,0.958,0.268,0,"10","AURKA"
"PTMA.5",0,0.756603538994356,1,1,0,"10","PTMA"
"CENPA.1",0,0.743903736391426,0.933,0.05,0,"10","CENPA"
"CENPK.2",0,0.737708705870408,0.966,0.145,0,"10","CENPK"
"CCNB1.1",0,0.732059974849037,0.895,0.142,0,"10","CCNB1"
"HIST1H1D",0,0.72712441172528,0.87,0.062,0,"10","HIST1H1D"
"CDCA3.1",0,0.723428171733122,0.936,0.036,0,"10","CDCA3"
"TACC3.1",0,0.721789756720211,0.976,0.337,0,"10","TACC3"
"NASP.3",0,0.716870018806048,0.992,0.741,0,"10","NASP"
"SGO2.1",0,0.716187649126803,0.93,0.173,0,"10","SGO2"
"CENPW.2",0,0.714980238548962,0.98,0.346,0,"10","CENPW"
"CEP55.1",0,0.712797577695425,0.935,0.053,0,"10","CEP55"
"DNMT1.3",0,0.712038041499749,0.994,0.808,0,"10","DNMT1"
"PLK1.1",0,0.707565445849895,0.896,0.045,0,"10","PLK1"
"NCAPD2.1",0,0.706715275603497,0.965,0.218,0,"10","NCAPD2"
"KIF20B.2",0,0.70598865590209,0.964,0.327,0,"10","KIF20B"
"RPA3.2",0,0.704687018687198,0.989,0.601,0,"10","RPA3"
"RAD21.1",0,0.704113605033522,0.99,0.69,0,"10","RAD21"
"LMNB1.3",0,0.70114664621999,0.966,0.286,0,"10","LMNB1"
"CBX5.2",0,0.699168784245433,0.996,0.766,0,"10","CBX5"
"SIVA1.1",0,0.698375016512416,0.999,0.819,0,"10","SIVA1"
"CDC20.1",0,0.695701899140913,0.875,0.053,0,"10","CDC20"
"GGH.2",0,0.695436722521755,0.957,0.185,0,"10","GGH"
"RAD51AP1.1",0,0.69304398325454,0.962,0.23,0,"10","RAD51AP1"
"MYBL2.1",0,0.691754461918724,0.917,0.046,0,"10","MYBL2"
"MCM7.1",0,0.69046955141849,0.947,0.216,0,"10","MCM7"
"LDHA.3",0,0.688754548599142,0.996,0.836,0,"10","LDHA"
"SHCBP1.2",0,0.685865091138924,0.949,0.136,0,"10","SHCBP1"
"DHFR.1",0,0.685723525941225,0.956,0.407,0,"10","DHFR"
"MAD2L1.2",0,0.682151911529621,0.952,0.166,0,"10","MAD2L1"
"FOXM1.1",0,0.680763993387888,0.933,0.05,0,"10","FOXM1"
"HIST1H1C.1",0,0.677739630564923,0.919,0.277,0,"10","HIST1H1C"
"FBXO5.1",0,0.66810899415832,0.931,0.11,0,"10","FBXO5"
"UBE2T.1",0,0.666825671039317,0.956,0.239,0,"10","UBE2T"
"CKAP2L.1",0,0.665054870193606,0.912,0.037,0,"10","CKAP2L"
"ANLN.1",0,0.659575999749104,0.9,0.04,0,"10","ANLN"
"KIF23.1",0,0.658072064474048,0.911,0.03,0,"10","KIF23"
"PRKDC.2",0,0.657782568624193,0.994,0.836,0,"10","PRKDC"
"CARHSP1.1",0,0.65714261857178,0.984,0.602,0,"10","CARHSP1"
"FDPS.8",0,0.650977380993453,0.988,0.786,0,"10","FDPS"
"CKAP2.1",0,0.650358901180216,0.966,0.42,0,"10","CKAP2"
"CENPU.1",0,0.649476601240597,0.93,0.095,0,"10","CENPU"
"SKA2.2",0,0.648514248586503,0.982,0.482,0,"10","SKA2"
"FANCI.2",0,0.64836313333219,0.93,0.093,0,"10","FANCI"
"KIF22.1",0,0.63898692012137,0.949,0.248,0,"10","KIF22"
"USP1.1",0,0.631850632629243,0.977,0.423,0,"10","USP1"
"BUB1B.1",0,0.623880492168409,0.911,0.061,0,"10","BUB1B"
"SPC25",0,0.621673080600828,0.917,0.024,0,"10","SPC25"
"RAN.5",0,0.62118170491606,1,0.983,0,"10","RAN"
"SMC3.1",0,0.617176452855467,0.982,0.636,0,"10","SMC3"
"FADS1.6",0,0.616503567907897,0.964,0.637,0,"10","FADS1"
"EZH2.1",0,0.61351970437022,0.917,0.151,0,"10","EZH2"
"BRCA2.2",0,0.612096831134769,0.908,0.188,0,"10","BRCA2"
"MT-ND6.3",0,0.609436265248417,0.986,0.85,0,"10","MT-ND6"
"SNRPB.4",0,0.607971539921931,0.999,0.937,0,"10","SNRPB"
"MIS18BP1.1",0,0.604803618787282,0.961,0.468,0,"10","MIS18BP1"
"CDCA8.1",0,0.601982709946718,0.887,0.056,0,"10","CDCA8"
"MZT2A.3",0,0.598654605950616,0.999,0.836,0,"10","MZT2A"
"C21orf58.1",0,0.579687511520035,0.895,0.105,0,"10","C21orf58"
"HMGB3.1",0,0.576046478320936,0.933,0.33,0,"10","HMGB3"
"KIFC1.1",0,0.5706467987561,0.882,0.033,0,"10","KIFC1"
"SRSF3.4",0,0.568911755776956,0.999,0.903,0,"10","SRSF3"
"LSM4.3",0,0.566774089641704,0.998,0.932,0,"10","LSM4"
"BARD1.2",0,0.566119072754535,0.933,0.258,0,"10","BARD1"
"BRCA1.1",0,0.564087354610967,0.887,0.117,0,"10","BRCA1"
"HNRNPA2B1.4",0,0.560312443439988,1,0.998,0,"10","HNRNPA2B1"
"ARHGAP11A.1",0,0.559087734957394,0.858,0.057,0,"10","ARHGAP11A"
"MZT2B.1",0,0.552401660835845,1,0.969,0,"10","MZT2B"
"GMNN.1",0,0.552264146416552,0.923,0.287,0,"10","GMNN"
"NCAPD3.1",0,0.550013737535971,0.92,0.27,0,"10","NCAPD3"
"TTF2.2",0,0.544986736833043,0.945,0.401,0,"10","TTF2"
"ZDHHC12.1",0,0.544295898176697,0.988,0.671,0,"10","ZDHHC12"
"BUB3.1",0,0.54362895913136,0.977,0.625,0,"10","BUB3"
"HNRNPAB.3",0,0.541441638857706,0.989,0.868,0,"10","HNRNPAB"
"NUF2.1",0,0.53948774562298,0.873,0.045,0,"10","NUF2"
"PRR11.1",0,0.538132772836082,0.898,0.197,0,"10","PRR11"
"PARP1.2",0,0.533572471784044,0.98,0.744,0,"10","PARP1"
"ALYREF.2",0,0.532102346685883,0.962,0.586,0,"10","ALYREF"
"CDCA2.1",0,0.526384739262242,0.849,0.03,0,"10","CDCA2"
"KIF2C.1",0,0.524482479024896,0.868,0.033,0,"10","KIF2C"
"KIF14.1",0,0.521820524258456,0.796,0.031,0,"10","KIF14"
"MELK.2",0,0.5194019192481,0.872,0.057,0,"10","MELK"
"PSIP1.1",0,0.518854081241763,0.94,0.45,0,"10","PSIP1"
"ASF1B.1",0,0.517273201220181,0.879,0.078,0,"10","ASF1B"
"NCAPG2.1",0,0.515657288184728,0.854,0.079,0,"10","NCAPG2"
"MND1.1",0,0.514916282299912,0.855,0.042,0,"10","MND1"
"PRC1.1",0,0.513569449064126,0.866,0.071,0,"10","PRC1"
"ORC6.1",0,0.512614191982426,0.919,0.286,0,"10","ORC6"
"CCNF.1",0,0.512333188110878,0.836,0.043,0,"10","CCNF"
"CENPN.1",0,0.511370244754874,0.879,0.096,0,"10","CENPN"
"HJURP.1",0,0.508500858411478,0.832,0.024,0,"10","HJURP"
"HIST1H1E",0,0.508280977120603,0.821,0.142,0,"10","HIST1H1E"
"MAZ.1",0,0.506173002853942,0.982,0.729,0,"10","MAZ"
"BUB1.1",0,0.505235409328646,0.848,0.063,0,"10","BUB1"
"RACGAP1.1",0,0.505105719488828,0.886,0.132,0,"10","RACGAP1"
"SNRNP25.1",0,0.503973407246093,0.977,0.675,0,"10","SNRNP25"
"KIF15.1",0,0.502992570354549,0.827,0.032,0,"10","KIF15"
"PSMC3.2",0,0.502362795930769,0.98,0.701,0,"10","PSMC3"
"RBBP7.2",0,0.501329846956027,0.985,0.681,0,"10","RBBP7"
"HIST2H2AC",0,0.499536581547003,0.821,0.141,0,"10","HIST2H2AC"
"CDCA5",0,0.497966012845804,0.846,0.043,0,"10","CDCA5"
"NCAPH.1",0,0.497526757354871,0.857,0.064,0,"10","NCAPH"
"DDX39A.1",0,0.496383147101302,0.971,0.61,0,"10","DDX39A"
"TPR.1",0,0.496163724126409,0.989,0.833,0,"10","TPR"
"LIG1.1",0,0.489454241989689,0.859,0.139,0,"10","LIG1"
"NSD2.1",0,0.487283656957974,0.905,0.258,0,"10","NSD2"
"XRCC5.1",0,0.485714998690965,0.998,0.972,0,"10","XRCC5"
"HIRIP3.1",0,0.484343537917085,0.872,0.192,0,"10","HIRIP3"
"SNRPG.3",0,0.483566709713564,0.999,0.969,0,"10","SNRPG"
"RPL39L.2",0,0.474467745455662,0.889,0.323,0,"10","RPL39L"
"DCK.2",0,0.474167714882565,0.975,0.646,0,"10","DCK"
"CCDC34",0,0.473655634746009,0.802,0.1,0,"10","CCDC34"
"HP1BP3.1",0,0.471134769476657,0.991,0.819,0,"10","HP1BP3"
"DBF4.1",0,0.468262077460028,0.913,0.409,0,"10","DBF4"
"DIAPH3.1",0,0.466943143876669,0.799,0.039,0,"10","DIAPH3"
"TCF19.1",0,0.466823625478325,0.825,0.063,0,"10","TCF19"
"DNAJC9.1",0,0.466362175760637,0.909,0.371,0,"10","DNAJC9"
"HMGN1.2",0,0.462886600833915,1,0.993,0,"10","HMGN1"
"HNRNPD.2",0,0.462494582002555,0.998,0.933,0,"10","HNRNPD"
"SSRP1.1",0,0.461841546667663,0.932,0.479,0,"10","SSRP1"
"HNRNPR.2",0,0.459263029992356,0.993,0.829,0,"10","HNRNPR"
"SFPQ.2",0,0.455513693556659,0.995,0.918,0,"10","SFPQ"
"CEP78.1",0,0.455436003982154,0.888,0.294,0,"10","CEP78"
"NUDT1.1",0,0.454846991191684,0.985,0.743,0,"10","NUDT1"
"FAM111B.1",0,0.454466141971701,0.586,0.04,0,"10","FAM111B"
"SPAG5.1",0,0.452574636742651,0.816,0.04,0,"10","SPAG5"
"MXD3",0,0.452307206939682,0.812,0.053,0,"10","MXD3"
"SAC3D1.1",0,0.452144997399021,0.925,0.468,0,"10","SAC3D1"
"SUZ12.1",0,0.450750338342693,0.974,0.692,0,"10","SUZ12"
"BANF1.2",0,0.450288307328521,0.998,0.921,0,"10","BANF1"
"SPC24.1",0,0.447250533375859,0.802,0.028,0,"10","SPC24"
"MCM4.1",0,0.442689237651338,0.817,0.154,0,"10","MCM4"
"ATAD5.1",0,0.442086389407995,0.84,0.183,0,"10","ATAD5"
"KIF4A.1",0,0.439188684490621,0.782,0.032,0,"10","KIF4A"
"SRSF2.1",0,0.438644208805015,0.991,0.869,0,"10","SRSF2"
"CBX3.4",0,0.434021962628515,0.996,0.941,0,"10","CBX3"
"LSM3.2",0,0.433053674529237,0.997,0.907,0,"10","LSM3"
"UQCC2.2",0,0.432016878373924,0.994,0.821,0,"10","UQCC2"
"CTCF",0,0.431448371452339,0.955,0.607,0,"10","CTCF"
"SUPT16H.1",0,0.431226181950612,0.974,0.759,0,"10","SUPT16H"
"MCM5.2",0,0.431219937774925,0.929,0.507,0,"10","MCM5"
"CDKN2A.1",0,0.430116309358186,0.912,0.438,0,"10","CDKN2A"
"CKAP5.1",0,0.429806826524024,0.898,0.404,0,"10","CKAP5"
"HNRNPA3.2",0,0.429487704283471,1,0.98,0,"10","HNRNPA3"
"HPRT1.1",0,0.427952600700019,0.955,0.591,0,"10","HPRT1"
"CRNDE.1",0,0.425464297932307,0.783,0.119,0,"10","CRNDE"
"TROAP.1",0,0.424692020873389,0.78,0.047,0,"10","TROAP"
"CIP2A.1",0,0.423925902984538,0.833,0.111,0,"10","CIP2A"
"HAT1.1",0,0.423478881789033,0.93,0.491,0,"10","HAT1"
"CIT.1",0,0.423060387834867,0.777,0.048,0,"10","CIT"
"LSM2.1",0,0.419116893197942,0.982,0.755,0,"10","LSM2"
"KNSTRN.1",0,0.41601317431248,0.854,0.292,0,"10","KNSTRN"
"PXMP2.1",0,0.415124854011476,0.873,0.245,0,"10","PXMP2"
"ANAPC11.1",0,0.415043183538857,0.999,0.963,0,"10","ANAPC11"
"TFDP1.1",0,0.414033590402786,0.963,0.621,0,"10","TFDP1"
"CNTRL.1",0,0.41324198975455,0.922,0.5,0,"10","CNTRL"
"TIMELESS.1",0,0.41315514749853,0.83,0.156,0,"10","TIMELESS"
"CENPX.1",0,0.41309795102706,0.949,0.6,0,"10","CENPX"
"H1FX",0,0.412615079225101,0.978,0.786,0,"10","H1FX"
"SRSF10.1",0,0.412413166888379,0.976,0.763,0,"10","SRSF10"
"SVIP.1",0,0.412207982271641,0.916,0.57,0,"10","SVIP"
"CCDC18.1",0,0.408090335314363,0.835,0.287,0,"10","CCDC18"
"CENPH.1",0,0.407370191836959,0.826,0.113,0,"10","CENPH"
"SNRPD1.4",0,0.402012612550806,0.996,0.892,0,"10","SNRPD1"
"PPIA.2",0,0.396746419341118,1,0.999,0,"10","PPIA"
"TTK.1",0,0.395394834937857,0.749,0.047,0,"10","TTK"
"TUBG1.1",0,0.393390510608495,0.851,0.298,0,"10","TUBG1"
"KHDRBS1.1",0,0.386753444474337,0.996,0.895,0,"10","KHDRBS1"
"YWHAQ.2",0,0.382115757408088,0.99,0.798,0,"10","YWHAQ"
"GPSM2.1",0,0.381252859420879,0.75,0.121,0,"10","GPSM2"
"CDT1.1",0,0.380882032109425,0.726,0.072,0,"10","CDT1"
"E2F8",0,0.379770550512635,0.707,0.015,0,"10","E2F8"
"DDB2",0,0.377617004371595,0.845,0.317,0,"10","DDB2"
"HNRNPUL1.1",0,0.376678289597399,0.98,0.736,0,"10","HNRNPUL1"
"PRIM1.1",0,0.375338328700711,0.791,0.133,0,"10","PRIM1"
"CTNNAL1.1",0,0.375223545278933,0.716,0.085,0,"10","CTNNAL1"
"POLQ",0,0.374458573636625,0.731,0.047,0,"10","POLQ"
"SPDL1.1",0,0.374090958421998,0.795,0.15,0,"10","SPDL1"
"LSM5.2",0,0.373109950348019,0.994,0.901,0,"10","LSM5"
"UBB.1",0,0.371735954082426,0.999,0.998,0,"10","UBB"
"POLD3.1",0,0.369943875958086,0.796,0.24,0,"10","POLD3"
"MRPL51.1",0,0.368051300108654,0.997,0.951,0,"10","MRPL51"
"CMC2.1",0,0.365163805612062,0.933,0.531,0,"10","CMC2"
"TOPBP1.1",0,0.364749858061558,0.863,0.373,0,"10","TOPBP1"
"UHRF1.1",0,0.363533204926663,0.767,0.114,0,"10","UHRF1"
"WEE1.1",0,0.361248879699962,0.763,0.094,0,"10","WEE1"
"CSE1L.1",0,0.360862327901791,0.883,0.383,0,"10","CSE1L"
"WDR34",0,0.360482527988618,0.746,0.04,0,"10","WDR34"
"LMNB2",0,0.359979459969007,0.814,0.197,0,"10","LMNB2"
"RFC3.1",0,0.359639903500791,0.79,0.155,0,"10","RFC3"
"PIF1.1",0,0.357477485954524,0.494,0.014,0,"10","PIF1"
"RBMX.1",0,0.355890386727827,0.99,0.874,0,"10","RBMX"
"CENPL",0,0.354541629876827,0.757,0.131,0,"10","CENPL"
"RBBP8.1",0,0.352741895763476,0.74,0.175,0,"10","RBBP8"
"PAXX.2",0,0.351701049065454,0.96,0.688,0,"10","PAXX"
"PKMYT1.1",0,0.34900280070393,0.697,0.031,0,"10","PKMYT1"
"H3F3A.3",0,0.348330956592375,1,1,0,"10","H3F3A"
"VRK1.1",0,0.347073686075886,0.856,0.323,0,"10","VRK1"
"INCENP.1",0,0.343306560613771,0.728,0.084,0,"10","INCENP"
"LRR1.1",0,0.34325522420597,0.834,0.295,0,"10","LRR1"
"SNRPD3.1",0,0.343183029795235,0.993,0.903,0,"10","SNRPD3"
"RFC4.1",0,0.340174266942986,0.769,0.228,0,"10","RFC4"
"UBALD2.1",0,0.339131750217604,0.925,0.625,0,"10","UBALD2"
"DEPDC1B.1",0,0.339038714863718,0.693,0.02,0,"10","DEPDC1B"
"BTG3.1",0,0.337176090900553,0.742,0.215,0,"10","BTG3"
"CDKN2D",0,0.336980039968337,0.701,0.118,0,"10","CDKN2D"
"HSPB11.1",0,0.335926849543839,0.956,0.716,0,"10","HSPB11"
"COX8A.1",0,0.33573283487766,1,0.999,0,"10","COX8A"
"ECT2.1",0,0.334250416381941,0.75,0.134,0,"10","ECT2"
"ERH.2",0,0.333093124612166,0.999,0.948,0,"10","ERH"
"SGO1.1",0,0.330762166201222,0.701,0.08,0,"10","SGO1"
"RAD51C.1",0,0.330411723289915,0.812,0.312,0,"10","RAD51C"
"DEPDC1.1",0,0.329607993437256,0.634,0.023,0,"10","DEPDC1"
"CEP152",0,0.327360625280544,0.755,0.155,0,"10","CEP152"
"SAE1",0,0.326620690900157,0.857,0.366,0,"10","SAE1"
"NEK2.1",0,0.32651281663311,0.629,0.024,0,"10","NEK2"
"CDK5RAP2.1",0,0.325033508021885,0.793,0.283,0,"10","CDK5RAP2"
"EXOSC8.2",0,0.325015309349375,0.872,0.388,0,"10","EXOSC8"
"RHEB",0,0.323500483779607,0.996,0.94,0,"10","RHEB"
"ITGB3BP",0,0.323453848328439,0.8,0.243,0,"10","ITGB3BP"
"ECI1",0,0.321131467823623,0.911,0.549,0,"10","ECI1"
"SUMO2",0,0.319753400457696,1,0.999,0,"10","SUMO2"
"FANCD2",0,0.314528573671056,0.737,0.142,0,"10","FANCD2"
"CEP57",0,0.313773968690158,0.891,0.485,0,"10","CEP57"
"MPHOSPH9",0,0.31068438818135,0.805,0.317,0,"10","MPHOSPH9"
"NUP50",0,0.306746238735327,0.88,0.461,0,"10","NUP50"
"PSMG2",0,0.303931780621076,0.978,0.778,0,"10","PSMG2"
"ARHGEF39",0,0.303670618008536,0.641,0.028,0,"10","ARHGEF39"
"MZT1.1",0,0.302852633131106,0.878,0.468,0,"10","MZT1"
"ALDH7A1.1",0,0.301293872078583,0.771,0.294,0,"10","ALDH7A1"
"SKA3",0,0.300567440907897,0.649,0.031,0,"10","SKA3"
"RCCD1.1",0,0.298963225926345,0.717,0.162,0,"10","RCCD1"
"BLM.1",0,0.298915682238248,0.666,0.062,0,"10","BLM"
"HAUS1",0,0.298070217033876,0.862,0.405,0,"10","HAUS1"
"RMI2.1",0,0.298019361988399,0.68,0.092,0,"10","RMI2"
"CCP110",0,0.296043517161719,0.783,0.265,0,"10","CCP110"
"FAM83D.1",0,0.28915797507364,0.594,0.036,0,"10","FAM83D"
"C9orf40",0,0.286736121150498,0.727,0.187,0,"10","C9orf40"
"KIF20A.1",0,0.285333719749428,0.553,0.018,0,"10","KIF20A"
"NRM",0,0.284833235599914,0.736,0.167,0,"10","NRM"
"PARP2",0,0.282723588792573,0.712,0.179,0,"10","PARP2"
"PAFAH1B3",0,0.274701391771728,0.857,0.423,0,"10","PAFAH1B3"
"CDCA4",0,0.274206813550824,0.681,0.096,0,"10","CDCA4"
"STIL",0,0.272123012108917,0.65,0.064,0,"10","STIL"
"BCL2L12.1",0,0.27211307140678,0.808,0.324,0,"10","BCL2L12"
"MCM8.1",0,0.271153506189355,0.634,0.081,0,"10","MCM8"
"OIP5",0,0.266357543791635,0.622,0.041,0,"10","OIP5"
"SKA1",0,0.26311831323135,0.605,0.026,0,"10","SKA1"
"GINS1",0,0.261805546680189,0.657,0.071,0,"10","GINS1"
"CENPS",0,0.258364007849593,0.622,0.066,0,"10","CENPS"
"TRIM59",0,0.255830178078004,0.618,0.073,0,"10","TRIM59"
"ESPL1",0,0.255318648095843,0.581,0.019,0,"10","ESPL1"
"CDC45.1",0,0.251351100864821,0.566,0.036,0,"10","CDC45"
"BRIP1",0,0.24579023118197,0.564,0.038,0,"10","BRIP1"
"NCAPH2",0,0.244693781142774,0.628,0.125,0,"10","NCAPH2"
"KIF18A.1",0,0.24216125211147,0.568,0.039,0,"10","KIF18A"
"KIF18B",0,0.236641587910572,0.569,0.016,0,"10","KIF18B"
"ACYP1",0,0.234520118069775,0.63,0.139,0,"10","ACYP1"
"CDC25C",0,0.231531108331714,0.537,0.015,0,"10","CDC25C"
"HIST1H2BN",0,0.229309672660476,0.517,0.035,0,"10","HIST1H2BN"
"E2F7",0,0.225525490311712,0.523,0.039,0,"10","E2F7"
"TRIP13",0,0.218041069121251,0.557,0.042,0,"10","TRIP13"
"POC1A",0,0.217764837125279,0.567,0.071,0,"10","POC1A"
"HIST1H2AH",0,0.217683525956543,0.473,0.009,0,"10","HIST1H2AH"
"PLK4",0,0.2167117331965,0.541,0.04,0,"10","PLK4"
"HIST1H2BH",0,0.209685865344182,0.501,0.019,0,"10","HIST1H2BH"
"NRGN",0,0.204521360080928,0.503,0.037,0,"10","NRGN"
"ARHGAP11B",0,0.202056644637912,0.502,0.031,0,"10","ARHGAP11B"
"PSAP.6",0,-0.400889597845461,0.999,1,0,"10","PSAP"
"TYROBP.2",0,-0.414823653119708,1,1,0,"10","TYROBP"
"ITM2B.3",0,-0.440869420914081,1,1,0,"10","ITM2B"
"FCER1G.2",0,-0.543690529698395,1,1,0,"10","FCER1G"
"CTSS.5",0,-0.576042368303777,0.995,0.997,0,"10","CTSS"
"LIPA.7",0,-0.761575004097266,0.932,0.956,0,"10","LIPA"
"FUCA1.7",0,-0.976355043373454,0.821,0.925,0,"10","FUCA1"
"EBP.4",1.48219693752374e-323,0.439835202384014,0.963,0.702,3.55682799097572e-319,"10","EBP"
"BAX",8.30030285013294e-322,0.333471996462978,0.999,0.988,1.9918236749464e-317,"10","BAX"
"TPI1.2",1.6398038785471e-320,0.393164597517236,0.999,0.996,3.93503736734947e-316,"10","TPI1"
"SLCO2B1.6",2.08149856592917e-320,-0.436921744553598,0.743,0.841,4.99497210866023e-316,"10","SLCO2B1"
"HAUS8",2.22541988856273e-319,0.236459473647871,0.673,0.161,5.34034010658398e-315,"10","HAUS8"
"ILF2.2",1.83545881495669e-318,0.343623260557001,0.977,0.771,4.40455051825157e-314,"10","ILF2"
"MTFR2",3.29875280087054e-318,0.221828645974271,0.56,0.06,7.91601709624904e-314,"10","MTFR2"
"MASTL",2.44676722668736e-317,0.24687017032764,0.624,0.089,5.87150731388165e-313,"10","MASTL"
"PLXDC2.3",4.11143436598264e-316,-0.343408478163729,0.986,0.99,9.86620904804854e-312,"10","PLXDC2"
"HMGA1.1",2.35243762962002e-315,0.429487031852019,0.999,0.935,5.64514457979915e-311,"10","HMGA1"
"ACTL6A",4.29442759552818e-315,0.285222627724217,0.832,0.363,1.0305337900989e-310,"10","ACTL6A"
"RBM8A.1",2.01614089562737e-313,0.298914292887519,0.993,0.917,4.83813330723701e-309,"10","RBM8A"
"MCM10.1",7.5091473742358e-312,0.218144737239216,0.518,0.032,1.80197009539536e-307,"10","MCM10"
"GM2A.7",9.95951074045276e-312,-0.575272255131527,0.918,0.946,2.38998379238645e-307,"10","GM2A"
"PARPBP.1",1.2519044245369e-310,0.266672815216611,0.677,0.13,3.00419504756119e-306,"10","PARPBP"
"FANCA.1",6.64983975489454e-310,0.260230624747,0.617,0.078,1.59576204598204e-305,"10","FANCA"
"RECQL4",2.08797130714438e-306,0.207056961923936,0.516,0.045,5.01050474575437e-302,"10","RECQL4"
"CHEK1.1",8.53736184963436e-306,0.272603600536505,0.668,0.084,2.04871072305676e-301,"10","CHEK1"
"GAPDH.3",1.27200157047041e-304,0.309642174718533,1,1,3.05242216865783e-300,"10","GAPDH"
"DSCC1.1",3.47037746652288e-304,0.204132797379367,0.502,0.032,8.32786480641497e-300,"10","DSCC1"
"PPDPF",9.37487324617576e-304,0.297479609779186,0.972,0.754,2.2496883328848e-299,"10","PPDPF"
"WDR76.1",6.05850183763184e-303,0.301869628729881,0.614,0.066,1.45385868597651e-298,"10","WDR76"
"ITGB1BP1.1",4.43908528074481e-302,0.284322212952085,0.892,0.567,1.06524729482033e-297,"10","ITGB1BP1"
"EMC9.1",9.37694320192013e-302,0.258826968430524,0.768,0.314,2.25018506016477e-297,"10","EMC9"
"ATP6V0E1.4",3.76630241497765e-301,-0.394227423020808,0.999,0.999,9.03799590522187e-297,"10","ATP6V0E1"
"COX20.1",7.98834354878263e-299,0.322865853125399,0.988,0.779,1.91696280140137e-294,"10","COX20"
"LRP1.3",6.34508445798508e-297,-0.331064098215633,0.526,0.726,1.52262991738268e-292,"10","LRP1"
"DERL3",6.78193213105131e-295,0.264605667983793,0.666,0.187,1.62746025348838e-290,"10","DERL3"
"XRCC6.1",6.33420209900576e-294,0.362652735988119,0.991,0.9,1.52001847769841e-289,"10","XRCC6"
"SLC2A4RG",4.59235461489028e-292,0.252935992772354,0.675,0.167,1.10202733693522e-287,"10","SLC2A4RG"
"ACOT7",4.53329134642563e-291,0.238670287836583,0.616,0.111,1.08785392440176e-286,"10","ACOT7"
"TMEM107",1.12827838923121e-290,0.271579938693747,0.829,0.371,2.70752965063813e-286,"10","TMEM107"
"CALM3.3",2.63999508826964e-289,0.404322011502152,0.997,0.925,6.33519621332065e-285,"10","CALM3"
"ACAT2.7",7.58706650586691e-289,0.564994527909179,0.93,0.585,1.82066834941288e-284,"10","ACAT2"
"RALY",2.13103874004203e-288,0.30024605187839,0.971,0.784,5.11385366447886e-284,"10","RALY"
"GINS2.1",2.42863949637327e-285,0.281149675891426,0.631,0.083,5.82800619944695e-281,"10","GINS2"
"FUS",4.1391342186671e-285,0.369205704722648,0.999,0.97,9.93268038453543e-281,"10","FUS"
"ATP1B1.7",4.3238283717782e-285,-0.503382114571131,0.454,0.678,1.03758909437561e-280,"10","ATP1B1"
"SMCHD1.1",1.82448116999094e-284,0.329852665146466,0.916,0.566,4.37820746362725e-280,"10","SMCHD1"
"ENG.4",9.67647744542088e-284,-0.360183495716892,0.989,0.987,2.32206429257765e-279,"10","ENG"
"CDC25B.1",2.4327744439317e-283,0.284690045881066,0.649,0.121,5.83792883310291e-279,"10","CDC25B"
"SLC25A1",1.75734919201499e-282,0.314217757701241,0.9,0.58,4.21711085607837e-278,"10","SLC25A1"
"TRIOBP.1",8.17061069247459e-282,0.29738043500647,0.864,0.455,1.96070144787313e-277,"10","TRIOBP"
"DSN1.1",9.08730968872066e-282,0.241429834608685,0.647,0.137,2.1806817060023e-277,"10","DSN1"
"SET.3",1.54441649445326e-281,0.42351610977363,0.999,0.981,3.70613626173949e-277,"10","SET"
"TIMM10.1",2.56605770454841e-281,0.311665184819738,0.988,0.841,6.15776867360481e-277,"10","TIMM10"
"CCND1.4",4.84858013049003e-280,-0.40888553475232,0.78,0.857,1.16351377391369e-275,"10","CCND1"
"YEATS4.1",1.17808300473382e-279,0.259731070655538,0.818,0.383,2.82704578645975e-275,"10","YEATS4"
"PA2G4.3",2.15017811887447e-279,0.416827775155426,0.993,0.887,5.15978243186307e-275,"10","PA2G4"
"SAMD1.1",1.93160151115109e-275,0.368118043738069,0.876,0.497,4.63526414630928e-271,"10","SAMD1"
"AKR7A2.3",1.55795836497104e-274,0.310043766753953,0.993,0.895,3.73863268842101e-270,"10","AKR7A2"
"TAGLN2.2",9.850146350021e-274,0.333602588637283,0.978,0.769,2.36373961961454e-269,"10","TAGLN2"
"CCDC167",1.39475416483135e-273,0.259830892321487,0.832,0.443,3.34699156934579e-269,"10","CCDC167"
"VDAC3.1",2.29355776027304e-273,0.318303733249742,0.974,0.794,5.50385055732723e-269,"10","VDAC3"
"TPST2.3",2.59179039786781e-272,-0.340097267275585,0.799,0.864,6.21951941776338e-268,"10","TPST2"
"SRP9.2",3.02219483475707e-272,0.291578921519958,0.991,0.9,7.25236094496655e-268,"10","SRP9"
"FTL.8",3.05261457698116e-270,-0.40641522891714,1,1,7.32535920038169e-266,"10","FTL"
"PIN1",1.19011323202719e-269,0.263815167888872,0.952,0.731,2.85591472289564e-265,"10","PIN1"
"JPT1.1",1.67924121333502e-269,0.375869400638378,0.999,0.984,4.02967513964004e-265,"10","JPT1"
"EEF1A1.1",3.21436932489003e-269,-0.246386363141746,1,1,7.7135220689386e-265,"10","EEF1A1"
"SNRPE.3",5.36137943445637e-269,0.327547061641224,0.991,0.886,1.2865702228865e-264,"10","SNRPE"
"HNRNPA1.3",7.63365886375763e-268,0.352810289583704,1,0.99,1.83184911753592e-263,"10","HNRNPA1"
"TRNAU1AP",1.02820261481296e-267,0.234184293783398,0.822,0.43,2.46737781476666e-263,"10","TRNAU1AP"
"TMEM97.4",4.26607767436337e-267,0.374973320357568,0.944,0.62,1.02373065951698e-262,"10","TMEM97"
"GEN1",4.52636337703481e-267,0.224844234280971,0.601,0.116,1.08619141958704e-262,"10","GEN1"
"GSTP1.3",4.12387790440033e-266,0.461294025803861,0.999,0.991,9.89606980718947e-262,"10","GSTP1"
"C1QA.8",1.91656733408962e-265,-0.43560636280569,0.998,1,4.59918663161486e-261,"10","C1QA"
"SAP30",2.85044769302974e-264,0.306216596651529,0.922,0.577,6.84021932896346e-260,"10","SAP30"
"PRNP.2",3.04795203224524e-264,-0.290558591782474,0.392,0.632,7.31417049177891e-260,"10","PRNP"
"HLTF",8.35263409811399e-262,0.280330322746607,0.811,0.381,2.00438160452441e-257,"10","HLTF"
"DTL.1",1.75579891537725e-261,0.221041804744776,0.521,0.045,4.2133906572308e-257,"10","DTL"
"TPGS2",6.18618119020386e-261,0.28486951458433,0.947,0.654,1.48449790021322e-256,"10","TPGS2"
"BRI3BP.2",2.60027111426394e-260,0.356017830220666,0.982,0.817,6.23987059289918e-256,"10","BRI3BP"
"RBL1.1",5.91174538543001e-259,0.23726914644493,0.611,0.122,1.41864154014164e-254,"10","RBL1"
"PGP.1",6.10421006823069e-259,0.358292248383754,0.974,0.802,1.46482729007332e-254,"10","PGP"
"PTGES3.2",2.96224902902847e-258,0.359200241043621,0.998,0.953,7.10850899495962e-254,"10","PTGES3"
"SRSF7.3",7.20009830599405e-258,0.376785168868713,0.99,0.88,1.72780759048939e-253,"10","SRSF7"
"HLA-DMB.2",1.74054577335011e-257,-0.410151735356053,0.99,0.994,4.17678769230825e-253,"10","HLA-DMB"
"NACA",2.92583947637353e-257,-0.327801218212094,1,1,7.02113699145356e-253,"10","NACA"
"RFWD3",4.13306190218868e-257,0.244523294822819,0.702,0.227,9.91810864668217e-253,"10","RFWD3"
"NDC1",5.70957802651687e-257,0.220490019392524,0.641,0.154,1.37012743902325e-252,"10","NDC1"
"DONSON",8.77855075892696e-257,0.2120203706386,0.562,0.1,2.1065888256197e-252,"10","DONSON"
"KNTC1",1.2483364125875e-256,0.208537610526668,0.557,0.09,2.99563288928623e-252,"10","KNTC1"
"LBR.1",3.55930683814819e-256,0.343209028668554,0.98,0.8,8.5412686195042e-252,"10","LBR"
"MIS18A",1.5806721856591e-255,0.235085944337651,0.688,0.201,3.79313904392615e-251,"10","MIS18A"
"XPO1.2",2.70892301372082e-255,0.34118009944936,0.972,0.747,6.50060255602585e-251,"10","XPO1"
"NME4.1",1.25541158064017e-254,0.338507657631056,0.87,0.542,3.01261117006223e-250,"10","NME4"
"COMMD4",2.52001691648181e-253,0.289246779481782,0.983,0.812,6.0472845944814e-249,"10","COMMD4"
"COX17",4.95269717946931e-253,0.307550946286656,0.996,0.968,1.18849874215725e-248,"10","COX17"
"ZWILCH",7.17153615073254e-252,0.220513660304154,0.622,0.132,1.72095353009129e-247,"10","ZWILCH"
"FSCN1.4",1.07135806097089e-248,-0.283797796164774,0.377,0.55,2.57093793891183e-244,"10","FSCN1"
"FCGRT.6",1.30514663356294e-248,-0.307448502837548,1,1,3.13196037656099e-244,"10","FCGRT"
"POLE4.1",8.11936580689093e-248,0.298156287909666,0.959,0.752,1.94840421267962e-243,"10","POLE4"
"PILRA.7",7.94494056678788e-247,-0.53862274590534,0.705,0.884,1.90654738781209e-242,"10","PILRA"
"COQ2",1.11819354928271e-246,0.256594205579835,0.857,0.487,2.68332906021373e-242,"10","COQ2"
"FAM129A.3",1.36894016184051e-246,0.252825594252575,0.775,0.323,3.28504570636868e-242,"10","FAM129A"
"SERPINB6.5",2.87420835525303e-246,-0.289661872198602,0.838,0.861,6.89723779010069e-242,"10","SERPINB6"
"MGME1",5.79477266931036e-245,0.240900149009895,0.836,0.431,1.39057159745441e-240,"10","MGME1"
"DAB2.6",5.6761323542425e-243,-0.386250264735757,0.919,0.934,1.36210148104757e-238,"10","DAB2"
"E2F2.1",1.56575500417383e-242,0.200674649203666,0.422,0.023,3.75734228351595e-238,"10","E2F2"
"NFATC2IP",1.13588247354454e-241,0.28981970939209,0.911,0.565,2.72577717176483e-237,"10","NFATC2IP"
"HADH",1.81490209701333e-241,0.252703198533693,0.84,0.441,4.35522056220289e-237,"10","HADH"
"SLAMF8.5",2.21478132405869e-239,-0.26658847125566,0.247,0.484,5.31481074334365e-235,"10","SLAMF8"
"POLA1",1.63040449659938e-237,0.205480899501452,0.539,0.097,3.91248167048954e-233,"10","POLA1"
"ENHO.1",9.20761736702509e-237,0.292553386832108,0.604,0.178,2.20955193956501e-232,"10","ENHO"
"ILF3",1.14866066545459e-236,0.300307963507846,0.942,0.69,2.75644099889138e-232,"10","ILF3"
"PSMD2.1",3.78275533422283e-235,0.303132661536643,0.974,0.812,9.07747797553452e-231,"10","PSMD2"
"VPS29",1.08303203400004e-234,0.276221548854775,0.999,0.968,2.5989519719899e-230,"10","VPS29"
"SASS6",1.83166843018027e-234,0.217258707690801,0.634,0.147,4.39545473190359e-230,"10","SASS6"
"ATP6V1F.6",4.49791041795938e-233,-0.383773093568058,0.999,0.999,1.07936356299771e-228,"10","ATP6V1F"
"NRP1.6",2.21332523032358e-232,-0.33008273762603,0.531,0.659,5.31131655520749e-228,"10","NRP1"
"PYGL.5",2.85567192680102e-232,-0.271596530082973,0.37,0.525,6.85275592274441e-228,"10","PYGL"
"HNRNPM.2",7.59734853850893e-231,0.295886393061382,0.989,0.89,1.82313572878599e-226,"10","HNRNPM"
"C3AR1.4",6.22316373931129e-229,-0.363611152741196,0.92,0.951,1.49337260252253e-224,"10","C3AR1"
"POLA2.1",5.95960053409716e-228,0.214885999380193,0.624,0.151,1.4301253401673e-223,"10","POLA2"
"B3GNT5.1",1.05053423922396e-227,0.280027755455856,0.924,0.655,2.52096701386573e-223,"10","B3GNT5"
"MCUB",2.33526623837671e-224,0.255742559794076,0.853,0.494,5.60393839223258e-220,"10","MCUB"
"FAM20C.4",1.32178410802863e-223,-0.32785614201645,0.575,0.73,3.17188532403629e-219,"10","FAM20C"
"SAPCD2.1",2.64251191986234e-223,0.280973696291967,0.689,0.188,6.34123585409367e-219,"10","SAPCD2"
"TMEM160.2",3.2266525620725e-223,0.287123076921218,0.993,0.885,7.74299815320539e-219,"10","TMEM160"
"CCDC14",4.91508453387073e-223,0.269090065743166,0.772,0.314,1.17947283559296e-218,"10","CCDC14"
"MXD4.2",1.05840333832849e-222,-0.342983684556068,0.701,0.861,2.53985049098687e-218,"10","MXD4"
"GPR34.5",7.13589775346346e-222,-0.423993313185758,0.887,0.913,1.71240138389863e-217,"10","GPR34"
"RHNO1",7.79831372660494e-222,0.226809738050355,0.752,0.296,1.87136134497339e-217,"10","RHNO1"
"CENPC",2.23029462264741e-221,0.242422278146984,0.767,0.33,5.352038005967e-217,"10","CENPC"
"UBE2I.1",2.967949114488e-221,0.268756314394002,0.99,0.913,7.12218749003686e-217,"10","UBE2I"
"SNRPA1.2",3.3536915285773e-221,0.284055700236074,0.875,0.504,8.04785356112694e-217,"10","SNRPA1"
"PFDN5.1",7.7347281859288e-221,-0.29072299783034,1,1,1.85610272277733e-216,"10","PFDN5"
"GLMP.6",4.38230011802312e-220,-0.28089435681088,0.413,0.601,1.05162055932201e-215,"10","GLMP"
"EEF2",2.1532851786239e-219,-0.265886419545209,0.998,0.998,5.16723844314378e-215,"10","EEF2"
"CD163.7",2.94358671268901e-219,-0.350985955913781,0.466,0.565,7.06372503443981e-215,"10","CD163"
"SRRT",2.25489943322701e-218,0.256225508879173,0.799,0.378,5.41108216991487e-214,"10","SRRT"
"ASAH1.8",3.14926878689371e-218,-0.700005153070331,0.952,0.957,7.55730030790884e-214,"10","ASAH1"
"HNRNPH3.1",6.22877451401772e-216,0.284654841415947,0.949,0.733,1.49471902012883e-211,"10","HNRNPH3"
"FIGNL1.1",7.35795412973274e-216,0.220058491483801,0.616,0.143,1.76568825251197e-211,"10","FIGNL1"
"A2M.6",3.81895210040519e-215,-0.396727863096504,0.995,0.991,9.16433935534233e-211,"10","A2M"
"BRI3.6",4.77396876720338e-214,-0.358434844467356,1,0.999,1.1456092850658e-209,"10","BRI3"
"EXOSC9.1",3.02322678552563e-213,0.225821127057838,0.731,0.302,7.25483731722585e-209,"10","EXOSC9"
"HSD17B14.6",3.56678284229333e-213,-0.335748230029159,0.363,0.62,8.55920878665132e-209,"10","HSD17B14"
"MCRIP2.1",4.69467879875734e-213,-0.219047639009389,0.376,0.577,1.1265820713378e-208,"10","MCRIP2"
"RNASEH2C",5.79351239526349e-213,0.271430277655079,0.982,0.857,1.39026916949138e-208,"10","RNASEH2C"
"COPS3.1",2.72157813460268e-212,0.263406839725409,0.957,0.737,6.53097104960606e-208,"10","COPS3"
"TMEM258",4.35985717164235e-212,0.252917101005412,0.999,0.982,1.04623492547901e-207,"10","TMEM258"
"RUNX3.4",7.36786008491097e-212,0.351388815048072,0.996,0.962,1.76806538457609e-207,"10","RUNX3"
"MAGOHB",7.65666526754638e-211,0.21710885908567,0.772,0.347,1.8373699642531e-206,"10","MAGOHB"
"JADE1",4.2140400862121e-210,0.21218452923776,0.622,0.152,1.01124319948832e-205,"10","JADE1"
"RANGAP1.1",1.90520350251676e-209,0.252561628689974,0.762,0.317,4.57191684498948e-205,"10","RANGAP1"
"SLC7A8.3",2.17772138152197e-209,-0.227407282733021,0.204,0.425,5.22587799923828e-205,"10","SLC7A8"
"PCNT.1",3.93086215097816e-209,0.25605413522817,0.765,0.338,9.43288990370228e-205,"10","PCNT"
"GRINA.1",1.89019406005027e-207,-0.320738409894234,0.675,0.803,4.53589868590264e-203,"10","GRINA"
"NUP155",2.59970426178983e-207,0.207479585673102,0.665,0.217,6.23851031701706e-203,"10","NUP155"
"SNRPF.2",2.04526657987167e-206,0.26093333149558,0.985,0.857,4.90802621171806e-202,"10","SNRPF"
"YBX1.1",2.18151679247393e-206,0.323367287755153,1,1,5.2349858468997e-202,"10","YBX1"
"CREG1.6",8.9969428770558e-205,-0.377018911126745,0.876,0.88,2.15899638220708e-200,"10","CREG1"
"FAM122B",4.92276533944961e-204,0.20340730153633,0.734,0.312,1.18131599850772e-199,"10","FAM122B"
"CACYBP.1",8.58722758882772e-204,0.30661224961868,0.986,0.872,2.06067700449099e-199,"10","CACYBP"
"HNRNPDL.2",1.44185242995137e-203,0.309539576746587,0.996,0.932,3.4600132761543e-199,"10","HNRNPDL"
"ENY2.1",6.31317936880941e-203,0.256932561268103,0.998,0.979,1.51497365313319e-198,"10","ENY2"
"HSP90AA1.2",8.39258871184658e-201,0.518832220906907,0.999,0.998,2.01396951318182e-196,"10","HSP90AA1"
"HNRNPH1.1",2.03867030262247e-200,0.293183159771956,0.985,0.879,4.89219712520314e-196,"10","HNRNPH1"
"TLR2.3",8.53811332808743e-200,-0.278919532991219,0.674,0.761,2.04889105534114e-195,"10","TLR2"
"MAF.6",2.64282644844304e-199,-0.346189311426518,0.942,0.957,6.34199062832877e-195,"10","MAF"
"CMKLR1.5",2.53797211657721e-198,-0.28442782898214,0.772,0.83,6.09037168815033e-194,"10","CMKLR1"
"SAT2",2.38276822106315e-197,-0.30822620474741,0.779,0.858,5.71792890008524e-193,"10","SAT2"
"NUDT21",3.0212709589559e-197,0.219102666470449,0.851,0.513,7.25014392020647e-193,"10","NUDT21"
"SLC22A18",4.38848729883141e-196,-0.215203447430582,0.303,0.526,1.05310529710057e-191,"10","SLC22A18"
"MBD2",1.48776335853597e-195,0.238688485396646,0.947,0.71,3.57018573147877e-191,"10","MBD2"
"PGAM1.1",2.51846759627487e-195,0.338223783048274,0.996,0.938,6.0435666907808e-191,"10","PGAM1"
"NUCB2",8.04469040727278e-195,0.216017641166008,0.548,0.141,1.93048435703325e-190,"10","NUCB2"
"PMF1",2.15976465699314e-194,0.209800006001256,0.923,0.638,5.18278724738645e-190,"10","PMF1"
"FCMR.1",4.00291223524747e-194,-0.236650679761145,0.285,0.504,9.60578849092335e-190,"10","FCMR"
"PNRC2",1.5682302325646e-193,0.252973161773881,0.939,0.69,3.76328208908528e-189,"10","PNRC2"
"FERMT3.3",2.3364559744637e-193,-0.281253642767175,0.856,0.899,5.60679340192055e-189,"10","FERMT3"
"MRC1.5",4.94480912897554e-193,-0.265890273294231,0.145,0.345,1.18660584668026e-188,"10","MRC1"
"RAB8A",7.27671064190252e-192,0.251475739772005,0.942,0.739,1.74619225273735e-187,"10","RAB8A"
"CHAF1A.1",1.28564256962592e-191,0.24845828029398,0.696,0.212,3.08515647433131e-187,"10","CHAF1A"
"FXYD5.4",2.98050962003864e-191,0.225177258680627,0.993,0.93,7.15232893520672e-187,"10","FXYD5"
"VSIG4.7",7.42493265829699e-190,-0.506609430362211,0.332,0.466,1.78176109001153e-185,"10","VSIG4"
"SUB1.4",1.08097712522314e-189,0.211964147571975,1,0.997,2.59402080739797e-185,"10","SUB1"
"CD63.7",2.98272566819034e-188,-0.365030211171806,0.999,1,7.15764678595636e-184,"10","CD63"
"SMARCB1",6.30061834409747e-188,0.216210820536312,0.902,0.613,1.51195938403307e-183,"10","SMARCB1"
"MEA1",3.81483345652148e-187,0.23627544312857,0.941,0.683,9.15445584561459e-183,"10","MEA1"
"ATF5",4.41705486162233e-186,-0.255321726953812,0.471,0.629,1.05996065514351e-181,"10","ATF5"
"COPRS",7.47247676693223e-186,0.231329298414181,0.922,0.661,1.79317024976073e-181,"10","COPRS"
"TRA2B.1",1.31245540507496e-185,0.254768449378853,0.953,0.706,3.14949923555839e-181,"10","TRA2B"
"RPS27L.2",5.02000940711565e-185,0.276491637912209,0.999,0.988,1.20465165742554e-180,"10","RPS27L"
"CTSL.7",5.55477406954355e-185,-0.590578756298597,0.627,0.705,1.33297913346837e-180,"10","CTSL"
"CDC6.1",5.85778034656757e-185,0.207132357835364,0.48,0.054,1.40569154976582e-180,"10","CDC6"
"MRPL27",3.9539278850544e-184,0.238686962836694,0.958,0.786,9.48824074576505e-180,"10","MRPL27"
"ZFAS1",2.12574813847189e-183,-0.344733554967224,1,0.996,5.101157807891e-179,"10","ZFAS1"
"SMC6",2.27509528396407e-183,0.216272706601066,0.663,0.218,5.45954615292857e-179,"10","SMC6"
"PSMA4.1",5.49171143132518e-183,0.248613318740552,0.991,0.9,1.3178459921751e-178,"10","PSMA4"
"SF3B2",5.57153173888335e-183,0.265230957665299,0.971,0.801,1.33700047137984e-178,"10","SF3B2"
"BRD7",1.32860518144846e-182,0.23444442683734,0.907,0.617,3.18825385392187e-178,"10","BRD7"
"DNAJC8.1",2.93874397891328e-182,0.241875706028176,0.994,0.937,7.05210392619821e-178,"10","DNAJC8"
"PPM1G.3",1.55832032858735e-181,0.325090596486009,0.99,0.878,3.73950129251106e-177,"10","PPM1G"
"RBBP4.1",1.8765349720372e-181,0.273953050151589,0.964,0.813,4.50312097239766e-177,"10","RBBP4"
"IFI16",2.11107672273028e-181,0.320160680467894,0.992,0.941,5.06595081153586e-177,"10","IFI16"
"C5AR1.4",4.99303116007132e-181,-0.308720406723105,0.309,0.53,1.19817768748231e-176,"10","C5AR1"
"SH3PXD2A.3",1.68073160732706e-180,-0.201617286337808,0.329,0.497,4.03325163810275e-176,"10","SH3PXD2A"
"CFL1.3",8.98815045167262e-180,0.204556481404246,1,1,2.15688646388788e-175,"10","CFL1"
"PPP1CA.1",1.90023308441618e-179,0.27466513045721,0.999,0.976,4.55998933267351e-175,"10","PPP1CA"
"HMGN5.1",1.37983481179968e-177,0.215050924846228,0.761,0.39,3.31118959787568e-173,"10","HMGN5"
"MTHFD1.1",5.18320376964402e-177,0.221058432521991,0.642,0.227,1.24381340860148e-172,"10","MTHFD1"
"KPNB1.2",6.30976743285917e-177,0.375682154302611,0.993,0.908,1.51415489086322e-172,"10","KPNB1"
"TREM2.8",1.73625805793244e-176,-0.465090429194241,0.878,0.865,4.16649846162048e-172,"10","TREM2"
"FTH1.8",2.48610482748048e-176,-0.67017569384132,1,1,5.96590575450492e-172,"10","FTH1"
"HMGXB4",2.645488734359e-175,0.223398917517111,0.845,0.495,6.34837931584129e-171,"10","HMGXB4"
"RABAC1",6.61907879007057e-175,-0.34359477726857,0.933,0.962,1.58838033725323e-170,"10","RABAC1"
"TGFBR1.7",1.12725459642291e-173,-0.354697316345265,0.929,0.932,2.70507285503606e-169,"10","TGFBR1"
"GNS.4",1.20500272150751e-173,-0.266991885499291,0.605,0.696,2.89164503080156e-169,"10","GNS"
"PDS5B",3.42926921404999e-173,0.239135100508198,0.865,0.512,8.22921733295576e-169,"10","PDS5B"
"CBFB",8.30665098548794e-173,0.221815519220514,0.876,0.562,1.99334703698754e-168,"10","CBFB"
"MRPL11.1",1.21939601777691e-172,0.229704289124322,0.933,0.698,2.92618462385925e-168,"10","MRPL11"
"HTATSF1",1.41054182308248e-172,0.21913798203452,0.816,0.459,3.38487721285103e-168,"10","HTATSF1"
"RPS13.1",3.04234634799203e-172,-0.223875855508519,1,1,7.30071853127647e-168,"10","RPS13"
"SLC7A7.2",3.13587366896998e-172,-0.240635770689333,0.863,0.865,7.52515604342726e-168,"10","SLC7A7"
"RFC2.1",5.14706682006936e-172,0.27062398529744,0.829,0.46,1.23514162481204e-167,"10","RFC2"
"RPA1.1",7.48501651151087e-172,0.250549088274219,0.873,0.516,1.79617941226726e-167,"10","RPA1"
"HNRNPF.1",3.40772342329065e-171,0.284937143751234,0.996,0.972,8.17751389887057e-167,"10","HNRNPF"
"LACC1.4",5.44845654925593e-171,-0.263595422453249,0.973,0.971,1.30746611812495e-166,"10","LACC1"
"MTUS1.5",1.05212848510645e-170,-0.286695216571045,0.784,0.792,2.52479272570994e-166,"10","MTUS1"
"BAZ1B.1",4.43738587116505e-170,0.291190955819615,0.922,0.646,1.06483948750348e-165,"10","BAZ1B"
"CKLF.5",6.14840581627899e-170,0.296279900569972,1,0.991,1.47543294373247e-165,"10","CKLF"
"IDH1.4",9.12944564955171e-170,-0.243653135979043,0.802,0.807,2.19079307252292e-165,"10","IDH1"
"GPAA1",1.44935770578283e-169,0.237266365730311,0.937,0.731,3.47802368656705e-165,"10","GPAA1"
"ARL6IP1.4",2.24798813435269e-169,0.389988574567936,0.99,0.889,5.39449712600615e-165,"10","ARL6IP1"
"NABP1.3",2.50057673153777e-168,-0.293953243979545,0.581,0.715,6.00063398267118e-164,"10","NABP1"
"TCP1",4.35060754644658e-168,0.246061815743564,0.938,0.689,1.04401529292079e-163,"10","TCP1"
"TMEM14B",5.86270924242618e-168,0.245590900187978,0.999,0.967,1.40687433690501e-163,"10","TMEM14B"
"DOCK4.4",6.61844485048925e-168,-0.264665221252113,0.846,0.879,1.5882282107719e-163,"10","DOCK4"
"BHLHE41.5",2.01574040553914e-167,0.240757767532563,0.846,0.592,4.83717225117226e-163,"10","BHLHE41"
"BST2.4",2.30805999909396e-167,-0.295157434047384,0.963,0.965,5.53865157982577e-163,"10","BST2"
"SEPT7.1",2.67697814210277e-167,0.234025085188809,0.996,0.977,6.42394444760402e-163,"10","SEPT7"
"IRF2BP2.1",3.21994952596894e-166,0.250176538390945,0.943,0.79,7.72691287746767e-162,"10","IRF2BP2"
"MIF.3",3.56782184422992e-166,0.282071463389356,0.962,0.8,8.56170207959854e-162,"10","MIF"
"HINT2",4.71148830228846e-166,0.204094517521192,0.928,0.697,1.13061584790016e-161,"10","HINT2"
"ATP6V1G1.4",6.75239033205211e-166,-0.26250005961928,0.999,0.998,1.62037110798254e-161,"10","ATP6V1G1"
"C1QC.4",1.08653243952622e-165,-0.23273295153958,1,1,2.60735189513107e-161,"10","C1QC"
"GAPLINC.6",1.80912083687625e-165,-0.294588019428225,0.248,0.428,4.34134727225194e-161,"10","GAPLINC"
"LAMP1.5",2.07425678636171e-165,-0.296613488116586,0.766,0.797,4.97759401023219e-161,"10","LAMP1"
"UQCC3",4.03937067917071e-165,0.206538236368243,0.862,0.538,9.69327781880596e-161,"10","UQCC3"
"SNHG8.1",5.40404873754187e-165,-0.342717748080211,0.953,0.959,1.29680957554792e-160,"10","SNHG8"
"CENPP",1.12031198056718e-164,0.202186464962288,0.697,0.262,2.68841265976705e-160,"10","CENPP"
"RBX1",4.50538950158217e-164,0.209475333288095,0.999,0.994,1.08115831869467e-159,"10","RBX1"
"NCOA4.5",4.81161822207563e-163,-0.317251377980384,0.928,0.939,1.15464402475149e-158,"10","NCOA4"
"SAT1.7",6.98391477735452e-163,-0.430701082356011,1,1,1.67593002912177e-158,"10","SAT1"
"PCBP1",2.69750531113808e-162,0.259441239315658,0.999,0.988,6.47320349513806e-158,"10","PCBP1"
"CAPZB",6.78294195553675e-162,-0.236948048274652,0.996,0.994,1.62770258107015e-157,"10","CAPZB"
"TRIM28",7.53590984568135e-162,0.250950191786322,0.954,0.738,1.80839228566815e-157,"10","TRIM28"
"H2AFY",1.9902527387017e-161,0.233743590620815,0.999,0.994,4.77600949706247e-157,"10","H2AFY"
"GRN.6",1.63857889008526e-160,-0.253899475875902,0.998,0.999,3.9320977625376e-156,"10","GRN"
"STK17A.4",4.2889295091271e-160,0.203465911585537,0.959,0.794,1.02921441430523e-155,"10","STK17A"
"DHCR24.4",9.00903007267227e-160,0.333647422084325,0.866,0.501,2.16189694653916e-155,"10","DHCR24"
"GPR84.5",1.74471262070774e-159,-0.392329236503332,0.771,0.827,4.18678687591237e-155,"10","GPR84"
"EIF4B",2.11296173358557e-159,-0.244326378267462,0.974,0.974,5.07047427208528e-155,"10","EIF4B"
"LY96.7",3.21480961149837e-159,-0.370627770613643,0.638,0.747,7.71457862471264e-155,"10","LY96"
"CTSB.8",3.43255764531936e-159,-0.504615135400944,0.984,0.977,8.23710858147288e-155,"10","CTSB"
"CD1C.7",1.22264309973262e-157,0.20484948279484,0.883,0.606,2.93397664642837e-153,"10","CD1C"
"NPL.7",2.24427754212005e-157,-0.315204566665835,0.542,0.639,5.38559281782548e-153,"10","NPL"
"DHX9",3.47830928467362e-157,0.241861987920914,0.918,0.662,8.34689879043129e-153,"10","DHX9"
"MSH2.1",5.17341856228801e-157,0.2089569168958,0.619,0.17,1.24146525239225e-152,"10","MSH2"
"CHCHD2.2",7.5039499950461e-157,0.354420163157517,0.987,0.97,1.80072288031121e-152,"10","CHCHD2"
"DCTN3.1",1.15397540836108e-156,0.205108926589602,0.955,0.792,2.76919478744407e-152,"10","DCTN3"
"KMT5A.1",1.48981378133622e-156,0.214181728317056,0.746,0.368,3.57510613107252e-152,"10","KMT5A"
"NETO2.1",3.5686287059339e-156,0.240471311659543,0.651,0.241,8.56363830562959e-152,"10","NETO2"
"THRAP3",1.79981377474828e-155,0.275578911398671,0.974,0.836,4.31901311526345e-151,"10","THRAP3"
"EIF4A3",3.5553154160918e-155,0.206928736079207,0.917,0.66,8.53169040399549e-151,"10","EIF4A3"
"CD36.5",1.02491078845553e-154,-0.379606326914059,0.857,0.888,2.45947841905674e-150,"10","CD36"
"RABL6",1.19798527238371e-154,0.238955120891199,0.923,0.665,2.8748052581392e-150,"10","RABL6"
"COA1",1.29427455289174e-154,0.201781704634573,0.929,0.681,3.10587064457431e-150,"10","COA1"
"TMEM109",1.55930908258733e-154,0.225097376006592,0.786,0.41,3.74187400548482e-150,"10","TMEM109"
"LSM8",3.99044356554554e-154,0.21866025965078,0.992,0.907,9.57586742423964e-150,"10","LSM8"
"GMPS.1",1.08008945636144e-153,0.238211214519897,0.824,0.444,2.59189066843054e-149,"10","GMPS"
"MCM3.1",2.46434288443102e-153,0.387401119087346,0.789,0.316,5.91368361976912e-149,"10","MCM3"
"UBA2.1",8.43774115077023e-153,0.227190176080304,0.894,0.615,2.02480474395033e-148,"10","UBA2"
"TIMP2.7",1.75128844578138e-152,-0.31057797594277,0.961,0.956,4.20256688334159e-148,"10","TIMP2"
"IGFBP4.5",1.02621849090711e-151,-0.20131757572025,0.235,0.379,2.46261651262978e-147,"10","IGFBP4"
"CTSD.8",1.25438585419026e-151,-0.579285174429046,0.99,0.99,3.01014973430036e-147,"10","CTSD"
"CLN8.2",2.57886042017836e-151,-0.20883781315103,0.299,0.484,6.18849135030202e-147,"10","CLN8"
"PSMC5",9.42682057110189e-151,0.238374611787001,0.98,0.877,2.26215413244732e-146,"10","PSMC5"
"ENSA.1",1.01359917408074e-149,0.206212158554353,0.982,0.886,2.43233393804155e-145,"10","ENSA"
"LPAR6.1",1.29319813442219e-149,-0.37593902290761,0.892,0.942,3.10328756317293e-145,"10","LPAR6"
"CTSA.7",1.49786252091053e-149,-0.33189350150909,0.864,0.854,3.59442069142901e-145,"10","CTSA"
"HEXA.6",2.65158163300968e-149,-0.283805807079221,0.962,0.959,6.36300044473334e-145,"10","HEXA"
"GAS7.3",4.73075988737058e-149,-0.205939190591632,0.592,0.63,1.13524045017232e-144,"10","GAS7"
"RPL12",6.94076277375253e-149,-0.203783810168111,1,1,1.66557484281739e-144,"10","RPL12"
"EIF3E",1.72558096565174e-148,-0.289303783166831,0.996,0.991,4.14087664327449e-144,"10","EIF3E"
"SQSTM1.7",6.00095476320276e-148,-0.414697661208836,0.782,0.865,1.44004911452577e-143,"10","SQSTM1"
"ENO1.3",1.18281803445433e-147,0.348123523281437,0.999,0.994,2.83840843728006e-143,"10","ENO1"
"HM13.3",4.04836537898852e-147,-0.296001457410563,0.971,0.975,9.71486239995875e-143,"10","HM13"
"KIF2A",1.28254554029815e-145,0.212880056640364,0.838,0.495,3.07772453305348e-141,"10","KIF2A"
"SRRM1.1",1.47472892113252e-145,0.25616634317119,0.991,0.935,3.53890699204172e-141,"10","SRRM1"
"LMO2",2.28491718347026e-145,-0.223873048527035,0.641,0.75,5.48311576517358e-141,"10","LMO2"
"NONO",6.41728057255595e-145,0.261589844052203,0.977,0.861,1.53995481899625e-140,"10","NONO"
"MRPL18.1",1.60829689409298e-144,0.226681220144696,0.942,0.748,3.85943005675493e-140,"10","MRPL18"
"DCP2.1",3.88174506798435e-144,0.216200815983719,0.96,0.799,9.31502363964204e-140,"10","DCP2"
"PABPC1",9.86210594198781e-144,-0.215948424346814,1,1,2.36660956289882e-139,"10","PABPC1"
"RFC1.1",2.32644682023087e-143,0.232113972246686,0.847,0.542,5.58277443450801e-139,"10","RFC1"
"TAF15",4.13127959367373e-143,0.233088193620644,0.893,0.592,9.91383164093885e-139,"10","TAF15"
"STAB1.7",4.51979721192179e-142,-0.387742632579439,0.853,0.868,1.08461573694487e-137,"10","STAB1"
"CCNE2.1",5.34500957413786e-142,0.221495352307087,0.397,0.045,1.28264194750586e-137,"10","CCNE2"
"FCGR1A.6",2.84764248036094e-141,-0.259984346923931,0.706,0.727,6.83348766012215e-137,"10","FCGR1A"
"CCDC85B.3",4.05611727945295e-141,-0.267217324310657,0.918,0.911,9.73346463550323e-137,"10","CCDC85B"
"SERPINF1.5",9.20198340038807e-141,-0.289800293020274,0.937,0.937,2.20819995659113e-136,"10","SERPINF1"
"FKBP3",1.33493535630426e-140,0.219287403519896,0.931,0.711,3.20344437452334e-136,"10","FKBP3"
"HDAC2.1",1.79705267045309e-140,0.228356825152347,0.937,0.713,4.31238729328627e-136,"10","HDAC2"
"SLC11A1.6",7.69989286239798e-140,-0.247614769543929,0.337,0.478,1.84774329018964e-135,"10","SLC11A1"
"RNF13.5",2.25512601949063e-139,-0.306371593472584,0.788,0.836,5.41162590897165e-135,"10","RNF13"
"MMS22L.1",4.64220863804139e-138,0.210757212806707,0.62,0.182,1.11399080687079e-133,"10","MMS22L"
"MTRNR2L1.7",5.88334967675517e-138,-0.522613025186162,0.925,0.957,1.41182742193094e-133,"10","MTRNR2L1"
"NUMA1",7.19897302307146e-138,0.226612078015608,0.846,0.527,1.72753755634646e-133,"10","NUMA1"
"KCTD12.3",1.0809290378566e-137,-0.206205160350313,0.996,0.991,2.59390541214447e-133,"10","KCTD12"
"C20orf27.2",7.87859494686096e-137,-0.201144939706854,0.783,0.804,1.89062642939823e-132,"10","C20orf27"
"MTRNR2L12.6",1.23454156062003e-136,-0.333811788792919,0.997,0.997,2.96252938301989e-132,"10","MTRNR2L12"
"C4orf48.2",1.72304579606665e-136,-0.295487603032391,0.971,0.97,4.13479299682113e-132,"10","C4orf48"
"IGF1.7",1.54598486238841e-135,-0.345574769455317,0.517,0.583,3.70989987427346e-131,"10","IGF1"
"PTPRE.3",2.31653880411733e-135,-0.328106759485955,0.781,0.84,5.55899816824035e-131,"10","PTPRE"
"BTF3",3.36971245303892e-135,-0.274403980337149,1,0.999,8.08629897355749e-131,"10","BTF3"
"PLD3.6",8.17659022814159e-135,-0.28401265944049,0.971,0.952,1.96213635704714e-130,"10","PLD3"
"MTRNR2L8.7",4.90164595279539e-134,-0.340088772452982,0.99,0.988,1.17624797929231e-129,"10","MTRNR2L8"
"RPA2.1",9.28060770773884e-134,0.20097455191176,0.867,0.558,2.22706743162609e-129,"10","RPA2"
"M6PR.4",1.00075138565853e-133,-0.225119349903592,0.991,0.982,2.40150310016477e-129,"10","M6PR"
"ARPP19",1.13447394249661e-133,0.201462477983237,0.965,0.806,2.72239711980912e-129,"10","ARPP19"
"PSMB2",1.93104409154926e-133,0.204577208966178,0.991,0.92,4.63392650649075e-129,"10","PSMB2"
"PSME2.5",3.09922022565267e-133,0.258676438335024,0.982,0.875,7.43719877549871e-129,"10","PSME2"
"SGPL1.3",4.47795371925929e-133,-0.201063655754903,0.455,0.529,1.07457455401065e-128,"10","SGPL1"
"GNB2.1",3.33986396849526e-132,0.242917509233532,0.988,0.881,8.01467156519808e-128,"10","GNB2"
"PRDX2.1",1.86499847363687e-131,0.263614201643175,0.993,0.963,4.47543683718638e-127,"10","PRDX2"
"SDCBP.5",3.32977682260021e-131,-0.350153896814991,0.992,0.981,7.99046544119373e-127,"10","SDCBP"
"TRIR",4.47493806568262e-130,0.207206152804102,0.999,0.983,1.07385088762186e-125,"10","TRIR"
"CORO1B",8.86639387288943e-129,-0.266504438435346,0.97,0.971,2.12766853767728e-124,"10","CORO1B"
"GUSB",2.13343476672425e-128,0.205057518766102,0.854,0.592,5.11960340970818e-124,"10","GUSB"
"TGFBR2.3",1.04120500107623e-127,-0.23204601304369,0.773,0.788,2.49857964108262e-123,"10","TGFBR2"
"NAP1L4.1",1.05837927740771e-127,0.210196268148896,0.905,0.635,2.53979275199527e-123,"10","NAP1L4"
"NAIP",1.31345345243936e-127,-0.216311638434526,0.851,0.853,3.15189424981874e-123,"10","NAIP"
"RNASET2.5",3.18242715124682e-127,-0.274813284575849,0.995,0.995,7.63687043484699e-123,"10","RNASET2"
"RPSA.3",6.72360010668675e-126,0.211942989524066,1,1,1.61346231760162e-121,"10","RPSA"
"EIF4A2.2",1.79417495448184e-125,-0.229241056356225,0.841,0.857,4.30548163827008e-121,"10","EIF4A2"
"USP53.4",2.06983181928649e-125,-0.251980746778396,0.631,0.68,4.96697541674178e-121,"10","USP53"
"MRPS16",4.0746312641598e-125,0.218208155403752,0.959,0.818,9.77789264460427e-121,"10","MRPS16"
"LINC01235.2",6.2140983494359e-125,0.302241685844492,0.988,0.872,1.49119718091413e-120,"10","LINC01235"
"FDFT1.6",1.6090506107662e-124,0.307564345606797,0.884,0.667,3.86123875065564e-120,"10","FDFT1"
"CCT5.2",3.23102360046702e-124,0.26641449412522,0.969,0.815,7.7534873340407e-120,"10","CCT5"
"RAB32.1",2.65917340564005e-123,-0.25530607185081,0.996,0.993,6.38121842151442e-119,"10","RAB32"
"KLF6",8.05378732448536e-123,0.200596237545863,0.854,0.597,1.93266734425675e-118,"10","KLF6"
"HMOX1.7",1.56476160921196e-122,-0.436761551777683,0.869,0.894,3.75495843362593e-118,"10","HMOX1"
"SLAMF7.2",2.56140250825198e-122,-0.223343699208624,0.49,0.605,6.14659759905228e-118,"10","SLAMF7"
"ADA2.3",2.85067928186608e-122,-0.253508246629455,0.683,0.739,6.84077507269404e-118,"10","ADA2"
"EIF1.1",3.6926842642141e-122,-0.209990936228941,1,1,8.86133442883458e-118,"10","EIF1"
"CD68.7",1.28664406726808e-121,-0.35611803717269,0.934,0.924,3.08755976822321e-117,"10","CD68"
"PLA2G7.7",2.757675852631e-120,-0.366216259347689,0.599,0.68,6.61759474355861e-116,"10","PLA2G7"
"CTSZ.4",5.5965674025689e-120,-0.279894713211633,0.999,0.997,1.34300827959446e-115,"10","CTSZ"
"SLBP.1",1.67825791664539e-119,0.259370353092044,0.791,0.57,4.02731552257393e-115,"10","SLBP"
"YWHAE.1",1.75737874165518e-119,0.224289146052268,0.996,0.975,4.21718176634993e-115,"10","YWHAE"
"RDX",2.12281282489648e-119,0.256156931471134,0.971,0.806,5.09411393590408e-115,"10","RDX"
"DIAPH1",1.01379574928218e-117,0.218777183161258,0.952,0.757,2.43280565955244e-113,"10","DIAPH1"
"C19orf48.1",1.99662926116297e-117,0.207297633126837,0.714,0.307,4.79131123801278e-113,"10","C19orf48"
"NEAT1.8",3.52135393020917e-117,-0.562164583405143,0.99,0.991,8.45019302632295e-113,"10","NEAT1"
"TNFRSF14.5",1.04104696981026e-116,-0.237642167228816,0.608,0.693,2.49820041345367e-112,"10","TNFRSF14"
"GNAI2.2",1.13254375864876e-116,0.21204410597316,1,1,2.71776525762942e-112,"10","GNAI2"
"IPO9",5.85098936799554e-116,0.20250579377239,0.812,0.457,1.40406191863789e-111,"10","IPO9"
"YWHAH.6",1.73645479558989e-115,0.246657435989893,0.999,0.99,4.16697057297707e-111,"10","YWHAH"
"ASRGL1",6.05958940970715e-115,0.208109815996988,0.61,0.215,1.45411967064742e-110,"10","ASRGL1"
"N4BP2L2.3",7.73228531840697e-115,-0.270368880934036,0.967,0.969,1.85551650785812e-110,"10","N4BP2L2"
"TUBA1A.3",2.94759957424768e-114,0.374981237844607,0.99,0.904,7.07335469832215e-110,"10","TUBA1A"
"DNAJC21",1.88491285990604e-112,0.21564216269633,0.935,0.729,4.52322538991653e-108,"10","DNAJC21"
"ATP6V0A1.1",5.95410521467862e-112,-0.240533090707238,0.736,0.805,1.42880662836643e-107,"10","ATP6V0A1"
"RBM25",6.16830388542212e-112,0.241191131101825,0.982,0.881,1.48020788338475e-107,"10","RBM25"
"PRDX3",2.11222545516731e-111,0.231850049000388,0.99,0.918,5.068707424765e-107,"10","PRDX3"
"SLC25A5",3.0765567175699e-111,0.216302520077996,1,0.999,7.38281315515248e-107,"10","SLC25A5"
"CREBRF.3",3.58099633132045e-111,-0.255385310055613,0.416,0.582,8.59331689626969e-107,"10","CREBRF"
"KIF5B.1",1.2208675550218e-110,0.244434004096161,0.988,0.895,2.92971587178581e-106,"10","KIF5B"
"ADORA3.2",1.35741542975379e-110,-0.200475192325005,0.884,0.876,3.25738980678017e-106,"10","ADORA3"
"SERPINB1",3.69611853600216e-110,-0.244726549376443,0.883,0.91,8.86957565084438e-106,"10","SERPINB1"
"G3BP1",5.78258700528789e-110,0.272623467616361,0.98,0.832,1.38764740365893e-105,"10","G3BP1"
"NINJ1.2",1.67101191356377e-109,-0.219055228095934,0.993,0.981,4.00992728897897e-105,"10","NINJ1"
"WDR26.1",2.76121314433162e-109,-0.208530076076465,0.725,0.762,6.62608318245259e-105,"10","WDR26"
"ERG28.1",5.24123130306845e-109,0.222603803775613,0.805,0.499,1.25773827579734e-104,"10","ERG28"
"RIF1.1",5.41718651860056e-109,0.244731980424645,0.859,0.57,1.29996224886858e-104,"10","RIF1"
"ALKBH7",1.3311230522966e-108,-0.251647329953914,0.908,0.931,3.19429598859614e-104,"10","ALKBH7"
"CHD4",5.57487890606784e-108,0.257268579579914,0.966,0.773,1.3378036910891e-103,"10","CHD4"
"CASP1",8.46241456886098e-108,-0.247945071466091,0.918,0.922,2.03072562408957e-103,"10","CASP1"
"KHSRP",1.21332826658001e-107,0.209595435628481,0.891,0.629,2.91162384131206e-103,"10","KHSRP"
"ANOS1.2",4.13322938089829e-107,-0.212841050191443,0.824,0.832,9.91851054534164e-103,"10","ANOS1"
"RECQL",5.61800176861141e-107,0.203366328798549,0.884,0.603,1.34815188441368e-102,"10","RECQL"
"PTBP1",1.52337438332747e-106,0.200949587723751,0.91,0.65,3.65564150767093e-102,"10","PTBP1"
"SF3A3.1",1.94830735162251e-106,0.227322944707572,0.904,0.63,4.67535315168854e-102,"10","SF3A3"
"NUDT8.3",1.4440143166596e-104,0.221409072388851,0.76,0.425,3.46520115568804e-100,"10","NUDT8"
"SRGN.7",2.10663122117905e-104,-0.388923651851787,0.996,0.996,5.05528294146337e-100,"10","SRGN"
"CPVL.5",3.82079313945637e-103,-0.297525426915253,0.721,0.756,9.16875729675344e-99,"10","CPVL"
"CSTB.4",1.2222020045703e-102,-0.323961319036748,0.999,0.999,2.93291815036734e-98,"10","CSTB"
"GGCT.1",6.57751184125901e-102,0.246016701681279,0.908,0.653,1.57840551654692e-97,"10","GGCT"
"TNFSF12",7.3174124846895e-102,-0.262982904757931,0.473,0.662,1.75595947395094e-97,"10","TNFSF12"
"PBRM1",7.45414408311749e-102,0.218102416324895,0.935,0.727,1.7887709556257e-97,"10","PBRM1"
"SMIM4.3",1.04572463366636e-101,-0.324556205201805,0.933,0.938,2.50942540340916e-97,"10","SMIM4"
"ITGAX.1",9.62132713401328e-101,-0.206417661395005,0.357,0.525,2.30882987234917e-96,"10","ITGAX"
"RPL5.3",4.75150881747907e-100,-0.251347173476761,1,1,1.14021957093045e-95,"10","RPL5"
"VIM.4",5.60457044984434e-100,0.248299943020857,1,0.998,1.34492877084915e-95,"10","VIM"
"RPL10",8.53210581019553e-100,-0.215229061583344,1,1,2.04744943127262e-95,"10","RPL10"
"ZEB2.4",2.34767775990542e-99,-0.246945921241712,0.807,0.841,5.63372232044505e-95,"10","ZEB2"
"SQLE.5",4.41859332581814e-99,0.304936486677,0.78,0.503,1.06032984039658e-94,"10","SQLE"
"MALAT1.5",8.70924392616334e-99,-0.312672990484822,0.999,0.999,2.08995726496142e-94,"10","MALAT1"
"RACK1",1.92194150098744e-98,-0.207697099883815,1,1,4.61208301991956e-94,"10","RACK1"
"SERPINB9.1",3.58154477097756e-98,-0.200008535654472,0.268,0.45,8.59463298691485e-94,"10","SERPINB9"
"TTYH3.5",7.96885754785598e-98,-0.21078296183309,0.887,0.857,1.912286745759e-93,"10","TTYH3"
"NUP62.1",1.18340256959323e-97,0.207334775989906,0.892,0.622,2.83981114625287e-93,"10","NUP62"
"CHCHD10.2",2.68608070976083e-97,-0.230388487325769,0.993,0.992,6.44578787921306e-93,"10","CHCHD10"
"AP1S2.5",2.98218712495946e-97,0.204322671612884,0.988,0.854,7.15635444376521e-93,"10","AP1S2"
"HDGF.1",3.94561160343062e-97,0.215318867313238,0.963,0.787,9.46828416475246e-93,"10","HDGF"
"RPL34.2",1.53318860829224e-96,-0.252118498482244,1,1,3.67919270331889e-92,"10","RPL34"
"TPM3.3",2.21335498879556e-96,0.263697350131504,0.996,0.993,5.31138796661271e-92,"10","TPM3"
"EIF5A.4",8.11590789470338e-96,0.208063426634273,0.988,0.909,1.94757441749197e-91,"10","EIF5A"
"RNF130",1.51399784483061e-95,-0.225809030558125,0.988,0.986,3.63314062824001e-91,"10","RNF130"
"SRSF4",1.76249536586337e-95,0.203364722751816,0.964,0.82,4.22946012946234e-91,"10","SRSF4"
"GABPB1-AS1",2.2155548018151e-95,-0.208202374085676,0.602,0.666,5.31666685791569e-91,"10","GABPB1-AS1"
"FCGR3A.5",2.31941979591189e-95,-0.201255042029143,0.168,0.277,5.56591168424977e-91,"10","FCGR3A"
"CALM2.3",5.48695086112048e-95,0.2591269175031,0.999,0.996,1.31670359814308e-90,"10","CALM2"
"TEX264.1",1.14098471302324e-94,-0.210160870167463,0.831,0.853,2.73802101584186e-90,"10","TEX264"
"NOP10.2",1.57653223548601e-94,-0.238219284338586,0.996,0.997,3.78320440549577e-90,"10","NOP10"
"HNRNPU.1",1.88546156992505e-94,0.267449511115534,0.999,0.979,4.52454212934913e-90,"10","HNRNPU"
"A1BG",4.45493344336388e-94,-0.20932319826026,0.764,0.812,1.06905037840403e-89,"10","A1BG"
"ATP6AP2.4",2.04550936285309e-93,-0.256792519666488,0.997,0.997,4.90860881803855e-89,"10","ATP6AP2"
"SNAP23",5.41983189658357e-92,-0.22099324350906,0.667,0.755,1.30059706022316e-87,"10","SNAP23"
"MSR1.5",6.70340052612961e-90,-0.248470222044147,0.27,0.367,1.60861502425532e-85,"10","MSR1"
"S100B.4",9.71182307769229e-90,-0.358152572001082,0.999,0.997,2.33054618395382e-85,"10","S100B"
"PKM",1.12544705426225e-89,0.228285467052884,1,0.999,2.70073529611312e-85,"10","PKM"
"CEP350.1",4.02633599550723e-89,0.235086746381959,0.965,0.839,9.66199848841869e-85,"10","CEP350"
"PRKAR1A.3",4.59313697539285e-89,-0.220220424566184,0.955,0.932,1.10221507998502e-84,"10","PRKAR1A"
"TNFAIP8L2.1",2.67844116169643e-88,-0.230460864567683,0.787,0.834,6.42745525572292e-84,"10","TNFAIP8L2"
"IL1B.4",3.57664680666522e-88,-0.414126467235728,0.721,0.794,8.58287934195453e-84,"10","IL1B"
"BIN2.1",6.09586167807151e-88,-0.208421890077895,0.947,0.93,1.46282392688682e-83,"10","BIN2"
"FADS2",4.06293560523719e-86,0.200207681371626,0.717,0.377,9.74982657188767e-82,"10","FADS2"
"ATP6AP1.6",6.5617074465263e-86,-0.21499053627677,0.94,0.911,1.57461293594292e-81,"10","ATP6AP1"
"MYL12A.1",1.20844730694069e-85,-0.263236505196791,1,1,2.89991100246557e-81,"10","MYL12A"
"LGALS1.5",2.15386399633409e-85,-0.363519141216728,0.999,0.999,5.16862743200291e-81,"10","LGALS1"
"NOP56.1",4.34222621578756e-85,0.246253573998248,0.908,0.667,1.04200402500254e-80,"10","NOP56"
"MT-ATP6.4",4.69306651581816e-85,0.237349497782581,0.998,1,1.12619517180088e-80,"10","MT-ATP6"
"RAP2B.4",1.37213857004821e-84,-0.200479607409625,0.654,0.644,3.29272092654469e-80,"10","RAP2B"
"SH3BGRL.1",6.41628279150944e-84,-0.261597492881718,0.999,0.998,1.53971538147852e-79,"10","SH3BGRL"
"FOXN3",1.93317750606676e-83,-0.200345370367374,0.957,0.954,4.63904606130841e-79,"10","FOXN3"
"ADAMDEC1.7",3.02773908442418e-83,-0.255721026855434,0.318,0.384,7.26566548089272e-79,"10","ADAMDEC1"
"RPL35A.1",3.32664160517464e-83,-0.206903306890559,1,1,7.98294185993759e-79,"10","RPL35A"
"PNRC1.3",9.53324507521668e-83,-0.26929123962731,0.894,0.937,2.28769282069975e-78,"10","PNRC1"
"TAF7",2.11677181877359e-82,-0.202897612312534,0.6,0.699,5.07961733351098e-78,"10","TAF7"
"ABCA1.7",4.75762836157282e-82,-0.303375303812945,0.182,0.337,1.14168807792663e-77,"10","ABCA1"
"SELENOP.7",1.01636406681372e-81,-0.320099426009618,0.271,0.353,2.43896885113288e-77,"10","SELENOP"
"LGMN.6",1.02965209220388e-81,-0.223197421892004,0.534,0.555,2.47085612566166e-77,"10","LGMN"
"ANXA1.4",4.8532556296595e-81,0.236133055170938,0.974,0.854,1.16463575344939e-76,"10","ANXA1"
"SLC29A1.4",9.95700506305914e-81,0.209903374808037,0.882,0.649,2.3893825049823e-76,"10","SLC29A1"
"ID2.3",4.33477699423154e-79,0.328211964918624,0.997,0.976,1.04021643530574e-74,"10","ID2"
"PSMA7",1.69650741294013e-78,0.206457268672675,1,0.995,4.07110883883243e-74,"10","PSMA7"
"LIMD2.2",2.66239558242452e-78,-0.282932109311613,0.506,0.651,6.38895067914411e-74,"10","LIMD2"
"SERINC1.2",2.01112671575487e-77,-0.209683421498899,0.855,0.846,4.82610077979696e-73,"10","SERINC1"
"MARCKSL1.3",6.92520590081843e-77,-0.235669870076533,0.819,0.805,1.6618416600194e-72,"10","MARCKSL1"
"KCNK6.2",7.87917820726243e-77,-0.225887077548843,0.81,0.849,1.89076639439677e-72,"10","KCNK6"
"RAD23A",8.63077979828632e-76,0.203988564788543,0.971,0.878,2.07112822819477e-71,"10","RAD23A"
"CXCL16.4",5.43252271715263e-74,-0.252759202061936,0.533,0.66,1.30364247643512e-69,"10","CXCL16"
"MAFB.5",2.03875093074298e-73,-0.239141743440986,0.835,0.824,4.89239060850394e-69,"10","MAFB"
"MCM6.1",8.80848983070172e-73,0.227071595894994,0.578,0.187,2.11377330467349e-68,"10","MCM6"
"PRDX1.3",1.14245068595108e-72,-0.231484594023667,0.996,1,2.74153891107681e-68,"10","PRDX1"
"APOE.8",1.99509647963702e-72,-0.535502051258605,0.576,0.611,4.78763302218496e-68,"10","APOE"
"ATOX1.6",3.31985849306265e-72,-0.225305850054905,0.999,0.989,7.96666442580245e-68,"10","ATOX1"
"GPNMB.9",1.67942983902764e-71,-0.665478769662594,0.114,0.225,4.03012778471464e-67,"10","GPNMB"
"BEX4.1",1.25927069036134e-70,-0.233133498744645,0.589,0.692,3.02187187566012e-66,"10","BEX4"
"BLVRB.5",9.34228370469802e-70,-0.203243929832646,0.917,0.912,2.24186782061638e-65,"10","BLVRB"
"SMYD3.6",1.05229111827488e-69,-0.21843036885171,0.636,0.647,2.52518299652423e-65,"10","SMYD3"
"COMMD6.2",8.00111371753955e-69,-0.268062477792282,0.997,0.997,1.92002725879797e-64,"10","COMMD6"
"CDKN1A.3",1.91130565009503e-67,0.308404455308928,0.859,0.646,4.58656016853304e-63,"10","CDKN1A"
"PGLS",4.57312367722068e-67,-0.210526703419637,0.988,0.98,1.09741248882265e-62,"10","PGLS"
"LGALS3.7",7.42731547186908e-67,-0.294722943633361,0.324,0.414,1.78233289378442e-62,"10","LGALS3"
"SUPT4H1",1.90319784134747e-66,-0.216008927617405,0.908,0.924,4.56710385988153e-62,"10","SUPT4H1"
"PAICS.1",4.52501556450929e-65,0.209579427626601,0.775,0.426,1.08586798501529e-60,"10","PAICS"
"EIF1AX.1",5.37073749150391e-65,0.222654423289158,0.985,0.887,1.28881587583619e-60,"10","EIF1AX"
"MT-ND5.6",1.50435665952338e-64,-0.286774113038659,0.997,0.997,3.61000467585824e-60,"10","MT-ND5"
"DNASE2.7",3.27824139851186e-64,-0.210212883240062,0.903,0.857,7.86679588400892e-60,"10","DNASE2"
"AGR2.4",9.19323574806469e-63,-0.200179313787541,0.455,0.495,2.20610078246308e-58,"10","AGR2"
"MS4A7.5",1.30488222447252e-62,-0.348209379871804,0.914,0.877,3.13132587406672e-58,"10","MS4A7"
"INSIG1.4",4.88228934362021e-62,0.243417432971708,0.76,0.483,1.17160297378854e-57,"10","INSIG1"
"BID.1",1.2280508962571e-61,-0.235098650358517,0.974,0.973,2.94695373574817e-57,"10","BID"
"S100A8.5",9.29858618438045e-61,0.376378518687217,0.937,0.755,2.23138172666578e-56,"10","S100A8"
"SOD2.4",8.49262298698248e-59,-0.259391976883399,0.713,0.694,2.03797473818619e-54,"10","SOD2"
"CCL3.8",2.44455485669603e-58,-0.391262784122214,0.127,0.246,5.86619828961346e-54,"10","CCL3"
"RPS27.1",1.46893810000392e-53,-0.207762077216775,1,1,3.52501075857942e-49,"10","RPS27"
"ZFP36L2.1",4.80464209379911e-53,0.210862260516301,0.999,0.988,1.15296996324897e-48,"10","ZFP36L2"
"CST3.4",5.86295884231809e-50,-0.334495211274514,1,1,1.40693423339107e-45,"10","CST3"
"ISG15.1",4.05762065230764e-48,-0.24410345862127,0.546,0.6,9.73707227934264e-44,"10","ISG15"
"ARL4C.6",7.09404252533695e-45,-0.228845949905193,0.55,0.626,1.70235738480511e-40,"10","ARL4C"
"TYMP.1",3.60607192907908e-44,-0.213449664183938,0.93,0.91,8.65349080821106e-40,"10","TYMP"
"IFI6.3",5.49809360809455e-43,-0.255092875790056,0.52,0.53,1.31937752313445e-38,"10","IFI6"
"B2M.1",2.25382830847733e-42,-0.20650211142527,1,1,5.40851179185304e-38,"10","B2M"
"RGS16.3",2.68007293842212e-41,0.297944385147236,0.736,0.504,6.43137103033156e-37,"10","RGS16"
"ID1",9.6029429698824e-41,0.208813782618244,0.274,0.12,2.30441822448268e-36,"10","ID1"
"CD14.6",7.61264881600458e-39,-0.345831339162863,0.565,0.576,1.82680733637662e-34,"10","CD14"
"KIAA1551.1",3.89769144307755e-35,-0.20021527986305,0.919,0.903,9.3532901559532e-31,"10","KIAA1551"
"NCL.5",1.15909233919601e-33,0.258453525310385,0.999,0.985,2.78147388636866e-29,"10","NCL"
"CST7.5",3.66633757458165e-33,-0.221566604804019,0.235,0.353,8.79811027772359e-29,"10","CST7"
"S100A11",1.97976614774121e-30,-0.207242342940118,1,1,4.75084482473457e-26,"10","S100A11"
"HSPD1.2",4.86543304466481e-27,0.24740602121674,0.986,0.925,1.16755796772821e-22,"10","HSPD1"
"HLA-DQB1.7",1.57842378034288e-26,-0.203407202261424,0.703,0.61,3.78774354568881e-22,"10","HLA-DQB1"
"AL034397.3.3",3.59273631711916e-26,-0.219174369483256,0.707,0.7,8.62148934019086e-22,"10","AL034397.3"
"HLA-DPB1.9",6.24049391519577e-24,-0.251575827331128,0.973,0.929,1.49753132482953e-19,"10","HLA-DPB1"
"TMIGD3.3",3.77059007302269e-22,-0.201531942524879,0.954,0.905,9.04828499823255e-18,"10","TMIGD3"
"SPP1.6",8.93153805971565e-21,-0.345243736343949,0.993,0.985,2.14330118818997e-16,"10","SPP1"
"CCL4.7",2.31766377947685e-17,-0.323132383467848,0.092,0.152,5.5616977716106e-13,"10","CCL4"
"NCF1.5",6.95403446429938e-16,-0.25594309535231,0.99,0.975,1.66875965039792e-11,"10","NCF1"
"TRPM4.2",3.21705672806264e-15,-0.204589068787367,0.482,0.518,7.71997103033191e-11,"10","TRPM4"
"CCL2.4",3.9160173334406e-14,0.276803272476639,0.624,0.413,9.39726679505741e-10,"10","CCL2"
"APOC1.7",1.31096414879936e-10,-0.247703399591462,0.836,0.694,3.14592066787382e-06,"10","APOC1"
"PPM1N.6",7.69535020881938e-10,-0.219455100630198,0.69,0.7,1.84665318961039e-05,"10","PPM1N"
"HLA-DQA1.8",2.15561058066305e-09,-0.253588951581631,0.583,0.53,5.17281871041713e-05,"10","HLA-DQA1"
"ISG15.2",0,2.25282244334871,0.997,0.594,0,"11","ISG15"
"MX1",0,1.71073140129964,0.993,0.204,0,"11","MX1"
"IFI6.4",0,1.52236841612261,0.976,0.525,0,"11","IFI6"
"IFIT1",0,1.50516460628849,0.867,0.059,0,"11","IFIT1"
"IFITM3",0,1.31305315305551,0.904,0.463,0,"11","IFITM3"
"IFIT3",0,1.1765918946916,0.822,0.071,0,"11","IFIT3"
"EPSTI1",0,1.00918432276701,0.938,0.339,0,"11","EPSTI1"
"STAT1",0,1.00357260881104,0.98,0.545,0,"11","STAT1"
"PARP14",0,1.00164572805127,0.982,0.658,0,"11","PARP14"
"LY6E",0,0.976474217595866,0.835,0.192,0,"11","LY6E"
"IFIT2",0,0.903071969639078,0.582,0.033,0,"11","IFIT2"
"RNF213",0,0.899962423159965,0.995,0.83,0,"11","RNF213"
"EIF2AK2",0,0.884585654884519,0.975,0.598,0,"11","EIF2AK2"
"MX2",0,0.880425519332991,0.818,0.051,0,"11","MX2"
"OAS3",0,0.813099405864913,0.877,0.145,0,"11","OAS3"
"SAMD9L",0,0.78016790013492,0.795,0.116,0,"11","SAMD9L"
"XAF1",0,0.754947733791189,0.82,0.102,0,"11","XAF1"
"HERC5.1",0,0.739010618572448,0.748,0.174,0,"11","HERC5"
"CMPK2",0,0.681850906756968,0.837,0.231,0,"11","CMPK2"
"PARP9",0,0.641097944441716,0.871,0.324,0,"11","PARP9"
"SP110",0,0.633383710146812,0.903,0.487,0,"11","SP110"
"UBE2L6",0,0.622521212299513,0.899,0.55,0,"11","UBE2L6"
"OAS1",0,0.593652769694134,0.854,0.311,0,"11","OAS1"
"RSAD2",0,0.58967127512137,0.412,0.038,0,"11","RSAD2"
"IFI35",0,0.57300938948148,0.861,0.442,0,"11","IFI35"
"TNFSF13B",0,0.57268274218356,0.723,0.267,0,"11","TNFSF13B"
"TNFSF10",0,0.543746683855007,0.618,0.246,0,"11","TNFSF10"
"OAS2",0,0.516799502690031,0.608,0.028,0,"11","OAS2"
"DDX60L",0,0.447820783253875,0.709,0.243,0,"11","DDX60L"
"IRF7",0,0.443577623300611,0.697,0.202,0,"11","IRF7"
"DDX58",0,0.41797759479716,0.561,0.097,0,"11","DDX58"
"OASL",0,0.382447572295239,0.499,0.019,0,"11","OASL"
"SAMD9",4.94065645841247e-322,0.507299563585114,0.625,0.227,1.18560933032524e-317,"11","SAMD9"
"USP18",1.6803335731951e-299,0.261631589620636,0.395,0.013,4.03229647559629e-295,"11","USP18"
"ISG20",6.52450345575875e-297,0.41706979201458,0.392,0.062,1.56568509427843e-292,"11","ISG20"
"APOL6",1.51772691286322e-295,0.43814105468551,0.692,0.314,3.64208927279788e-291,"11","APOL6"
"TRIM22",2.25123635521352e-292,0.54689279874421,0.929,0.628,5.40229188160588e-288,"11","TRIM22"
"BST2.5",3.50311286492622e-285,0.62878684742537,0.998,0.964,8.40641994196346e-281,"11","BST2"
"IFITM1",7.26206546195302e-285,0.356822621568288,0.494,0.048,1.74267784890487e-280,"11","IFITM1"
"LAP3",3.51111426334073e-267,0.536268019797387,0.983,0.885,8.42562089773876e-263,"11","LAP3"
"IFIH1",5.01883667592186e-247,0.354440134598967,0.582,0.204,1.20437023712097e-242,"11","IFIH1"
"HELZ2",7.57249286593925e-237,0.256424448592602,0.405,0.034,1.81717111303944e-232,"11","HELZ2"
"IFI16.1",4.3247815815011e-236,0.525083003903573,0.99,0.942,1.03781783611282e-231,"11","IFI16"
"DTX3L",1.34209879448614e-228,0.374415147664868,0.746,0.402,3.22063447712839e-224,"11","DTX3L"
"DDX60",1.05237820527301e-226,0.303950435454021,0.509,0.113,2.52539197919365e-222,"11","DDX60"
"PLSCR1.2",3.0124539596133e-225,0.523594786427612,0.946,0.729,7.22898576688404e-221,"11","PLSCR1"
"MT2A.1",6.11876589011906e-217,0.662545527937191,0.481,0.094,1.46832025065187e-212,"11","MT2A"
"IFITM2.5",3.64771604254376e-199,0.613927543430089,0.931,0.766,8.75342418729226e-195,"11","IFITM2"
"ADAR",1.15409761148109e-198,0.423321211555388,0.931,0.778,2.76948803827117e-194,"11","ADAR"
"RABGAP1L",5.33438861750155e-192,0.378418658837991,0.768,0.427,1.28009323654185e-187,"11","RABGAP1L"
"HERC6",2.6992348027917e-171,0.246410729526772,0.467,0.108,6.47735375625925e-167,"11","HERC6"
"IFI44",1.17549419837118e-161,0.2365832395507,0.271,0.04,2.82083342783131e-157,"11","IFI44"
"PNPT1",1.52077575695885e-157,0.300607446482734,0.627,0.28,3.64940558397416e-153,"11","PNPT1"
"STAT2",1.35138207502494e-153,0.349069412234392,0.771,0.483,3.24291156543735e-149,"11","STAT2"
"C19orf66",3.95035834378771e-147,0.309342619130184,0.692,0.383,9.47967491758737e-143,"11","C19orf66"
"NMI",1.14891837107139e-139,0.309244550021794,0.719,0.416,2.75705941506001e-135,"11","NMI"
"IFI44L",1.56040563606505e-139,0.27677601899265,0.173,0.004,3.7445054048653e-135,"11","IFI44L"
"TRIM14",4.55305481934196e-128,0.288824032854627,0.64,0.322,1.09259656499749e-123,"11","TRIM14"
"IFIT5",5.43387991304691e-126,0.209026524442275,0.395,0.09,1.30396816273387e-121,"11","IFIT5"
"NT5C3A",2.64551556711766e-121,0.24677913207359,0.509,0.314,6.34844370641225e-117,"11","NT5C3A"
"TRIM25",3.04219226313539e-119,0.281007996132267,0.726,0.444,7.30034877384599e-115,"11","TRIM25"
"SSB",1.81367124866473e-116,0.358288299995198,0.961,0.858,4.35226689542075e-112,"11","SSB"
"B2M.2",2.45504526626495e-114,0.296876055971615,1,1,5.891372125456e-110,"11","B2M"
"PSME2.6",1.9357765998477e-101,0.3994554815951,0.971,0.877,4.64528310665452e-97,"11","PSME2"
"CHMP5",9.32400141871351e-98,0.303084053669652,0.923,0.812,2.23748062044868e-93,"11","CHMP5"
"SIGLEC1.1",3.42091971791529e-97,0.25288672630009,0.422,0.107,8.20918104708131e-93,"11","SIGLEC1"
"TYMP.2",1.30477890108928e-96,0.401407498737701,0.982,0.909,3.13107792894395e-92,"11","TYMP"
"TRIM5",1.82470569621356e-88,0.229901551388607,0.615,0.325,4.37874625920367e-84,"11","TRIM5"
"SHISA5",6.98356394138851e-85,0.261212744303464,0.825,0.567,1.675845839015e-80,"11","SHISA5"
"PSMB9.1",2.3980519556284e-84,0.293433511637789,0.563,0.298,5.75460527792146e-80,"11","PSMB9"
"PML",1.22682482027456e-72,0.203055225150955,0.568,0.307,2.94401152121287e-68,"11","PML"
"TFEC",1.10266143371695e-71,0.272020311222531,0.844,0.712,2.64605664249057e-67,"11","TFEC"
"HLA-E.2",1.702847470868e-71,0.307541205229437,0.971,0.916,4.08632307584193e-67,"11","HLA-E"
"TRIM56",1.13252261627272e-69,0.254331955375321,0.756,0.581,2.71771452226966e-65,"11","TRIM56"
"LGALS9",4.57932432082395e-68,0.272612190626032,0.886,0.709,1.09890045726812e-63,"11","LGALS9"
"DNAJA1.1",2.44204302357684e-64,0.280897087182157,0.976,0.929,5.86017064367734e-60,"11","DNAJA1"
"XRN1",1.95502206170556e-63,0.20627577444226,0.605,0.457,4.69146644147483e-59,"11","XRN1"
"GMPR",2.55592041368776e-62,0.217788703890056,0.45,0.207,6.13344221672651e-58,"11","GMPR"
"ZC3HAV1",1.83395399790065e-60,0.22409224541782,0.667,0.501,4.40093940876219e-56,"11","ZC3HAV1"
"RTCB",1.54833940015855e-59,0.235938470606433,0.897,0.805,3.71555005856047e-55,"11","RTCB"
"HLA-C.1",2.08625268082332e-54,0.291620655127856,0.995,0.989,5.00638055817172e-50,"11","HLA-C"
"PPM1K",1.68259648940146e-53,0.201178876507653,0.534,0.342,4.03772679561669e-49,"11","PPM1K"
"UNC93B1",3.25771629567069e-51,0.215039592414069,0.81,0.624,7.81754179472096e-47,"11","UNC93B1"
"MARCKS.4",3.37655627664915e-46,0.269555939727736,0.998,0.991,8.10272209707497e-42,"11","MARCKS"
"TENT5A",7.69315810873709e-43,0.204712057455831,0.699,0.551,1.84612715135364e-38,"11","TENT5A"
"DRAP1.1",1.65432935360988e-42,0.221948499086238,0.99,0.979,3.96989414985762e-38,"11","DRAP1"
"TMSB10.3",1.01466046289158e-39,0.213597228705698,1,1,2.43488071280093e-35,"11","TMSB10"
"HLA-B.1",9.82652430119758e-35,0.309282551695258,0.924,0.885,2.35807103655838e-30,"11","HLA-B"
"FGL2.4",8.81143513816955e-29,0.303298295007802,0.724,0.594,2.11448009010655e-24,"11","FGL2"
"MNDA.2",7.32930400037941e-26,0.218229288068463,0.455,0.268,1.75881308097105e-21,"11","MNDA"
"C1QA.9",8.46942400493088e-22,0.200691438087237,1,0.999,2.03240767846326e-17,"11","C1QA"
"TIMP1.3",2.92616721940653e-20,0.287212926667182,0.985,0.969,7.02192347640984e-16,"11","TIMP1"
"CKB.7",1.66725401643675e-19,0.229511530089674,0.797,0.65,4.00090946324327e-15,"11","CKB"
"VIM.5",2.28657393099137e-19,-0.21597126760964,0.993,0.998,5.4870914622e-15,"11","VIM"
"MTRNR2L12.7",4.77954189158886e-15,-0.238373196078193,0.995,0.997,1.14694666772458e-10,"11","MTRNR2L12"
"HTRA1.4",1.58494600365903e-14,-0.224450477047607,0.713,0.802,3.80339492498058e-10,"11","HTRA1"
"CCL2.5",1.02041801367326e-13,0.388174627499014,0.501,0.417,2.44869710741173e-09,"11","CCL2"
"APOC1.8",2.2628475351203e-12,-0.400359481236635,0.583,0.698,5.43015523002818e-08,"11","APOC1"
"STMN1.8",8.80691253454727e-12,-0.312883121251438,0.911,0.936,2.11339480091531e-07,"11","STMN1"
"CTSD.9",2.74280664903519e-11,-0.345218887530152,0.98,0.99,6.58191311568975e-07,"11","CTSD"
"H2AFZ.8",5.10214938145519e-10,-0.254171671135753,0.985,0.993,1.2243627870678e-05,"11","H2AFZ"
"HLA-DPA1.8",5.49360820447072e-10,0.222072082907012,0.993,0.979,1.31830116082684e-05,"11","HLA-DPA1"
"HLA-DRB1.6",2.63932216267429e-09,0.219886804198726,0.992,0.979,6.33358139376949e-05,"11","HLA-DRB1"
"GPNMB.10",2.68210788173738e-09,-0.509483839123643,0.134,0.223,6.43625428380519e-05,"11","GPNMB"
"MTRNR2L1.8",2.9309012028392e-09,-0.28108706481569,0.945,0.956,7.03328361645323e-05,"11","MTRNR2L1"
"PCLAF.10",4.10187519922171e-09,-0.272172494939732,0.104,0.189,9.84326991557233e-05,"11","PCLAF"
"MTRNR2L8.8",1.00454498086374e-08,-0.210531511296553,0.988,0.988,0.000241060659057871,"11","MTRNR2L8"
"ASAH1.9",1.11198546309732e-08,-0.322848430868928,0.943,0.957,0.000266843151579465,"11","ASAH1"
"CTSL.8",1.13122842819612e-08,-0.290889131771774,0.671,0.704,0.000271460885914224,"11","CTSL"
"TYMS.10",2.16725487065711e-08,-0.215294870406455,0.062,0.129,0.000520076151311586,"11","TYMS"
"PLA2G7.8",5.23081513390372e-08,-0.201371950560047,0.64,0.678,0.00125523870768288,"11","PLA2G7"
"TOP2A.10",6.37590896630834e-08,-0.357331206307678,0.18,0.255,0.00153002687464501,"11","TOP2A"
"HMGB2.9",1.33249057517601e-07,-0.287954097460302,0.457,0.523,0.00319757763324986,"11","HMGB2"
"CENPF.9",5.1865817070336e-07,-0.321578553814892,0.119,0.191,0.0124462401223685,"11","CENPF"
